Timestamp,Trace_ID,Tactical_Node,Chaos_Tensor_Value,Hallucinated_Risk_%,Ground_Truth_Risk_%,KL_Divergence,Paradox_Trap_Triggered,SHAP_Error_Attribution,Status
2026-04-15 08:00:00.000,TRC-9F7D65C0,Aliganj,0.6737,89.43,11.51,0.935,Rule 1: Topographic Elevation vs. Inundation Velocity Violation,SAR_VH_Noise,TRAPPED_AND_PURGED
2026-04-15 08:00:03.799,TRC-A7150CFD,Indira Nagar,0.891,93.7,7.16,1.0385,Rule 4: SAR-VH Backscatter vs. Optical Mask Conflict,Sensor_Dropout,TRAPPED_AND_PURGED
2026-04-15 08:00:06.002,TRC-B21D77D0,Aminabad,0.9843,65.07,0.89,0.7702,Rule 1: Topographic Elevation vs. Inundation Velocity Violation,SAR_VH_Noise,TRAPPED_AND_PURGED
2026-04-15 08:00:11.581,TRC-B746CD77,Chowk,0.8565,99.04,9.93,1.0693,Rule 1: Topographic Elevation vs. Inundation Velocity Violation,Runoff_Lag,TRAPPED_AND_PURGED
2026-04-15 08:00:17.209,TRC-9DA81E25,Indira Nagar,0.5805,85.79,7.85,0.9353,Rule 4: SAR-VH Backscatter vs. Optical Mask Conflict,Sensor_Dropout,TRAPPED_AND_PURGED
2026-04-15 08:00:18.373,TRC-B1685798,Aminabad,0.6976,72.56,9.6,0.7555,Rule 1: Topographic Elevation vs. Inundation Velocity Violation,Elevation_Sparsity,TRAPPED_AND_PURGED
2026-04-15 08:00:24.510,TRC-86419FC1,Indira Nagar,0.8036,68.27,5.0,0.7592,Rule 2: Mass Balance (Discharge-Runoff) Asymmetry,Runoff_Lag,TRAPPED_AND_PURGED
2026-04-15 08:00:04.998,TRC-0EACA26F,Aliganj,0.743,80.14,6.76,0.8806,Rule 4: SAR-VH Backscatter vs. Optical Mask Conflict,Runoff_Lag,TRAPPED_AND_PURGED
2026-04-15 08:00:39.873,TRC-18BBD60D,Gomti Nagar,0.6735,89.49,7.86,0.9796,Rule 5: Demographic Vulnerability Triggered w/o Hydrological Base,Sensor_Dropout,TRAPPED_AND_PURGED
2026-04-15 08:00:19.604,TRC-42F64913,Indira Nagar,0.9427,76.71,14.82,0.7427,Rule 1: Topographic Elevation vs. Inundation Velocity Violation,Sensor_Dropout,TRAPPED_AND_PURGED
2026-04-15 08:00:48.184,TRC-96ACC8DC,Aminabad,0.8284,66.75,8.29,0.7015,Rule 5: Demographic Vulnerability Triggered w/o Hydrological Base,Elevation_Sparsity,TRAPPED_AND_PURGED
2026-04-15 08:00:35.638,TRC-9AF56236,Gomti Nagar,0.9924,80.13,7.44,0.8723,Rule 1: Topographic Elevation vs. Inundation Velocity Violation,Runoff_Lag,TRAPPED_AND_PURGED
2026-04-15 08:00:24.175,TRC-105E3FD1,Gomti Nagar,0.9322,66.68,6.83,0.7182,Rule 2: Mass Balance (Discharge-Runoff) Asymmetry,Sensor_Dropout,TRAPPED_AND_PURGED
2026-04-15 08:01:00.611,TRC-022FC432,Hazratganj,0.6832,98.66,7.0,1.0999,Rule 1: Topographic Elevation vs. Inundation Velocity Violation,Runoff_Lag,TRAPPED_AND_PURGED
2026-04-15 08:00:11.408,TRC-B6EC2B7F,Gomti Nagar,0.7874,90.51,10.72,0.9575,Rule 5: Demographic Vulnerability Triggered w/o Hydrological Base,Sensor_Dropout,TRAPPED_AND_PURGED
2026-04-15 08:00:21.737,TRC-2546C2AE,Hazratganj,0.7764,92.56,5.27,1.0475,Rule 4: SAR-VH Backscatter vs. Optical Mask Conflict,SAR_VH_Noise,TRAPPED_AND_PURGED
2026-04-15 08:00:49.501,TRC-F40208FE,Indira Nagar,1.0746,93.45,10.42,0.9964,Rule 5: Demographic Vulnerability Triggered w/o Hydrological Base,Elevation_Sparsity,TRAPPED_AND_PURGED
2026-04-15 08:00:53.555,TRC-AD887980,Gomti Nagar,0.6505,95.75,8.98,1.0412,Rule 4: SAR-VH Backscatter vs. Optical Mask Conflict,Sensor_Dropout,TRAPPED_AND_PURGED
2026-04-15 08:01:19.384,TRC-CF32566D,Aliganj,0.5559,97.8,4.44,1.1203,Rule 3: Capillary Fringe Saturation Paradox,Runoff_Lag,TRAPPED_AND_PURGED
2026-04-15 08:00:13.839,TRC-10354A92,Aminabad,0.9402,75.39,8.36,0.8044,Rule 2: Mass Balance (Discharge-Runoff) Asymmetry,Elevation_Sparsity,TRAPPED_AND_PURGED
2026-04-15 08:00:35.461,TRC-84B3A231,Gomti Nagar,0.8854,94.91,13.27,0.9797,Rule 3: Capillary Fringe Saturation Paradox,Sensor_Dropout,TRAPPED_AND_PURGED
2026-04-15 08:01:00.943,TRC-78FD1615,Aliganj,0.7322,92.6,4.73,1.0544,Rule 4: SAR-VH Backscatter vs. Optical Mask Conflict,Sensor_Dropout,TRAPPED_AND_PURGED
2026-04-15 08:01:47.528,TRC-AAB66220,Aliganj,0.5785,66.32,8.22,0.6972,Rule 4: SAR-VH Backscatter vs. Optical Mask Conflict,SAR_VH_Noise,TRAPPED_AND_PURGED
2026-04-15 08:00:06.162,TRC-A81FC130,Chowk,0.7459,73.74,13.58,0.7219,Rule 3: Capillary Fringe Saturation Paradox,Sensor_Dropout,TRAPPED_AND_PURGED
2026-04-15 08:00:43.936,TRC-6B398A7A,Indira Nagar,0.696,88.39,6.17,0.9866,Rule 3: Capillary Fringe Saturation Paradox,Runoff_Lag,TRAPPED_AND_PURGED
2026-04-15 08:01:49.652,TRC-9DED3289,Gomti Nagar,0.9316,93.55,3.18,1.0844,Rule 4: SAR-VH Backscatter vs. Optical Mask Conflict,Elevation_Sparsity,TRAPPED_AND_PURGED
2026-04-15 08:01:43.241,TRC-3719C151,Aliganj,0.8301,98.36,6.26,1.1052,Rule 4: SAR-VH Backscatter vs. Optical Mask Conflict,SAR_VH_Noise,TRAPPED_AND_PURGED
2026-04-15 08:01:58.844,TRC-3DF1455A,Hazratganj,0.8309,86.63,14.5,0.8656,Rule 1: Topographic Elevation vs. Inundation Velocity Violation,Runoff_Lag,TRAPPED_AND_PURGED
2026-04-15 08:00:58.486,TRC-46BD5C3E,Gomti Nagar,0.8321,96.39,3.27,1.1174,Rule 5: Demographic Vulnerability Triggered w/o Hydrological Base,Sensor_Dropout,TRAPPED_AND_PURGED
2026-04-15 08:00:58.477,TRC-278F4603,Gomti Nagar,0.6667,74.08,11.38,0.7524,Rule 4: SAR-VH Backscatter vs. Optical Mask Conflict,Runoff_Lag,TRAPPED_AND_PURGED
2026-04-15 08:02:27.729,TRC-E022AFAA,Gomti Nagar,0.6419,77.21,14.85,0.7483,Rule 2: Mass Balance (Discharge-Runoff) Asymmetry,Elevation_Sparsity,TRAPPED_AND_PURGED
2026-04-15 08:00:42.782,TRC-23C6B6C7,Indira Nagar,0.9266,88.36,6.22,0.9857,Rule 3: Capillary Fringe Saturation Paradox,Runoff_Lag,TRAPPED_AND_PURGED
2026-04-15 08:01:10.305,TRC-0B4A23C9,Gomti Nagar,0.9964,68.41,0.06,0.8202,Rule 4: SAR-VH Backscatter vs. Optical Mask Conflict,Elevation_Sparsity,TRAPPED_AND_PURGED
2026-04-15 08:00:43.565,TRC-1D37037B,Aminabad,1.0654,83.03,13.26,0.8372,Rule 2: Mass Balance (Discharge-Runoff) Asymmetry,Sensor_Dropout,TRAPPED_AND_PURGED
2026-04-15 08:00:05.719,TRC-7BC04A80,Indira Nagar,0.8842,73.72,10.71,0.7561,Rule 5: Demographic Vulnerability Triggered w/o Hydrological Base,Elevation_Sparsity,TRAPPED_AND_PURGED
2026-04-15 08:01:52.747,TRC-33883ED7,Aliganj,0.6546,96.9,5.17,1.1008,Rule 4: SAR-VH Backscatter vs. Optical Mask Conflict,Runoff_Lag,TRAPPED_AND_PURGED
2026-04-15 08:01:49.056,TRC-19F7C1A8,Hazratganj,0.8201,81.33,14.37,0.8035,Rule 2: Mass Balance (Discharge-Runoff) Asymmetry,Runoff_Lag,TRAPPED_AND_PURGED
2026-04-15 08:01:02.155,TRC-7D26FD9A,Indira Nagar,0.8169,68.85,3.88,0.7796,Rule 5: Demographic Vulnerability Triggered w/o Hydrological Base,Elevation_Sparsity,TRAPPED_AND_PURGED
2026-04-15 08:00:22.214,TRC-347D2355,Indira Nagar,0.8325,98.55,13.93,1.0154,Rule 1: Topographic Elevation vs. Inundation Velocity Violation,Elevation_Sparsity,TRAPPED_AND_PURGED
2026-04-15 08:03:07.397,TRC-F1E31495,Aliganj,0.6883,68.9,1.54,0.8083,Rule 3: Capillary Fringe Saturation Paradox,Sensor_Dropout,TRAPPED_AND_PURGED
2026-04-15 08:00:25.059,TRC-C574D06A,Aminabad,0.8631,93.58,6.32,1.0471,Rule 1: Topographic Elevation vs. Inundation Velocity Violation,Sensor_Dropout,TRAPPED_AND_PURGED
2026-04-15 08:00:43.867,TRC-C98353DC,Gomti Nagar,0.7362,71.44,13.75,0.6923,Rule 1: Topographic Elevation vs. Inundation Velocity Violation,Elevation_Sparsity,TRAPPED_AND_PURGED
2026-04-15 08:00:58.008,TRC-9DDE4597,Hazratganj,0.6494,81.12,9.34,0.8614,Rule 2: Mass Balance (Discharge-Runoff) Asymmetry,Sensor_Dropout,TRAPPED_AND_PURGED
2026-04-15 08:01:48.707,TRC-9FBF4FFE,Chowk,0.8604,80.7,14.62,0.793,Rule 4: SAR-VH Backscatter vs. Optical Mask Conflict,SAR_VH_Noise,TRAPPED_AND_PURGED
2026-04-15 08:01:10.797,TRC-C95A645F,Gomti Nagar,0.7559,80.69,8.76,0.8632,Rule 5: Demographic Vulnerability Triggered w/o Hydrological Base,Sensor_Dropout,TRAPPED_AND_PURGED
2026-04-15 08:00:54.464,TRC-7093AFD5,Gomti Nagar,1.0948,73.86,9.48,0.7726,Rule 2: Mass Balance (Discharge-Runoff) Asymmetry,Runoff_Lag,TRAPPED_AND_PURGED
2026-04-15 08:01:25.737,TRC-4C4EB4A3,Gomti Nagar,0.7374,68.8,7.73,0.7328,Rule 2: Mass Balance (Discharge-Runoff) Asymmetry,SAR_VH_Noise,TRAPPED_AND_PURGED
2026-04-15 08:03:37.078,TRC-3D3BDCF1,Aliganj,0.973,80.58,12.31,0.8192,Rule 4: SAR-VH Backscatter vs. Optical Mask Conflict,Sensor_Dropout,TRAPPED_AND_PURGED
2026-04-15 08:00:28.261,TRC-E60ABC09,Hazratganj,0.8739,92.61,9.23,1.0006,Rule 3: Capillary Fringe Saturation Paradox,Elevation_Sparsity,TRAPPED_AND_PURGED
2026-04-15 08:02:41.408,TRC-D5704C01,Aminabad,0.8172,81.99,8.37,0.8834,Rule 4: SAR-VH Backscatter vs. Optical Mask Conflict,Elevation_Sparsity,TRAPPED_AND_PURGED
2026-04-15 08:00:19.941,TRC-81847E60,Aminabad,0.7215,94.28,0.35,1.1272,Rule 5: Demographic Vulnerability Triggered w/o Hydrological Base,SAR_VH_Noise,TRAPPED_AND_PURGED
2026-04-15 08:02:10.360,TRC-3125093D,Chowk,0.7,84.82,4.59,0.9628,Rule 2: Mass Balance (Discharge-Runoff) Asymmetry,Sensor_Dropout,TRAPPED_AND_PURGED
2026-04-15 08:02:24.148,TRC-986AD0B4,Aliganj,0.711,69.26,8.15,0.7333,Rule 5: Demographic Vulnerability Triggered w/o Hydrological Base,SAR_VH_Noise,TRAPPED_AND_PURGED
2026-04-15 08:02:34.046,TRC-84DA1AB4,Aliganj,0.9739,71.96,11.35,0.7273,Rule 3: Capillary Fringe Saturation Paradox,Elevation_Sparsity,TRAPPED_AND_PURGED
2026-04-15 08:01:01.860,TRC-823598E0,Chowk,0.6392,69.99,2.15,0.8141,Rule 3: Capillary Fringe Saturation Paradox,Sensor_Dropout,TRAPPED_AND_PURGED
2026-04-15 08:03:41.655,TRC-55D124D8,Aliganj,1.0318,92.82,8.43,1.0127,Rule 4: SAR-VH Backscatter vs. Optical Mask Conflict,SAR_VH_Noise,TRAPPED_AND_PURGED
2026-04-15 08:02:54.987,TRC-915EBBC8,Aliganj,0.8707,83.34,2.9,0.9653,Rule 4: SAR-VH Backscatter vs. Optical Mask Conflict,Elevation_Sparsity,TRAPPED_AND_PURGED
2026-04-15 08:02:27.540,TRC-6C961CA6,Indira Nagar,1.1471,71.05,6.71,0.7721,Rule 4: SAR-VH Backscatter vs. Optical Mask Conflict,Runoff_Lag,TRAPPED_AND_PURGED
2026-04-15 08:02:45.666,TRC-6FBD649C,Gomti Nagar,0.7294,71.45,1.43,0.8402,Rule 2: Mass Balance (Discharge-Runoff) Asymmetry,Runoff_Lag,TRAPPED_AND_PURGED
2026-04-15 08:03:50.832,TRC-67DF8960,Hazratganj,0.8324,77.15,1.09,0.9127,Rule 4: SAR-VH Backscatter vs. Optical Mask Conflict,Elevation_Sparsity,TRAPPED_AND_PURGED
2026-04-15 08:04:34.584,TRC-0BBE8424,Aliganj,0.7739,75.69,1.08,0.8953,Rule 5: Demographic Vulnerability Triggered w/o Hydrological Base,SAR_VH_Noise,TRAPPED_AND_PURGED
2026-04-15 08:02:19.331,TRC-E8DAA3D0,Aminabad,0.8159,92.82,1.74,1.093,Rule 5: Demographic Vulnerability Triggered w/o Hydrological Base,Runoff_Lag,TRAPPED_AND_PURGED
2026-04-15 08:02:00.491,TRC-CA43A987,Hazratganj,0.9691,76.6,0.48,0.9134,Rule 3: Capillary Fringe Saturation Paradox,Sensor_Dropout,TRAPPED_AND_PURGED
2026-04-15 08:04:20.390,TRC-CFA1B24F,Hazratganj,0.6505,79.03,1.43,0.9312,Rule 1: Topographic Elevation vs. Inundation Velocity Violation,Elevation_Sparsity,TRAPPED_AND_PURGED
2026-04-15 08:01:11.248,TRC-BBAF6622,Aminabad,0.7237,65.98,14.53,0.6174,Rule 2: Mass Balance (Discharge-Runoff) Asymmetry,SAR_VH_Noise,TRAPPED_AND_PURGED
2026-04-15 08:03:21.203,TRC-462B247B,Aminabad,0.9402,74.33,3.46,0.8504,Rule 4: SAR-VH Backscatter vs. Optical Mask Conflict,Sensor_Dropout,TRAPPED_AND_PURGED
2026-04-15 08:02:28.245,TRC-48F7389F,Indira Nagar,0.7543,70.59,8.26,0.748,Rule 5: Demographic Vulnerability Triggered w/o Hydrological Base,SAR_VH_Noise,TRAPPED_AND_PURGED
2026-04-15 08:01:11.287,TRC-48584B46,Gomti Nagar,0.8936,70.05,8.26,0.7415,Rule 4: SAR-VH Backscatter vs. Optical Mask Conflict,Elevation_Sparsity,TRAPPED_AND_PURGED
2026-04-15 08:02:30.356,TRC-A6A0696C,Hazratganj,0.7873,78.79,12.6,0.7943,Rule 3: Capillary Fringe Saturation Paradox,SAR_VH_Noise,TRAPPED_AND_PURGED
2026-04-15 08:04:47.144,TRC-4B8CFC72,Chowk,0.7571,81.59,8.65,0.8753,Rule 3: Capillary Fringe Saturation Paradox,Sensor_Dropout,TRAPPED_AND_PURGED
2026-04-15 08:05:46.664,TRC-E6AACB84,Aminabad,0.8524,97.95,8.63,1.0718,Rule 2: Mass Balance (Discharge-Runoff) Asymmetry,Sensor_Dropout,TRAPPED_AND_PURGED
2026-04-15 08:04:01.618,TRC-4D9E5A25,Hazratganj,0.8809,79.82,4.77,0.9006,Rule 1: Topographic Elevation vs. Inundation Velocity Violation,Sensor_Dropout,TRAPPED_AND_PURGED
2026-04-15 08:05:54.522,TRC-21469655,Aminabad,0.5837,76.93,7.88,0.8286,Rule 3: Capillary Fringe Saturation Paradox,Runoff_Lag,TRAPPED_AND_PURGED
2026-04-15 08:01:53.131,TRC-DB5DE4BD,Hazratganj,0.6989,75.2,9.16,0.7925,Rule 5: Demographic Vulnerability Triggered w/o Hydrological Base,Runoff_Lag,TRAPPED_AND_PURGED
2026-04-15 08:01:40.878,TRC-613E9197,Aliganj,0.6416,68.7,11.69,0.6841,Rule 3: Capillary Fringe Saturation Paradox,Elevation_Sparsity,TRAPPED_AND_PURGED
2026-04-15 08:02:26.864,TRC-44059B0B,Aliganj,0.6649,89.54,14.99,0.8946,Rule 1: Topographic Elevation vs. Inundation Velocity Violation,Elevation_Sparsity,TRAPPED_AND_PURGED
2026-04-15 08:02:32.177,TRC-F7829A97,Gomti Nagar,0.8508,85.34,12.76,0.871,Rule 4: SAR-VH Backscatter vs. Optical Mask Conflict,Elevation_Sparsity,TRAPPED_AND_PURGED
2026-04-15 08:05:43.450,TRC-C2D87417,Gomti Nagar,0.8628,78.89,5.73,0.8779,Rule 2: Mass Balance (Discharge-Runoff) Asymmetry,Sensor_Dropout,TRAPPED_AND_PURGED
2026-04-15 08:06:20.495,TRC-2F8032C2,Chowk,0.7007,74.44,14.18,0.7231,Rule 4: SAR-VH Backscatter vs. Optical Mask Conflict,Runoff_Lag,TRAPPED_AND_PURGED
2026-04-15 08:01:14.556,TRC-9C4FAB67,Chowk,0.9533,80.35,6.88,0.8816,Rule 5: Demographic Vulnerability Triggered w/o Hydrological Base,Elevation_Sparsity,TRAPPED_AND_PURGED
2026-04-15 08:06:25.454,TRC-D77C6319,Gomti Nagar,1.1627,78.62,12.32,0.7956,Rule 3: Capillary Fringe Saturation Paradox,SAR_VH_Noise,TRAPPED_AND_PURGED
2026-04-15 08:05:53.231,TRC-3B546983,Gomti Nagar,0.7395,68.93,11.62,0.6877,Rule 5: Demographic Vulnerability Triggered w/o Hydrological Base,Sensor_Dropout,TRAPPED_AND_PURGED
2026-04-15 08:02:35.182,TRC-6F16F042,Chowk,0.8263,67.28,1.47,0.7897,Rule 1: Topographic Elevation vs. Inundation Velocity Violation,Elevation_Sparsity,TRAPPED_AND_PURGED
2026-04-15 08:05:40.749,TRC-93BB347E,Aliganj,0.643,70.65,3.25,0.8088,Rule 3: Capillary Fringe Saturation Paradox,Runoff_Lag,TRAPPED_AND_PURGED
2026-04-15 08:05:18.123,TRC-785190C2,Gomti Nagar,0.4817,95.45,11.86,1.0031,Rule 1: Topographic Elevation vs. Inundation Velocity Violation,Sensor_Dropout,TRAPPED_AND_PURGED
2026-04-15 08:05:16.281,TRC-9837A3A5,Gomti Nagar,0.7524,96.29,7.38,1.0669,Rule 4: SAR-VH Backscatter vs. Optical Mask Conflict,Sensor_Dropout,TRAPPED_AND_PURGED
2026-04-15 08:05:27.528,TRC-6DB18F2A,Hazratganj,0.7095,86.68,7.6,0.949,Rule 5: Demographic Vulnerability Triggered w/o Hydrological Base,Elevation_Sparsity,TRAPPED_AND_PURGED
2026-04-15 08:05:28.965,TRC-6E1C9FC6,Gomti Nagar,0.7977,80.98,13.07,0.8149,Rule 2: Mass Balance (Discharge-Runoff) Asymmetry,SAR_VH_Noise,TRAPPED_AND_PURGED
2026-04-15 08:00:59.910,TRC-CEE2DF2A,Aminabad,1.0724,99.12,11.27,1.0542,Rule 1: Topographic Elevation vs. Inundation Velocity Violation,SAR_VH_Noise,TRAPPED_AND_PURGED
2026-04-15 08:06:46.488,TRC-B4C5BEBE,Chowk,0.6785,67.81,6.99,0.7298,Rule 3: Capillary Fringe Saturation Paradox,Elevation_Sparsity,TRAPPED_AND_PURGED
2026-04-15 08:04:49.481,TRC-1B41D1C5,Aminabad,0.8487,88.48,6.47,0.9841,Rule 1: Topographic Elevation vs. Inundation Velocity Violation,Runoff_Lag,TRAPPED_AND_PURGED
2026-04-15 08:07:28.955,TRC-840700DA,Aminabad,1.0312,65.9,4.21,0.7403,Rule 1: Topographic Elevation vs. Inundation Velocity Violation,Elevation_Sparsity,TRAPPED_AND_PURGED
2026-04-15 08:02:43.133,TRC-B709A879,Gomti Nagar,0.668,69.79,13.87,0.671,Rule 5: Demographic Vulnerability Triggered w/o Hydrological Base,Runoff_Lag,TRAPPED_AND_PURGED
2026-04-15 08:05:32.341,TRC-6E27F693,Aliganj,0.6045,97.23,2.34,1.1387,Rule 5: Demographic Vulnerability Triggered w/o Hydrological Base,Elevation_Sparsity,TRAPPED_AND_PURGED
2026-04-15 08:02:59.356,TRC-C5382677,Hazratganj,0.9297,91.77,7.87,1.0068,Rule 3: Capillary Fringe Saturation Paradox,Sensor_Dropout,TRAPPED_AND_PURGED
2026-04-15 08:05:17.011,TRC-78C9CF27,Aminabad,0.9086,87.3,4.71,0.9911,Rule 1: Topographic Elevation vs. Inundation Velocity Violation,SAR_VH_Noise,TRAPPED_AND_PURGED
2026-04-15 08:07:23.477,TRC-DCE26363,Hazratganj,0.6423,67.97,3.31,0.7759,Rule 4: SAR-VH Backscatter vs. Optical Mask Conflict,SAR_VH_Noise,TRAPPED_AND_PURGED
2026-04-15 08:06:04.444,TRC-1E6BFDB9,Indira Nagar,0.6859,65.02,14.63,0.6047,Rule 5: Demographic Vulnerability Triggered w/o Hydrological Base,Elevation_Sparsity,TRAPPED_AND_PURGED
2026-04-15 08:03:02.878,TRC-03DF41A9,Hazratganj,0.9103,75.9,10.75,0.7818,Rule 3: Capillary Fringe Saturation Paradox,Sensor_Dropout,TRAPPED_AND_PURGED
2026-04-15 08:07:01.594,TRC-2C06EA76,Gomti Nagar,0.9559,85.17,1.13,1.0085,Rule 3: Capillary Fringe Saturation Paradox,Elevation_Sparsity,TRAPPED_AND_PURGED
2026-04-15 08:05:03.370,TRC-C2570988,Hazratganj,0.8213,86.19,2.21,1.0078,Rule 5: Demographic Vulnerability Triggered w/o Hydrological Base,Elevation_Sparsity,TRAPPED_AND_PURGED
2026-04-15 08:01:45.928,TRC-770F387E,Indira Nagar,1.0785,67.71,13.71,0.648,Rule 1: Topographic Elevation vs. Inundation Velocity Violation,Elevation_Sparsity,TRAPPED_AND_PURGED
2026-04-15 08:05:43.270,TRC-1080CC32,Indira Nagar,0.864,99.71,10.9,1.0657,Rule 2: Mass Balance (Discharge-Runoff) Asymmetry,Runoff_Lag,TRAPPED_AND_PURGED
2026-04-15 08:02:46.362,TRC-2A87A89A,Indira Nagar,0.9969,67.94,7.87,0.7208,Rule 1: Topographic Elevation vs. Inundation Velocity Violation,SAR_VH_Noise,TRAPPED_AND_PURGED
2026-04-15 08:03:48.484,TRC-FFFAC4A1,Chowk,0.9367,82.13,6.92,0.9025,Rule 1: Topographic Elevation vs. Inundation Velocity Violation,SAR_VH_Noise,TRAPPED_AND_PURGED
2026-04-15 08:03:26.649,TRC-CEFCEAE6,Indira Nagar,0.8602,94.44,1.31,1.1176,Rule 1: Topographic Elevation vs. Inundation Velocity Violation,Runoff_Lag,TRAPPED_AND_PURGED
2026-04-15 08:06:10.095,TRC-F5CC50B1,Indira Nagar,0.545,76.03,9.16,0.8024,Rule 3: Capillary Fringe Saturation Paradox,Runoff_Lag,TRAPPED_AND_PURGED
2026-04-15 08:08:01.956,TRC-549C7528,Hazratganj,1.0362,73.22,12.61,0.7273,Rule 1: Topographic Elevation vs. Inundation Velocity Violation,Sensor_Dropout,TRAPPED_AND_PURGED
2026-04-15 08:02:32.914,TRC-AE98F91B,Indira Nagar,0.7737,82.41,9.17,0.8789,Rule 1: Topographic Elevation vs. Inundation Velocity Violation,Sensor_Dropout,TRAPPED_AND_PURGED
2026-04-15 08:02:55.835,TRC-7BC65065,Aminabad,0.9839,81.72,5.99,0.9088,Rule 4: SAR-VH Backscatter vs. Optical Mask Conflict,Elevation_Sparsity,TRAPPED_AND_PURGED
2026-04-15 08:02:45.911,TRC-E4596AB4,Indira Nagar,1.0631,70.9,11.35,0.7146,Rule 2: Mass Balance (Discharge-Runoff) Asymmetry,SAR_VH_Noise,TRAPPED_AND_PURGED
2026-04-15 08:07:29.305,TRC-82F72B61,Chowk,0.8044,75.16,4.8,0.8443,Rule 1: Topographic Elevation vs. Inundation Velocity Violation,SAR_VH_Noise,TRAPPED_AND_PURGED
2026-04-15 08:06:55.409,TRC-09FB87CE,Aminabad,0.7277,71.55,4.06,0.8099,Rule 2: Mass Balance (Discharge-Runoff) Asymmetry,SAR_VH_Noise,TRAPPED_AND_PURGED
2026-04-15 08:03:24.359,TRC-68A3024B,Hazratganj,1.21,90.05,14.06,0.9119,Rule 1: Topographic Elevation vs. Inundation Velocity Violation,Sensor_Dropout,TRAPPED_AND_PURGED
2026-04-15 08:03:22.141,TRC-0EDDBF7B,Hazratganj,0.857,72.11,5.85,0.7951,Rule 3: Capillary Fringe Saturation Paradox,SAR_VH_Noise,TRAPPED_AND_PURGED
2026-04-15 08:06:33.142,TRC-0ACB58B4,Aminabad,1.0032,91.16,2.43,1.0648,Rule 4: SAR-VH Backscatter vs. Optical Mask Conflict,Elevation_Sparsity,TRAPPED_AND_PURGED
2026-04-15 08:08:30.700,TRC-07869C8A,Hazratganj,0.7463,98.7,12.41,1.0355,Rule 4: SAR-VH Backscatter vs. Optical Mask Conflict,Sensor_Dropout,TRAPPED_AND_PURGED
2026-04-15 08:06:16.792,TRC-1ACFFA02,Indira Nagar,0.9515,86.03,10.8,0.9028,Rule 4: SAR-VH Backscatter vs. Optical Mask Conflict,Runoff_Lag,TRAPPED_AND_PURGED
2026-04-15 08:09:39.551,TRC-A4C700F9,Chowk,0.3612,81.8,12.92,0.8266,Rule 1: Topographic Elevation vs. Inundation Velocity Violation,SAR_VH_Noise,TRAPPED_AND_PURGED
2026-04-15 08:09:10.613,TRC-CA6BB871,Aminabad,0.6352,75.76,1.25,0.8941,Rule 5: Demographic Vulnerability Triggered w/o Hydrological Base,Elevation_Sparsity,TRAPPED_AND_PURGED
2026-04-15 08:06:30.254,TRC-5184139D,Aminabad,0.7607,86.55,1.82,1.0168,Rule 5: Demographic Vulnerability Triggered w/o Hydrological Base,Runoff_Lag,TRAPPED_AND_PURGED
2026-04-15 08:04:41.889,TRC-660E5D1A,Indira Nagar,0.6871,98.04,0.81,1.1668,Rule 2: Mass Balance (Discharge-Runoff) Asymmetry,Elevation_Sparsity,TRAPPED_AND_PURGED
2026-04-15 08:09:54.518,TRC-D00EF4BE,Chowk,0.9941,71.85,10.06,0.7415,Rule 5: Demographic Vulnerability Triggered w/o Hydrological Base,Sensor_Dropout,TRAPPED_AND_PURGED
2026-04-15 08:03:42.483,TRC-31F10B6E,Indira Nagar,0.909,83.89,4.58,0.9517,Rule 5: Demographic Vulnerability Triggered w/o Hydrological Base,Elevation_Sparsity,TRAPPED_AND_PURGED
2026-04-15 08:04:10.012,TRC-105BB163,Indira Nagar,1.0252,83.08,2.58,0.966,Rule 5: Demographic Vulnerability Triggered w/o Hydrological Base,SAR_VH_Noise,TRAPPED_AND_PURGED
2026-04-15 08:09:30.628,TRC-899C5171,Aliganj,0.4896,83.68,2.07,0.9793,Rule 3: Capillary Fringe Saturation Paradox,Sensor_Dropout,TRAPPED_AND_PURGED
2026-04-15 08:01:27.716,TRC-2C31CEBB,Aliganj,0.92,78.32,10.75,0.8108,Rule 3: Capillary Fringe Saturation Paradox,Sensor_Dropout,TRAPPED_AND_PURGED
2026-04-15 08:08:47.782,TRC-991D52E2,Aminabad,0.878,69.2,14.75,0.6534,Rule 5: Demographic Vulnerability Triggered w/o Hydrological Base,Elevation_Sparsity,TRAPPED_AND_PURGED
2026-04-15 08:06:01.201,TRC-B55B09BE,Indira Nagar,0.7435,70.39,2.59,0.8136,Rule 3: Capillary Fringe Saturation Paradox,Runoff_Lag,TRAPPED_AND_PURGED
2026-04-15 08:06:59.514,TRC-87D110A5,Hazratganj,0.9339,90.6,6.82,1.0054,Rule 3: Capillary Fringe Saturation Paradox,Runoff_Lag,TRAPPED_AND_PURGED
2026-04-15 08:03:19.867,TRC-AF7A798A,Aliganj,0.9542,82.24,13.74,0.822,Rule 3: Capillary Fringe Saturation Paradox,SAR_VH_Noise,TRAPPED_AND_PURGED
2026-04-15 08:01:01.967,TRC-FF6593C8,Hazratganj,0.6948,93.7,11.57,0.9856,Rule 5: Demographic Vulnerability Triggered w/o Hydrological Base,SAR_VH_Noise,TRAPPED_AND_PURGED
2026-04-15 08:09:22.546,TRC-FAD62491,Aminabad,0.7975,84.52,3.87,0.9678,Rule 1: Topographic Elevation vs. Inundation Velocity Violation,Elevation_Sparsity,TRAPPED_AND_PURGED
2026-04-15 08:02:14.659,TRC-3CB3B735,Hazratganj,0.8107,69.6,1.93,0.812,Rule 5: Demographic Vulnerability Triggered w/o Hydrological Base,SAR_VH_Noise,TRAPPED_AND_PURGED
2026-04-15 08:01:16.343,TRC-2D523A0C,Indira Nagar,0.5927,96.16,13.65,0.9901,Rule 1: Topographic Elevation vs. Inundation Velocity Violation,SAR_VH_Noise,TRAPPED_AND_PURGED
2026-04-15 08:03:58.309,TRC-6B338120,Chowk,1.0414,79.33,2.75,0.919,Rule 3: Capillary Fringe Saturation Paradox,Sensor_Dropout,TRAPPED_AND_PURGED
2026-04-15 08:04:50.483,TRC-E535995E,Hazratganj,0.9013,65.64,5.96,0.7162,Rule 5: Demographic Vulnerability Triggered w/o Hydrological Base,Runoff_Lag,TRAPPED_AND_PURGED
2026-04-15 08:10:36.806,TRC-05986CA9,Indira Nagar,1.0471,66.71,11.6,0.6613,Rule 5: Demographic Vulnerability Triggered w/o Hydrological Base,Sensor_Dropout,TRAPPED_AND_PURGED
2026-04-15 08:05:07.326,TRC-9582B18E,Hazratganj,0.7979,69.38,6.68,0.7524,Rule 5: Demographic Vulnerability Triggered w/o Hydrological Base,SAR_VH_Noise,TRAPPED_AND_PURGED
2026-04-15 08:02:42.969,TRC-6FBC9C00,Aliganj,0.8116,76.72,10.15,0.7988,Rule 4: SAR-VH Backscatter vs. Optical Mask Conflict,Runoff_Lag,TRAPPED_AND_PURGED
2026-04-15 08:11:00.865,TRC-F167130C,Hazratganj,0.7814,66.69,4.14,0.7506,Rule 2: Mass Balance (Discharge-Runoff) Asymmetry,SAR_VH_Noise,TRAPPED_AND_PURGED
2026-04-15 08:05:10.529,TRC-11B1C765,Chowk,0.6585,82.07,10.4,0.86,Rule 1: Topographic Elevation vs. Inundation Velocity Violation,Elevation_Sparsity,TRAPPED_AND_PURGED
2026-04-15 08:03:51.418,TRC-7E17EE18,Chowk,0.9116,88.27,1.93,1.0361,Rule 5: Demographic Vulnerability Triggered w/o Hydrological Base,Runoff_Lag,TRAPPED_AND_PURGED
2026-04-15 08:08:29.693,TRC-5D52E266,Hazratganj,0.6536,73.32,9.21,0.7693,Rule 5: Demographic Vulnerability Triggered w/o Hydrological Base,Sensor_Dropout,TRAPPED_AND_PURGED
2026-04-15 08:02:22.885,TRC-50C0B4BA,Aminabad,1.1227,97.87,0.55,1.1678,Rule 1: Topographic Elevation vs. Inundation Velocity Violation,SAR_VH_Noise,TRAPPED_AND_PURGED
2026-04-15 08:04:21.711,TRC-B5BE9D15,Gomti Nagar,0.8643,99.43,10.78,1.0638,Rule 3: Capillary Fringe Saturation Paradox,Runoff_Lag,TRAPPED_AND_PURGED
2026-04-15 08:04:21.910,TRC-FBE3E9EB,Hazratganj,0.7769,86.68,13.84,0.8741,Rule 2: Mass Balance (Discharge-Runoff) Asymmetry,Elevation_Sparsity,TRAPPED_AND_PURGED
2026-04-15 08:03:17.886,TRC-F4392FC3,Aliganj,0.6623,68.77,11.53,0.6869,Rule 1: Topographic Elevation vs. Inundation Velocity Violation,SAR_VH_Noise,TRAPPED_AND_PURGED
2026-04-15 08:04:02.677,TRC-7BE64380,Chowk,0.6461,99.27,14.19,1.021,Rule 4: SAR-VH Backscatter vs. Optical Mask Conflict,Sensor_Dropout,TRAPPED_AND_PURGED
2026-04-15 08:04:04.961,TRC-B8F4B7EB,Aminabad,0.836,69.49,9.09,0.7248,Rule 4: SAR-VH Backscatter vs. Optical Mask Conflict,Sensor_Dropout,TRAPPED_AND_PURGED
2026-04-15 08:00:32.861,TRC-3834D8BB,Aminabad,0.8558,96.82,6.05,1.0892,Rule 4: SAR-VH Backscatter vs. Optical Mask Conflict,SAR_VH_Noise,TRAPPED_AND_PURGED
2026-04-15 08:09:31.697,TRC-1D23E8F8,Indira Nagar,0.966,67.44,14.87,0.6308,Rule 3: Capillary Fringe Saturation Paradox,Elevation_Sparsity,TRAPPED_AND_PURGED
2026-04-15 08:03:44.953,TRC-CBF0C345,Chowk,0.5993,84.86,8.91,0.9114,Rule 2: Mass Balance (Discharge-Runoff) Asymmetry,Runoff_Lag,TRAPPED_AND_PURGED
2026-04-15 08:03:37.522,TRC-272DD0D0,Aliganj,0.6072,69.71,10.24,0.7136,Rule 3: Capillary Fringe Saturation Paradox,Runoff_Lag,TRAPPED_AND_PURGED
2026-04-15 08:02:12.105,TRC-221485C8,Aminabad,0.8619,95.15,0.74,1.1329,Rule 3: Capillary Fringe Saturation Paradox,Elevation_Sparsity,TRAPPED_AND_PURGED
2026-04-15 08:07:48.999,TRC-72F8D012,Aliganj,0.6747,87.59,10.32,0.9272,Rule 3: Capillary Fringe Saturation Paradox,SAR_VH_Noise,TRAPPED_AND_PURGED
2026-04-15 08:11:31.204,TRC-93F8E29E,Chowk,0.9096,66.94,5.43,0.7381,Rule 5: Demographic Vulnerability Triggered w/o Hydrological Base,Sensor_Dropout,TRAPPED_AND_PURGED
2026-04-15 08:02:05.470,TRC-BD8A67A4,Chowk,1.1487,91.24,8.78,0.9895,Rule 1: Topographic Elevation vs. Inundation Velocity Violation,SAR_VH_Noise,TRAPPED_AND_PURGED
2026-04-15 08:03:07.664,TRC-AAE02514,Aminabad,0.8972,82.62,7.92,0.8964,Rule 3: Capillary Fringe Saturation Paradox,Elevation_Sparsity,TRAPPED_AND_PURGED
2026-04-15 08:12:04.766,TRC-BB9A9674,Gomti Nagar,0.6999,83.58,6.01,0.9308,Rule 5: Demographic Vulnerability Triggered w/o Hydrological Base,Runoff_Lag,TRAPPED_AND_PURGED
2026-04-15 08:04:19.647,TRC-601BBCD8,Indira Nagar,0.9774,74.29,3.28,0.8521,Rule 1: Topographic Elevation vs. Inundation Velocity Violation,Sensor_Dropout,TRAPPED_AND_PURGED
2026-04-15 08:01:15.099,TRC-4D4DB28B,Chowk,0.7166,69.8,3.62,0.7942,Rule 5: Demographic Vulnerability Triggered w/o Hydrological Base,Elevation_Sparsity,TRAPPED_AND_PURGED
2026-04-15 08:09:39.506,TRC-4A1DA543,Hazratganj,0.9861,86.44,1.43,1.0201,Rule 2: Mass Balance (Discharge-Runoff) Asymmetry,SAR_VH_Noise,TRAPPED_AND_PURGED
2026-04-15 08:13:25.743,TRC-17BDCDFB,Aliganj,0.9513,80.79,2.29,0.942,Rule 3: Capillary Fringe Saturation Paradox,Elevation_Sparsity,TRAPPED_AND_PURGED
2026-04-15 08:04:54.058,TRC-762445AB,Aliganj,0.798,69.51,1.01,0.822,Rule 4: SAR-VH Backscatter vs. Optical Mask Conflict,Runoff_Lag,TRAPPED_AND_PURGED
2026-04-15 08:05:04.133,TRC-6F419A19,Aminabad,0.7812,74.29,2.25,0.8645,Rule 4: SAR-VH Backscatter vs. Optical Mask Conflict,Sensor_Dropout,TRAPPED_AND_PURGED
2026-04-15 08:13:12.247,TRC-2C251BE3,Aminabad,1.0122,70.05,5.51,0.7745,Rule 4: SAR-VH Backscatter vs. Optical Mask Conflict,SAR_VH_Noise,TRAPPED_AND_PURGED
2026-04-15 08:11:09.760,TRC-6FAD6AC0,Aminabad,0.8522,89.21,8.37,0.9701,Rule 4: SAR-VH Backscatter vs. Optical Mask Conflict,Elevation_Sparsity,TRAPPED_AND_PURGED
2026-04-15 08:12:43.883,TRC-704AA24C,Chowk,0.7311,93.37,8.58,1.0175,Rule 3: Capillary Fringe Saturation Paradox,Sensor_Dropout,TRAPPED_AND_PURGED
2026-04-15 08:13:19.700,TRC-D18DA75B,Aliganj,0.5782,91.74,14.24,0.93,Rule 5: Demographic Vulnerability Triggered w/o Hydrological Base,SAR_VH_Noise,TRAPPED_AND_PURGED
2026-04-15 08:07:50.637,TRC-57C5C2D8,Gomti Nagar,0.7115,78.73,11.33,0.8088,Rule 1: Topographic Elevation vs. Inundation Velocity Violation,Elevation_Sparsity,TRAPPED_AND_PURGED
2026-04-15 08:01:22.303,TRC-34274627,Aminabad,1.0278,83.1,11.68,0.857,Rule 2: Mass Balance (Discharge-Runoff) Asymmetry,SAR_VH_Noise,TRAPPED_AND_PURGED
2026-04-15 08:01:14.075,TRC-68BEFEF4,Chowk,0.9748,95.86,9.25,1.0393,Rule 5: Demographic Vulnerability Triggered w/o Hydrological Base,SAR_VH_Noise,TRAPPED_AND_PURGED
2026-04-15 08:09:22.815,TRC-0EA526E1,Gomti Nagar,0.9825,81.1,12.34,0.8251,Rule 4: SAR-VH Backscatter vs. Optical Mask Conflict,Runoff_Lag,TRAPPED_AND_PURGED
2026-04-15 08:09:39.695,TRC-0E95184A,Indira Nagar,0.9592,77.25,14.9,0.7482,Rule 2: Mass Balance (Discharge-Runoff) Asymmetry,Sensor_Dropout,TRAPPED_AND_PURGED
2026-04-15 08:02:56.107,TRC-B69E5532,Hazratganj,0.8538,81.34,12.27,0.8288,Rule 5: Demographic Vulnerability Triggered w/o Hydrological Base,Runoff_Lag,TRAPPED_AND_PURGED
2026-04-15 08:04:40.815,TRC-FC592F8B,Aliganj,0.7945,96.99,8.92,1.0568,Rule 3: Capillary Fringe Saturation Paradox,Elevation_Sparsity,TRAPPED_AND_PURGED
2026-04-15 08:11:49.102,TRC-CCD404DE,Hazratganj,0.9949,86.38,3.8,0.991,Rule 2: Mass Balance (Discharge-Runoff) Asymmetry,Sensor_Dropout,TRAPPED_AND_PURGED
2026-04-15 08:14:29.672,TRC-A99A59D1,Chowk,0.7362,76.48,6.82,0.8359,Rule 4: SAR-VH Backscatter vs. Optical Mask Conflict,Sensor_Dropout,TRAPPED_AND_PURGED
2026-04-15 08:09:04.340,TRC-E5F096A8,Hazratganj,0.7596,95.6,0.44,1.1419,Rule 1: Topographic Elevation vs. Inundation Velocity Violation,SAR_VH_Noise,TRAPPED_AND_PURGED
2026-04-15 08:07:45.651,TRC-3857C0BA,Hazratganj,1.0238,66.82,8.07,0.705,Rule 5: Demographic Vulnerability Triggered w/o Hydrological Base,Runoff_Lag,TRAPPED_AND_PURGED
2026-04-15 08:06:01.919,TRC-F7D80338,Aminabad,0.8264,95.29,14.69,0.9672,Rule 3: Capillary Fringe Saturation Paradox,SAR_VH_Noise,TRAPPED_AND_PURGED
2026-04-15 08:12:24.863,TRC-899A137D,Aliganj,0.6056,72.48,12.92,0.7147,Rule 4: SAR-VH Backscatter vs. Optical Mask Conflict,Elevation_Sparsity,TRAPPED_AND_PURGED
2026-04-15 08:00:38.273,TRC-D106DD95,Hazratganj,0.9352,95.1,5.6,1.074,Rule 5: Demographic Vulnerability Triggered w/o Hydrological Base,Elevation_Sparsity,TRAPPED_AND_PURGED
2026-04-15 08:09:59.731,TRC-C87DF0F8,Chowk,0.7173,88.47,6.83,0.9797,Rule 1: Topographic Elevation vs. Inundation Velocity Violation,Sensor_Dropout,TRAPPED_AND_PURGED
2026-04-15 08:11:36.092,TRC-1BE932CE,Gomti Nagar,0.7489,69.26,13.61,0.6678,Rule 1: Topographic Elevation vs. Inundation Velocity Violation,Sensor_Dropout,TRAPPED_AND_PURGED
2026-04-15 08:13:18.332,TRC-23135552,Hazratganj,0.947,85.46,1.15,1.0117,Rule 3: Capillary Fringe Saturation Paradox,Runoff_Lag,TRAPPED_AND_PURGED
2026-04-15 08:00:42.514,TRC-C4CC34A0,Indira Nagar,0.9364,71.82,6.96,0.7783,Rule 2: Mass Balance (Discharge-Runoff) Asymmetry,Runoff_Lag,TRAPPED_AND_PURGED
2026-04-15 08:10:02.328,TRC-7D75A0E3,Gomti Nagar,0.9972,78.41,1.93,0.9178,Rule 3: Capillary Fringe Saturation Paradox,SAR_VH_Noise,TRAPPED_AND_PURGED
2026-04-15 08:10:31.862,TRC-F7E19092,Aminabad,0.8416,78.27,1.29,0.9238,Rule 4: SAR-VH Backscatter vs. Optical Mask Conflict,Elevation_Sparsity,TRAPPED_AND_PURGED
2026-04-15 08:01:31.373,TRC-FD7E8E1D,Chowk,0.9219,70.11,8.94,0.734,Rule 1: Topographic Elevation vs. Inundation Velocity Violation,Elevation_Sparsity,TRAPPED_AND_PURGED
2026-04-15 08:02:22.813,TRC-B094F05A,Indira Nagar,0.7732,65.73,8.59,0.6857,Rule 5: Demographic Vulnerability Triggered w/o Hydrological Base,SAR_VH_Noise,TRAPPED_AND_PURGED
2026-04-15 08:15:43.763,TRC-4EC313A9,Hazratganj,0.5362,76.57,9.73,0.8021,Rule 2: Mass Balance (Discharge-Runoff) Asymmetry,Elevation_Sparsity,TRAPPED_AND_PURGED
2026-04-15 08:13:24.800,TRC-F96B5847,Aminabad,0.7038,83.24,1.07,0.986,Rule 5: Demographic Vulnerability Triggered w/o Hydrological Base,SAR_VH_Noise,TRAPPED_AND_PURGED
2026-04-15 08:11:19.721,TRC-7CA53311,Indira Nagar,0.8816,90.57,13.58,0.9239,Rule 4: SAR-VH Backscatter vs. Optical Mask Conflict,Runoff_Lag,TRAPPED_AND_PURGED
2026-04-15 08:01:05.402,TRC-8E2355E7,Aliganj,0.7947,70.76,9.68,0.733,Rule 2: Mass Balance (Discharge-Runoff) Asymmetry,SAR_VH_Noise,TRAPPED_AND_PURGED
2026-04-15 08:06:38.843,TRC-D7874B12,Hazratganj,0.6299,94.73,11.33,1.0008,Rule 3: Capillary Fringe Saturation Paradox,SAR_VH_Noise,TRAPPED_AND_PURGED
2026-04-15 08:06:17.964,TRC-B749E4E2,Aminabad,0.9027,87.84,6.62,0.9746,Rule 2: Mass Balance (Discharge-Runoff) Asymmetry,Elevation_Sparsity,TRAPPED_AND_PURGED
2026-04-15 08:11:28.948,TRC-59966744,Chowk,1.0064,91.99,4.37,1.0514,Rule 1: Topographic Elevation vs. Inundation Velocity Violation,Sensor_Dropout,TRAPPED_AND_PURGED
2026-04-15 08:01:22.947,TRC-EDAF9E48,Aliganj,0.9082,65.23,9.16,0.6728,Rule 5: Demographic Vulnerability Triggered w/o Hydrological Base,SAR_VH_Noise,TRAPPED_AND_PURGED
2026-04-15 08:14:00.479,TRC-90DC321F,Indira Nagar,0.7677,86.65,5.35,0.9756,Rule 1: Topographic Elevation vs. Inundation Velocity Violation,SAR_VH_Noise,TRAPPED_AND_PURGED
2026-04-15 08:14:27.174,TRC-C991D304,Chowk,0.8154,79.83,5.9,0.8872,Rule 4: SAR-VH Backscatter vs. Optical Mask Conflict,Elevation_Sparsity,TRAPPED_AND_PURGED
2026-04-15 08:02:17.711,TRC-9029629F,Aminabad,0.8257,75.05,5.61,0.8333,Rule 1: Topographic Elevation vs. Inundation Velocity Violation,Elevation_Sparsity,TRAPPED_AND_PURGED
2026-04-15 08:01:05.844,TRC-F1C400C8,Aminabad,0.8156,80.39,14.7,0.7883,Rule 3: Capillary Fringe Saturation Paradox,Sensor_Dropout,TRAPPED_AND_PURGED
2026-04-15 08:11:14.408,TRC-41DF0890,Aminabad,0.4279,77.05,3.68,0.8804,Rule 1: Topographic Elevation vs. Inundation Velocity Violation,Elevation_Sparsity,TRAPPED_AND_PURGED
2026-04-15 08:06:21.931,TRC-C75B1987,Chowk,0.8467,87.32,13.15,0.89,Rule 3: Capillary Fringe Saturation Paradox,Sensor_Dropout,TRAPPED_AND_PURGED
2026-04-15 08:04:05.780,TRC-95526ED9,Indira Nagar,0.8834,73.86,14.62,0.7109,Rule 2: Mass Balance (Discharge-Runoff) Asymmetry,Elevation_Sparsity,TRAPPED_AND_PURGED
2026-04-15 08:08:41.934,TRC-AA3A106B,Aminabad,0.7437,90.18,12.08,0.9372,Rule 2: Mass Balance (Discharge-Runoff) Asymmetry,Sensor_Dropout,TRAPPED_AND_PURGED
2026-04-15 08:15:19.104,TRC-8E9B7430,Aminabad,0.789,76.11,7.74,0.8204,Rule 4: SAR-VH Backscatter vs. Optical Mask Conflict,SAR_VH_Noise,TRAPPED_AND_PURGED
2026-04-15 08:01:53.713,TRC-BEB17A60,Aminabad,0.6833,86.52,4.58,0.9833,Rule 4: SAR-VH Backscatter vs. Optical Mask Conflict,Elevation_Sparsity,TRAPPED_AND_PURGED
2026-04-15 08:01:20.181,TRC-83FD4338,Gomti Nagar,0.7134,65.67,11.05,0.6554,Rule 1: Topographic Elevation vs. Inundation Velocity Violation,Elevation_Sparsity,TRAPPED_AND_PURGED
2026-04-15 08:04:54.767,TRC-03DBB612,Gomti Nagar,0.7902,91.19,8.19,0.996,Rule 4: SAR-VH Backscatter vs. Optical Mask Conflict,Elevation_Sparsity,TRAPPED_AND_PURGED
2026-04-15 08:09:49.129,TRC-E556CF0D,Hazratganj,0.7655,88.9,2.26,1.0397,Rule 3: Capillary Fringe Saturation Paradox,SAR_VH_Noise,TRAPPED_AND_PURGED
2026-04-15 08:09:01.846,TRC-18740D0E,Indira Nagar,0.756,99.47,9.01,1.0855,Rule 1: Topographic Elevation vs. Inundation Velocity Violation,Runoff_Lag,TRAPPED_AND_PURGED
2026-04-15 08:15:35.015,TRC-9154F2FB,Aminabad,0.5713,92.75,11.41,0.9761,Rule 5: Demographic Vulnerability Triggered w/o Hydrological Base,SAR_VH_Noise,TRAPPED_AND_PURGED
2026-04-15 08:02:53.213,TRC-B67195B9,Chowk,0.8613,67.92,3.89,0.7684,Rule 4: SAR-VH Backscatter vs. Optical Mask Conflict,Elevation_Sparsity,TRAPPED_AND_PURGED
2026-04-15 08:09:29.833,TRC-C7030D46,Aliganj,0.9323,68.93,13.19,0.6689,Rule 3: Capillary Fringe Saturation Paradox,SAR_VH_Noise,TRAPPED_AND_PURGED
2026-04-15 08:08:47.263,TRC-67C8E908,Indira Nagar,0.8511,82.25,6.2,0.9126,Rule 5: Demographic Vulnerability Triggered w/o Hydrological Base,Runoff_Lag,TRAPPED_AND_PURGED
2026-04-15 08:07:48.314,TRC-9532C727,Chowk,0.9352,92.76,10.41,0.9882,Rule 4: SAR-VH Backscatter vs. Optical Mask Conflict,Elevation_Sparsity,TRAPPED_AND_PURGED
2026-04-15 08:07:48.811,TRC-A7DFDC47,Aliganj,0.8491,88.49,2.94,1.0266,Rule 2: Mass Balance (Discharge-Runoff) Asymmetry,SAR_VH_Noise,TRAPPED_AND_PURGED
2026-04-15 08:16:11.643,TRC-7DC4B905,Gomti Nagar,0.785,83.12,9.73,0.8807,Rule 2: Mass Balance (Discharge-Runoff) Asymmetry,Runoff_Lag,TRAPPED_AND_PURGED
2026-04-15 08:11:06.126,TRC-BB92CC62,Aminabad,0.6338,94.89,3.94,1.0914,Rule 1: Topographic Elevation vs. Inundation Velocity Violation,SAR_VH_Noise,TRAPPED_AND_PURGED
2026-04-15 08:08:40.568,TRC-682DEDD6,Indira Nagar,0.8943,86.47,4.6,0.9824,Rule 2: Mass Balance (Discharge-Runoff) Asymmetry,Sensor_Dropout,TRAPPED_AND_PURGED
2026-04-15 08:08:32.631,TRC-AC5ACC9B,Chowk,0.6125,82.38,7.71,0.896,Rule 1: Topographic Elevation vs. Inundation Velocity Violation,Elevation_Sparsity,TRAPPED_AND_PURGED
2026-04-15 08:17:39.107,TRC-239F2BED,Hazratganj,0.8023,75.79,7.66,0.8176,Rule 3: Capillary Fringe Saturation Paradox,Elevation_Sparsity,TRAPPED_AND_PURGED
2026-04-15 08:10:45.956,TRC-B670FD92,Chowk,0.845,97.89,10.14,1.053,Rule 1: Topographic Elevation vs. Inundation Velocity Violation,Runoff_Lag,TRAPPED_AND_PURGED
2026-04-15 08:14:16.583,TRC-145D8C24,Aminabad,0.8912,76.62,13.5,0.7574,Rule 1: Topographic Elevation vs. Inundation Velocity Violation,Elevation_Sparsity,TRAPPED_AND_PURGED
2026-04-15 08:15:52.469,TRC-8DA182EE,Aliganj,0.7227,98.26,12.09,1.034,Rule 4: SAR-VH Backscatter vs. Optical Mask Conflict,Runoff_Lag,TRAPPED_AND_PURGED
2026-04-15 08:10:14.664,TRC-3F82EFA5,Gomti Nagar,0.7552,78.12,6.0,0.8654,Rule 2: Mass Balance (Discharge-Runoff) Asymmetry,Elevation_Sparsity,TRAPPED_AND_PURGED
2026-04-15 08:09:46.722,TRC-419BDF01,Aliganj,0.7452,78.46,2.42,0.9125,Rule 5: Demographic Vulnerability Triggered w/o Hydrological Base,Sensor_Dropout,TRAPPED_AND_PURGED
2026-04-15 08:15:20.655,TRC-99AA0D81,Gomti Nagar,0.761,91.47,8.81,0.9919,Rule 3: Capillary Fringe Saturation Paradox,Runoff_Lag,TRAPPED_AND_PURGED
2026-04-15 08:03:33.208,TRC-2E258AE6,Hazratganj,0.6703,76.05,8.01,0.8165,Rule 3: Capillary Fringe Saturation Paradox,Runoff_Lag,TRAPPED_AND_PURGED
2026-04-15 08:00:58.321,TRC-E074B571,Indira Nagar,0.8308,96.39,11.8,1.0151,Rule 4: SAR-VH Backscatter vs. Optical Mask Conflict,Sensor_Dropout,TRAPPED_AND_PURGED
2026-04-15 08:01:50.353,TRC-96499ACB,Hazratganj,0.796,66.27,0.0,0.7952,Rule 2: Mass Balance (Discharge-Runoff) Asymmetry,Runoff_Lag,TRAPPED_AND_PURGED
2026-04-15 08:00:49.817,TRC-B4EAFF67,Gomti Nagar,0.8338,74.67,4.15,0.8462,Rule 1: Topographic Elevation vs. Inundation Velocity Violation,Sensor_Dropout,TRAPPED_AND_PURGED
2026-04-15 08:06:07.875,TRC-44C090FF,Aminabad,0.8744,85.47,3.55,0.983,Rule 3: Capillary Fringe Saturation Paradox,Runoff_Lag,TRAPPED_AND_PURGED
2026-04-15 08:05:34.557,TRC-EB048D96,Indira Nagar,0.8296,73.01,3.7,0.8317,Rule 3: Capillary Fringe Saturation Paradox,Sensor_Dropout,TRAPPED_AND_PURGED
2026-04-15 08:13:04.967,TRC-917B92E8,Indira Nagar,0.8172,89.61,7.6,0.9841,Rule 1: Topographic Elevation vs. Inundation Velocity Violation,SAR_VH_Noise,TRAPPED_AND_PURGED
2026-04-15 08:15:44.045,TRC-38A66306,Hazratganj,0.8754,88.19,2.47,1.0286,Rule 4: SAR-VH Backscatter vs. Optical Mask Conflict,Elevation_Sparsity,TRAPPED_AND_PURGED
2026-04-15 08:07:23.019,TRC-CD983602,Hazratganj,0.8098,83.43,5.99,0.9293,Rule 4: SAR-VH Backscatter vs. Optical Mask Conflict,Runoff_Lag,TRAPPED_AND_PURGED
2026-04-15 08:07:51.315,TRC-10942DB1,Indira Nagar,0.9639,94.35,7.98,1.0364,Rule 1: Topographic Elevation vs. Inundation Velocity Violation,SAR_VH_Noise,TRAPPED_AND_PURGED
2026-04-15 08:09:59.197,TRC-3D8DE52A,Aminabad,0.6572,88.37,2.57,1.0296,Rule 1: Topographic Elevation vs. Inundation Velocity Violation,Elevation_Sparsity,TRAPPED_AND_PURGED
2026-04-15 08:03:04.321,TRC-0DD8BC8C,Aminabad,0.6497,74.95,4.32,0.8476,Rule 3: Capillary Fringe Saturation Paradox,Runoff_Lag,TRAPPED_AND_PURGED
2026-04-15 08:16:53.545,TRC-AA4D8180,Gomti Nagar,0.6133,98.61,8.59,1.0802,Rule 4: SAR-VH Backscatter vs. Optical Mask Conflict,Elevation_Sparsity,TRAPPED_AND_PURGED
2026-04-15 08:10:11.488,TRC-4B2DD7EB,Aliganj,1.016,79.12,11.73,0.8087,Rule 2: Mass Balance (Discharge-Runoff) Asymmetry,Sensor_Dropout,TRAPPED_AND_PURGED
2026-04-15 08:10:45.028,TRC-DFDBC2E8,Aminabad,0.7498,78.3,3.74,0.8947,Rule 1: Topographic Elevation vs. Inundation Velocity Violation,Elevation_Sparsity,TRAPPED_AND_PURGED
2026-04-15 08:17:05.098,TRC-B642ACB7,Hazratganj,0.6779,87.36,12.87,0.8939,Rule 5: Demographic Vulnerability Triggered w/o Hydrological Base,Sensor_Dropout,TRAPPED_AND_PURGED
2026-04-15 08:11:54.883,TRC-673403C3,Hazratganj,0.7875,87.55,12.48,0.9008,Rule 3: Capillary Fringe Saturation Paradox,Runoff_Lag,TRAPPED_AND_PURGED
2026-04-15 08:01:45.275,TRC-673E5BF3,Aliganj,0.584,89.02,5.14,1.0066,Rule 4: SAR-VH Backscatter vs. Optical Mask Conflict,SAR_VH_Noise,TRAPPED_AND_PURGED
2026-04-15 08:18:27.083,TRC-1FD7A24D,Gomti Nagar,0.7957,65.12,3.43,0.7403,Rule 5: Demographic Vulnerability Triggered w/o Hydrological Base,Sensor_Dropout,TRAPPED_AND_PURGED
2026-04-15 08:04:37.890,TRC-9C3B95B5,Hazratganj,0.6719,73.55,5.52,0.8164,Rule 5: Demographic Vulnerability Triggered w/o Hydrological Base,Runoff_Lag,TRAPPED_AND_PURGED
2026-04-15 08:12:42.694,TRC-4B7C5C4E,Indira Nagar,0.8606,65.31,8.55,0.6811,Rule 4: SAR-VH Backscatter vs. Optical Mask Conflict,SAR_VH_Noise,TRAPPED_AND_PURGED
2026-04-15 08:03:35.039,TRC-0D16419B,Aliganj,1.0188,91.63,10.9,0.9688,Rule 5: Demographic Vulnerability Triggered w/o Hydrological Base,Runoff_Lag,TRAPPED_AND_PURGED
2026-04-15 08:11:38.824,TRC-FF879877,Chowk,0.8399,81.89,7.47,0.893,Rule 5: Demographic Vulnerability Triggered w/o Hydrological Base,Runoff_Lag,TRAPPED_AND_PURGED
2026-04-15 08:15:42.706,TRC-BA9EA916,Aminabad,0.6629,70.01,4.58,0.7852,Rule 3: Capillary Fringe Saturation Paradox,Runoff_Lag,TRAPPED_AND_PURGED
2026-04-15 08:06:05.550,TRC-115662B0,Aliganj,0.8953,79.13,12.67,0.7975,Rule 5: Demographic Vulnerability Triggered w/o Hydrological Base,Runoff_Lag,TRAPPED_AND_PURGED
2026-04-15 08:20:20.488,TRC-DC3D741E,Chowk,0.734,87.16,1.98,1.0222,Rule 3: Capillary Fringe Saturation Paradox,Runoff_Lag,TRAPPED_AND_PURGED
2026-04-15 08:01:33.909,TRC-74123643,Indira Nagar,0.93,73.53,10.05,0.7618,Rule 5: Demographic Vulnerability Triggered w/o Hydrological Base,SAR_VH_Noise,TRAPPED_AND_PURGED
2026-04-15 08:10:39.243,TRC-BCC66391,Gomti Nagar,0.8107,83.79,9.37,0.893,Rule 2: Mass Balance (Discharge-Runoff) Asymmetry,Runoff_Lag,TRAPPED_AND_PURGED
2026-04-15 08:16:42.783,TRC-4F47E73F,Hazratganj,0.7739,74.94,3.19,0.861,Rule 5: Demographic Vulnerability Triggered w/o Hydrological Base,Runoff_Lag,TRAPPED_AND_PURGED
2026-04-15 08:04:18.117,TRC-B91D33FB,Chowk,0.6964,70.36,6.11,0.771,Rule 1: Topographic Elevation vs. Inundation Velocity Violation,Sensor_Dropout,TRAPPED_AND_PURGED
2026-04-15 08:07:44.029,TRC-17D697CD,Gomti Nagar,0.5267,83.85,11.83,0.8642,Rule 3: Capillary Fringe Saturation Paradox,SAR_VH_Noise,TRAPPED_AND_PURGED
2026-04-15 08:01:30.043,TRC-846EDEE1,Indira Nagar,0.6725,91.48,8.53,0.9954,Rule 2: Mass Balance (Discharge-Runoff) Asymmetry,Sensor_Dropout,TRAPPED_AND_PURGED
2026-04-15 08:11:00.145,TRC-DE56B5AF,Gomti Nagar,0.9248,85.19,13.92,0.8552,Rule 1: Topographic Elevation vs. Inundation Velocity Violation,SAR_VH_Noise,TRAPPED_AND_PURGED
2026-04-15 08:10:04.467,TRC-7FF70EC8,Chowk,1.0166,76.27,0.86,0.9049,Rule 4: SAR-VH Backscatter vs. Optical Mask Conflict,Runoff_Lag,TRAPPED_AND_PURGED
2026-04-15 08:19:40.551,TRC-3C165B99,Aminabad,0.7123,85.19,8.4,0.9215,Rule 3: Capillary Fringe Saturation Paradox,Runoff_Lag,TRAPPED_AND_PURGED
2026-04-15 08:15:41.271,TRC-2A2F752B,Aliganj,0.6376,92.24,0.05,1.1063,Rule 2: Mass Balance (Discharge-Runoff) Asymmetry,Elevation_Sparsity,TRAPPED_AND_PURGED
2026-04-15 08:11:41.435,TRC-D9AF6077,Chowk,0.8544,69.3,3.31,0.7919,Rule 3: Capillary Fringe Saturation Paradox,Elevation_Sparsity,TRAPPED_AND_PURGED
2026-04-15 08:04:21.658,TRC-C4E9524F,Chowk,0.7683,96.54,9.73,1.0417,Rule 1: Topographic Elevation vs. Inundation Velocity Violation,Sensor_Dropout,TRAPPED_AND_PURGED
2026-04-15 08:06:09.538,TRC-1C70CC3E,Aminabad,0.9249,85.43,12.93,0.87,Rule 3: Capillary Fringe Saturation Paradox,Sensor_Dropout,TRAPPED_AND_PURGED
2026-04-15 08:02:02.484,TRC-BBD36999,Indira Nagar,0.8282,98.69,5.44,1.119,Rule 4: SAR-VH Backscatter vs. Optical Mask Conflict,Runoff_Lag,TRAPPED_AND_PURGED
2026-04-15 08:03:23.882,TRC-522540F7,Aliganj,0.7871,67.64,10.71,0.6832,Rule 1: Topographic Elevation vs. Inundation Velocity Violation,Runoff_Lag,TRAPPED_AND_PURGED
2026-04-15 08:10:05.609,TRC-7864EFB7,Chowk,0.8845,88.85,13.17,0.9082,Rule 5: Demographic Vulnerability Triggered w/o Hydrological Base,Sensor_Dropout,TRAPPED_AND_PURGED
2026-04-15 08:14:04.423,TRC-427D2150,Aliganj,0.7425,90.54,6.65,1.0067,Rule 3: Capillary Fringe Saturation Paradox,SAR_VH_Noise,TRAPPED_AND_PURGED
2026-04-15 08:01:58.710,TRC-46E2E603,Hazratganj,0.9208,72.68,3.77,0.8269,Rule 4: SAR-VH Backscatter vs. Optical Mask Conflict,Elevation_Sparsity,TRAPPED_AND_PURGED
2026-04-15 08:04:58.769,TRC-FADC8513,Indira Nagar,0.618,91.62,1.2,1.085,Rule 4: SAR-VH Backscatter vs. Optical Mask Conflict,Elevation_Sparsity,TRAPPED_AND_PURGED
2026-04-15 08:17:47.594,TRC-76F898A8,Aliganj,0.9319,92.05,2.86,1.0703,Rule 2: Mass Balance (Discharge-Runoff) Asymmetry,Elevation_Sparsity,TRAPPED_AND_PURGED
2026-04-15 08:03:02.110,TRC-C436CABC,Chowk,0.6869,72.45,5.09,0.8083,Rule 2: Mass Balance (Discharge-Runoff) Asymmetry,Sensor_Dropout,TRAPPED_AND_PURGED
2026-04-15 08:20:26.615,TRC-C9A50891,Hazratganj,0.7588,76.35,8.08,0.8192,Rule 5: Demographic Vulnerability Triggered w/o Hydrological Base,SAR_VH_Noise,TRAPPED_AND_PURGED
2026-04-15 08:05:20.437,TRC-F8AC6850,Indira Nagar,0.8787,87.21,14.2,0.8761,Rule 5: Demographic Vulnerability Triggered w/o Hydrological Base,SAR_VH_Noise,TRAPPED_AND_PURGED
2026-04-15 08:00:50.254,TRC-5250FED4,Hazratganj,0.8381,97.51,7.38,1.0816,Rule 5: Demographic Vulnerability Triggered w/o Hydrological Base,Runoff_Lag,TRAPPED_AND_PURGED
2026-04-15 08:11:17.481,TRC-DE6CBE6E,Indira Nagar,0.7206,98.06,0.48,1.171,Rule 1: Topographic Elevation vs. Inundation Velocity Violation,Elevation_Sparsity,TRAPPED_AND_PURGED
2026-04-15 08:11:40.330,TRC-24581689,Gomti Nagar,0.6842,77.02,10.37,0.7998,Rule 1: Topographic Elevation vs. Inundation Velocity Violation,Runoff_Lag,TRAPPED_AND_PURGED
2026-04-15 08:19:20.410,TRC-A88BF553,Aminabad,1.0802,79.37,11.28,0.8171,Rule 5: Demographic Vulnerability Triggered w/o Hydrological Base,Runoff_Lag,TRAPPED_AND_PURGED
2026-04-15 08:15:29.833,TRC-BCBADE01,Indira Nagar,1.0945,88.54,5.47,0.9968,Rule 4: SAR-VH Backscatter vs. Optical Mask Conflict,SAR_VH_Noise,TRAPPED_AND_PURGED
2026-04-15 08:08:51.193,TRC-C05246ED,Chowk,0.823,99.88,7.76,1.1054,Rule 3: Capillary Fringe Saturation Paradox,SAR_VH_Noise,TRAPPED_AND_PURGED
2026-04-15 08:18:22.138,TRC-DFC0F0FB,Indira Nagar,0.7708,91.26,2.63,1.0636,Rule 1: Topographic Elevation vs. Inundation Velocity Violation,Elevation_Sparsity,TRAPPED_AND_PURGED
2026-04-15 08:05:21.492,TRC-50D0F77E,Gomti Nagar,0.968,96.62,3.32,1.1196,Rule 3: Capillary Fringe Saturation Paradox,Runoff_Lag,TRAPPED_AND_PURGED
2026-04-15 08:10:59.827,TRC-7AAA0762,Aminabad,0.7997,70.86,14.48,0.6766,Rule 3: Capillary Fringe Saturation Paradox,SAR_VH_Noise,TRAPPED_AND_PURGED
2026-04-15 08:12:01.454,TRC-0D646FD2,Indira Nagar,0.6704,77.68,6.94,0.8489,Rule 3: Capillary Fringe Saturation Paradox,Elevation_Sparsity,TRAPPED_AND_PURGED
2026-04-15 08:20:31.586,TRC-1CCF334E,Aminabad,0.6996,83.11,9.61,0.882,Rule 1: Topographic Elevation vs. Inundation Velocity Violation,SAR_VH_Noise,TRAPPED_AND_PURGED
2026-04-15 08:04:44.648,TRC-DAB85711,Gomti Nagar,0.8316,86.54,8.21,0.94,Rule 4: SAR-VH Backscatter vs. Optical Mask Conflict,Sensor_Dropout,TRAPPED_AND_PURGED
2026-04-15 08:08:51.263,TRC-9FFDE3AA,Chowk,0.5701,85.33,0.82,1.0141,Rule 1: Topographic Elevation vs. Inundation Velocity Violation,Elevation_Sparsity,TRAPPED_AND_PURGED
2026-04-15 08:07:25.848,TRC-5EAD6FF9,Hazratganj,1.0394,82.51,0.62,0.9827,Rule 3: Capillary Fringe Saturation Paradox,Elevation_Sparsity,TRAPPED_AND_PURGED
2026-04-15 08:07:16.927,TRC-3450F35B,Chowk,0.7849,95.91,2.63,1.1194,Rule 2: Mass Balance (Discharge-Runoff) Asymmetry,SAR_VH_Noise,TRAPPED_AND_PURGED
2026-04-15 08:10:20.568,TRC-0EDA803B,Aliganj,0.657,71.66,10.87,0.7295,Rule 1: Topographic Elevation vs. Inundation Velocity Violation,Elevation_Sparsity,TRAPPED_AND_PURGED
2026-04-15 08:12:32.306,TRC-4816C04A,Aminabad,0.9978,79.32,12.8,0.7982,Rule 1: Topographic Elevation vs. Inundation Velocity Violation,Sensor_Dropout,TRAPPED_AND_PURGED
2026-04-15 08:22:34.338,TRC-5B40E6C9,Aliganj,0.9763,97.16,2.91,1.131,Rule 1: Topographic Elevation vs. Inundation Velocity Violation,Runoff_Lag,TRAPPED_AND_PURGED
2026-04-15 08:18:20.544,TRC-30495A91,Aliganj,0.72,91.6,0.38,1.0946,Rule 1: Topographic Elevation vs. Inundation Velocity Violation,SAR_VH_Noise,TRAPPED_AND_PURGED
2026-04-15 08:24:08.088,TRC-D62BF452,Gomti Nagar,0.8536,81.31,14.66,0.7998,Rule 5: Demographic Vulnerability Triggered w/o Hydrological Base,Elevation_Sparsity,TRAPPED_AND_PURGED
2026-04-15 08:03:36.354,TRC-EAB0D9D9,Gomti Nagar,0.8243,69.27,6.92,0.7482,Rule 5: Demographic Vulnerability Triggered w/o Hydrological Base,SAR_VH_Noise,TRAPPED_AND_PURGED
2026-04-15 08:05:01.322,TRC-323708D5,Aliganj,0.7637,66.96,6.29,0.728,Rule 4: SAR-VH Backscatter vs. Optical Mask Conflict,Sensor_Dropout,TRAPPED_AND_PURGED
2026-04-15 08:08:25.833,TRC-089E54D3,Gomti Nagar,0.9297,79.41,11.15,0.8191,Rule 2: Mass Balance (Discharge-Runoff) Asymmetry,Elevation_Sparsity,TRAPPED_AND_PURGED
2026-04-15 08:15:59.462,TRC-EF9D3A03,Aminabad,0.7961,99.62,2.09,1.1704,Rule 1: Topographic Elevation vs. Inundation Velocity Violation,SAR_VH_Noise,TRAPPED_AND_PURGED
2026-04-15 08:15:43.941,TRC-C37C2953,Aminabad,0.6841,67.95,3.08,0.7784,Rule 1: Topographic Elevation vs. Inundation Velocity Violation,SAR_VH_Noise,TRAPPED_AND_PURGED
2026-04-15 08:08:24.128,TRC-65342E1D,Aminabad,1.07,70.17,12.58,0.6911,Rule 5: Demographic Vulnerability Triggered w/o Hydrological Base,Runoff_Lag,TRAPPED_AND_PURGED
2026-04-15 08:22:18.903,TRC-AF414D01,Gomti Nagar,0.9933,66.65,7.35,0.7116,Rule 4: SAR-VH Backscatter vs. Optical Mask Conflict,Sensor_Dropout,TRAPPED_AND_PURGED
2026-04-15 08:13:15.439,TRC-89E5B66F,Gomti Nagar,0.6968,91.81,6.0,1.0297,Rule 5: Demographic Vulnerability Triggered w/o Hydrological Base,Runoff_Lag,TRAPPED_AND_PURGED
2026-04-15 08:15:56.253,TRC-0BE23F06,Indira Nagar,0.781,98.75,14.37,1.0126,Rule 3: Capillary Fringe Saturation Paradox,Sensor_Dropout,TRAPPED_AND_PURGED
2026-04-15 08:17:27.663,TRC-0AB45544,Indira Nagar,0.8587,99.29,7.87,1.097,Rule 4: SAR-VH Backscatter vs. Optical Mask Conflict,Sensor_Dropout,TRAPPED_AND_PURGED
2026-04-15 08:04:58.295,TRC-EB35009A,Hazratganj,1.0646,69.7,2.69,0.8041,Rule 2: Mass Balance (Discharge-Runoff) Asymmetry,Sensor_Dropout,TRAPPED_AND_PURGED
2026-04-15 08:15:00.730,TRC-B604C3E1,Aliganj,0.7661,84.76,11.67,0.8771,Rule 5: Demographic Vulnerability Triggered w/o Hydrological Base,SAR_VH_Noise,TRAPPED_AND_PURGED
2026-04-15 08:18:44.379,TRC-61801751,Indira Nagar,0.6955,78.61,3.67,0.8993,Rule 3: Capillary Fringe Saturation Paradox,Runoff_Lag,TRAPPED_AND_PURGED
2026-04-15 08:07:15.932,TRC-812A2710,Aliganj,0.8199,99.03,9.14,1.0787,Rule 2: Mass Balance (Discharge-Runoff) Asymmetry,Sensor_Dropout,TRAPPED_AND_PURGED
2026-04-15 08:05:45.389,TRC-F2A0DEDF,Hazratganj,0.8336,92.67,7.5,1.022,Rule 4: SAR-VH Backscatter vs. Optical Mask Conflict,Sensor_Dropout,TRAPPED_AND_PURGED
2026-04-15 08:03:38.610,TRC-8CDA04AF,Chowk,0.7655,96.53,4.12,1.1089,Rule 3: Capillary Fringe Saturation Paradox,Runoff_Lag,TRAPPED_AND_PURGED
2026-04-15 08:08:57.882,TRC-B1F496E2,Aminabad,0.6712,72.26,12.23,0.7204,Rule 4: SAR-VH Backscatter vs. Optical Mask Conflict,Elevation_Sparsity,TRAPPED_AND_PURGED
2026-04-15 08:08:05.173,TRC-81C1C57A,Hazratganj,0.6531,87.6,4.93,0.992,Rule 3: Capillary Fringe Saturation Paradox,SAR_VH_Noise,TRAPPED_AND_PURGED
2026-04-15 08:12:30.555,TRC-3D667086,Gomti Nagar,0.4481,72.31,3.45,0.8263,Rule 1: Topographic Elevation vs. Inundation Velocity Violation,Sensor_Dropout,TRAPPED_AND_PURGED
2026-04-15 08:06:51.107,TRC-46C28317,Aminabad,0.9262,82.91,13.63,0.8314,Rule 4: SAR-VH Backscatter vs. Optical Mask Conflict,Sensor_Dropout,TRAPPED_AND_PURGED
2026-04-15 08:23:02.468,TRC-BFC6B700,Aliganj,0.7151,65.49,1.4,0.7691,Rule 5: Demographic Vulnerability Triggered w/o Hydrological Base,SAR_VH_Noise,TRAPPED_AND_PURGED
2026-04-15 08:15:05.957,TRC-5AC2FC01,Gomti Nagar,0.8512,73.34,13.08,0.7231,Rule 5: Demographic Vulnerability Triggered w/o Hydrological Base,Sensor_Dropout,TRAPPED_AND_PURGED
2026-04-15 08:09:45.776,TRC-A6903B38,Hazratganj,0.8585,89.48,9.5,0.9598,Rule 5: Demographic Vulnerability Triggered w/o Hydrological Base,Runoff_Lag,TRAPPED_AND_PURGED
2026-04-15 08:03:44.618,TRC-FBB7FE6F,Indira Nagar,0.6977,73.26,11.91,0.7362,Rule 2: Mass Balance (Discharge-Runoff) Asymmetry,SAR_VH_Noise,TRAPPED_AND_PURGED
2026-04-15 08:26:18.342,TRC-DF327E6D,Hazratganj,0.8314,94.39,3.19,1.0944,Rule 5: Demographic Vulnerability Triggered w/o Hydrological Base,Sensor_Dropout,TRAPPED_AND_PURGED
2026-04-15 08:18:03.297,TRC-52134510,Hazratganj,0.9553,66.59,9.3,0.6875,Rule 2: Mass Balance (Discharge-Runoff) Asymmetry,Sensor_Dropout,TRAPPED_AND_PURGED
2026-04-15 08:01:36.273,TRC-8238DFEB,Hazratganj,0.6664,83.4,9.36,0.8885,Rule 4: SAR-VH Backscatter vs. Optical Mask Conflict,SAR_VH_Noise,TRAPPED_AND_PURGED
2026-04-15 08:25:16.830,TRC-7A0CF45E,Chowk,0.888,72.78,0.43,0.8682,Rule 3: Capillary Fringe Saturation Paradox,Elevation_Sparsity,TRAPPED_AND_PURGED
2026-04-15 08:24:55.978,TRC-782D8699,Gomti Nagar,1.0007,72.33,7.04,0.7835,Rule 3: Capillary Fringe Saturation Paradox,Sensor_Dropout,TRAPPED_AND_PURGED
2026-04-15 08:12:09.423,TRC-09595117,Gomti Nagar,0.6965,87.01,7.11,0.9588,Rule 4: SAR-VH Backscatter vs. Optical Mask Conflict,SAR_VH_Noise,TRAPPED_AND_PURGED
2026-04-15 08:25:08.950,TRC-07F96FC0,Aliganj,0.5528,94.1,14.41,0.9563,Rule 3: Capillary Fringe Saturation Paradox,Elevation_Sparsity,TRAPPED_AND_PURGED
2026-04-15 08:08:13.073,TRC-24930AAD,Chowk,0.7442,84.74,1.2,1.0025,Rule 2: Mass Balance (Discharge-Runoff) Asymmetry,Elevation_Sparsity,TRAPPED_AND_PURGED
2026-04-15 08:01:42.575,TRC-ECD806E6,Aminabad,0.8244,88.81,14.49,0.8918,Rule 2: Mass Balance (Discharge-Runoff) Asymmetry,Runoff_Lag,TRAPPED_AND_PURGED
2026-04-15 08:20:22.653,TRC-A89C65AD,Gomti Nagar,0.8235,83.19,10.83,0.8683,Rule 1: Topographic Elevation vs. Inundation Velocity Violation,Runoff_Lag,TRAPPED_AND_PURGED
2026-04-15 08:10:19.338,TRC-A6A6AEA9,Gomti Nagar,0.7942,87.46,14.95,0.8701,Rule 2: Mass Balance (Discharge-Runoff) Asymmetry,SAR_VH_Noise,TRAPPED_AND_PURGED
2026-04-15 08:18:00.139,TRC-411E9ECE,Gomti Nagar,0.561,89.31,12.88,0.9172,Rule 3: Capillary Fringe Saturation Paradox,Sensor_Dropout,TRAPPED_AND_PURGED
2026-04-15 08:24:58.046,TRC-1148A86E,Aliganj,0.7564,82.6,9.53,0.8768,Rule 4: SAR-VH Backscatter vs. Optical Mask Conflict,Elevation_Sparsity,TRAPPED_AND_PURGED
2026-04-15 08:18:45.443,TRC-38993426,Gomti Nagar,0.7205,81.55,14.76,0.8015,Rule 2: Mass Balance (Discharge-Runoff) Asymmetry,Runoff_Lag,TRAPPED_AND_PURGED
2026-04-15 08:06:03.301,TRC-6B63B3A2,Gomti Nagar,0.8002,97.49,0.41,1.165,Rule 4: SAR-VH Backscatter vs. Optical Mask Conflict,Elevation_Sparsity,TRAPPED_AND_PURGED
2026-04-15 08:12:11.115,TRC-C191089E,Chowk,0.8746,99.01,2.04,1.1636,Rule 3: Capillary Fringe Saturation Paradox,Sensor_Dropout,TRAPPED_AND_PURGED
2026-04-15 08:20:39.139,TRC-F0E10F94,Hazratganj,0.9875,93.43,1.81,1.0994,Rule 2: Mass Balance (Discharge-Runoff) Asymmetry,Sensor_Dropout,TRAPPED_AND_PURGED
2026-04-15 08:10:03.751,TRC-D3A26E1A,Hazratganj,0.88,84.9,11.69,0.8785,Rule 4: SAR-VH Backscatter vs. Optical Mask Conflict,Sensor_Dropout,TRAPPED_AND_PURGED
2026-04-15 08:03:11.094,TRC-A7B2759B,Gomti Nagar,0.8334,88.19,12.45,0.9089,Rule 1: Topographic Elevation vs. Inundation Velocity Violation,SAR_VH_Noise,TRAPPED_AND_PURGED
2026-04-15 08:05:30.654,TRC-3ADAFF17,Hazratganj,1.1253,84.63,1.25,1.0006,Rule 4: SAR-VH Backscatter vs. Optical Mask Conflict,SAR_VH_Noise,TRAPPED_AND_PURGED
2026-04-15 08:08:34.154,TRC-FCBB3FA0,Hazratganj,0.9003,75.68,5.78,0.8388,Rule 5: Demographic Vulnerability Triggered w/o Hydrological Base,Runoff_Lag,TRAPPED_AND_PURGED
2026-04-15 08:23:42.304,TRC-76299524,Gomti Nagar,1.0024,73.24,13.44,0.7176,Rule 4: SAR-VH Backscatter vs. Optical Mask Conflict,Sensor_Dropout,TRAPPED_AND_PURGED
2026-04-15 08:02:03.851,TRC-B2C36DA1,Gomti Nagar,0.7133,70.38,4.88,0.786,Rule 5: Demographic Vulnerability Triggered w/o Hydrological Base,Sensor_Dropout,TRAPPED_AND_PURGED
2026-04-15 08:17:56.423,TRC-A223CD17,Aliganj,0.996,94.8,4.99,1.0777,Rule 3: Capillary Fringe Saturation Paradox,SAR_VH_Noise,TRAPPED_AND_PURGED
2026-04-15 08:18:26.214,TRC-C1BCB1F4,Gomti Nagar,0.7178,83.23,9.84,0.8807,Rule 3: Capillary Fringe Saturation Paradox,Elevation_Sparsity,TRAPPED_AND_PURGED
2026-04-15 08:19:17.847,TRC-B3CB6139,Aminabad,0.8556,90.36,12.38,0.9358,Rule 5: Demographic Vulnerability Triggered w/o Hydrological Base,Runoff_Lag,TRAPPED_AND_PURGED
2026-04-15 08:21:43.990,TRC-E4A69DE0,Aminabad,0.9277,69.14,12.21,0.6832,Rule 2: Mass Balance (Discharge-Runoff) Asymmetry,Elevation_Sparsity,TRAPPED_AND_PURGED
2026-04-15 08:14:36.487,TRC-E6A39D3E,Aliganj,0.7533,81.18,9.24,0.8633,Rule 1: Topographic Elevation vs. Inundation Velocity Violation,Elevation_Sparsity,TRAPPED_AND_PURGED
2026-04-15 08:18:19.258,TRC-7D791C7B,Indira Nagar,0.6687,86.7,2.36,1.0121,Rule 2: Mass Balance (Discharge-Runoff) Asymmetry,Runoff_Lag,TRAPPED_AND_PURGED
2026-04-15 08:11:22.263,TRC-B0DE7384,Indira Nagar,0.4949,89.85,14.99,0.8983,Rule 4: SAR-VH Backscatter vs. Optical Mask Conflict,Runoff_Lag,TRAPPED_AND_PURGED
2026-04-15 08:25:29.639,TRC-1CA91684,Gomti Nagar,0.805,98.01,14.72,0.9995,Rule 4: SAR-VH Backscatter vs. Optical Mask Conflict,Runoff_Lag,TRAPPED_AND_PURGED
2026-04-15 08:07:05.763,TRC-518BAA1E,Aliganj,0.7005,81.47,11.97,0.834,Rule 4: SAR-VH Backscatter vs. Optical Mask Conflict,SAR_VH_Noise,TRAPPED_AND_PURGED
2026-04-15 08:10:47.439,TRC-74B9168F,Indira Nagar,0.8248,75.87,13.31,0.7507,Rule 1: Topographic Elevation vs. Inundation Velocity Violation,SAR_VH_Noise,TRAPPED_AND_PURGED
2026-04-15 08:10:43.435,TRC-2313A7F8,Aliganj,0.8157,78.5,3.75,0.897,Rule 3: Capillary Fringe Saturation Paradox,Runoff_Lag,TRAPPED_AND_PURGED
2026-04-15 08:11:27.057,TRC-DF42BD9C,Aliganj,0.7608,83.98,5.06,0.947,Rule 5: Demographic Vulnerability Triggered w/o Hydrological Base,Elevation_Sparsity,TRAPPED_AND_PURGED
2026-04-15 08:14:12.038,TRC-D2C31BC7,Aliganj,1.2776,80.67,9.35,0.8558,Rule 5: Demographic Vulnerability Triggered w/o Hydrological Base,Elevation_Sparsity,TRAPPED_AND_PURGED
2026-04-15 08:09:12.139,TRC-3434F310,Indira Nagar,1.0263,65.76,10.87,0.6587,Rule 4: SAR-VH Backscatter vs. Optical Mask Conflict,Sensor_Dropout,TRAPPED_AND_PURGED
2026-04-15 08:10:56.883,TRC-B02029AB,Gomti Nagar,1.1252,95.94,3.0,1.1153,Rule 1: Topographic Elevation vs. Inundation Velocity Violation,Elevation_Sparsity,TRAPPED_AND_PURGED
2026-04-15 08:15:13.196,TRC-08DC2749,Aliganj,0.7573,77.4,10.14,0.8071,Rule 3: Capillary Fringe Saturation Paradox,Sensor_Dropout,TRAPPED_AND_PURGED
2026-04-15 08:22:29.006,TRC-3E63195A,Gomti Nagar,1.0703,93.01,1.98,1.0924,Rule 3: Capillary Fringe Saturation Paradox,Sensor_Dropout,TRAPPED_AND_PURGED
2026-04-15 08:26:41.456,TRC-451748D2,Chowk,0.811,95.0,13.01,0.9839,Rule 5: Demographic Vulnerability Triggered w/o Hydrological Base,SAR_VH_Noise,TRAPPED_AND_PURGED
2026-04-15 08:22:28.983,TRC-CE2CCF63,Aminabad,1.0553,94.78,13.6,0.9742,Rule 2: Mass Balance (Discharge-Runoff) Asymmetry,Runoff_Lag,TRAPPED_AND_PURGED
2026-04-15 08:30:29.676,TRC-F0149332,Indira Nagar,0.7402,80.65,6.77,0.8866,Rule 1: Topographic Elevation vs. Inundation Velocity Violation,Runoff_Lag,TRAPPED_AND_PURGED
2026-04-15 08:18:17.810,TRC-026151CD,Chowk,1.2664,80.67,11.2,0.8336,Rule 1: Topographic Elevation vs. Inundation Velocity Violation,Sensor_Dropout,TRAPPED_AND_PURGED
2026-04-15 08:22:15.201,TRC-285EE7B6,Indira Nagar,1.0624,71.48,6.34,0.7817,Rule 3: Capillary Fringe Saturation Paradox,Runoff_Lag,TRAPPED_AND_PURGED
2026-04-15 08:19:53.951,TRC-3FA6D4BE,Gomti Nagar,0.8936,92.43,12.74,0.9563,Rule 2: Mass Balance (Discharge-Runoff) Asymmetry,Runoff_Lag,TRAPPED_AND_PURGED
2026-04-15 08:24:17.866,TRC-B1076904,Aminabad,0.7388,82.35,1.45,0.9708,Rule 2: Mass Balance (Discharge-Runoff) Asymmetry,Runoff_Lag,TRAPPED_AND_PURGED
2026-04-15 08:28:07.869,TRC-9AF5959B,Aminabad,0.88,70.83,11.26,0.7148,Rule 3: Capillary Fringe Saturation Paradox,SAR_VH_Noise,TRAPPED_AND_PURGED
2026-04-15 08:03:38.239,TRC-95C5547F,Indira Nagar,0.8132,92.93,6.51,1.037,Rule 2: Mass Balance (Discharge-Runoff) Asymmetry,Runoff_Lag,TRAPPED_AND_PURGED
2026-04-15 08:30:48.645,TRC-E5AF4DE4,Indira Nagar,0.7091,65.96,10.43,0.6664,Rule 5: Demographic Vulnerability Triggered w/o Hydrological Base,Sensor_Dropout,TRAPPED_AND_PURGED
2026-04-15 08:11:04.068,TRC-FFBD3E2C,Gomti Nagar,0.9249,75.13,12.88,0.747,Rule 2: Mass Balance (Discharge-Runoff) Asymmetry,SAR_VH_Noise,TRAPPED_AND_PURGED
2026-04-15 08:04:36.669,TRC-486767F8,Aminabad,0.8133,93.66,13.3,0.9643,Rule 2: Mass Balance (Discharge-Runoff) Asymmetry,Runoff_Lag,TRAPPED_AND_PURGED
2026-04-15 08:09:25.718,TRC-ED4A1B26,Hazratganj,0.6873,65.53,0.4,0.7816,Rule 2: Mass Balance (Discharge-Runoff) Asymmetry,Runoff_Lag,TRAPPED_AND_PURGED
2026-04-15 08:13:02.188,TRC-18BF3E15,Aliganj,0.5712,71.94,9.9,0.7445,Rule 5: Demographic Vulnerability Triggered w/o Hydrological Base,Sensor_Dropout,TRAPPED_AND_PURGED
2026-04-15 08:23:58.595,TRC-A3D4CC54,Aminabad,0.7015,95.58,3.76,1.1018,Rule 2: Mass Balance (Discharge-Runoff) Asymmetry,Runoff_Lag,TRAPPED_AND_PURGED
2026-04-15 08:28:50.396,TRC-77286C91,Aliganj,1.0332,66.72,4.24,0.7498,Rule 3: Capillary Fringe Saturation Paradox,Runoff_Lag,TRAPPED_AND_PURGED
2026-04-15 08:12:36.615,TRC-EFA0D560,Gomti Nagar,0.8404,87.29,10.58,0.9205,Rule 2: Mass Balance (Discharge-Runoff) Asymmetry,Elevation_Sparsity,TRAPPED_AND_PURGED
2026-04-15 08:20:57.858,TRC-E451E3F1,Aminabad,0.9957,81.4,6.67,0.8968,Rule 4: SAR-VH Backscatter vs. Optical Mask Conflict,Sensor_Dropout,TRAPPED_AND_PURGED
2026-04-15 08:21:27.445,TRC-A8392FC4,Indira Nagar,0.9661,99.19,8.93,1.0831,Rule 3: Capillary Fringe Saturation Paradox,Sensor_Dropout,TRAPPED_AND_PURGED
2026-04-15 08:19:53.967,TRC-87B07116,Hazratganj,0.788,65.49,7.1,0.7007,Rule 3: Capillary Fringe Saturation Paradox,Runoff_Lag,TRAPPED_AND_PURGED
2026-04-15 08:18:25.172,TRC-2A8C45CF,Aliganj,0.8807,76.36,0.98,0.9046,Rule 3: Capillary Fringe Saturation Paradox,Runoff_Lag,TRAPPED_AND_PURGED
2026-04-15 08:10:01.856,TRC-4DB95F62,Aliganj,0.7741,81.75,9.59,0.8659,Rule 1: Topographic Elevation vs. Inundation Velocity Violation,Elevation_Sparsity,TRAPPED_AND_PURGED
2026-04-15 08:30:23.855,TRC-9CA62B02,Chowk,0.962,75.42,7.9,0.8102,Rule 5: Demographic Vulnerability Triggered w/o Hydrological Base,SAR_VH_Noise,TRAPPED_AND_PURGED
2026-04-15 08:30:04.281,TRC-B87308C2,Aliganj,0.7671,66.79,6.04,0.729,Rule 1: Topographic Elevation vs. Inundation Velocity Violation,SAR_VH_Noise,TRAPPED_AND_PURGED
2026-04-15 08:26:26.109,TRC-5D8DA06B,Hazratganj,0.5788,71.9,11.11,0.7295,Rule 1: Topographic Elevation vs. Inundation Velocity Violation,SAR_VH_Noise,TRAPPED_AND_PURGED
2026-04-15 08:21:59.455,TRC-15556F1B,Aliganj,0.6495,74.81,0.39,0.893,Rule 1: Topographic Elevation vs. Inundation Velocity Violation,SAR_VH_Noise,TRAPPED_AND_PURGED
2026-04-15 08:03:08.191,TRC-56277053,Chowk,0.8121,97.8,10.36,1.0493,Rule 5: Demographic Vulnerability Triggered w/o Hydrological Base,Runoff_Lag,TRAPPED_AND_PURGED
2026-04-15 08:24:18.144,TRC-F805FC2C,Gomti Nagar,1.0145,65.54,8.74,0.6816,Rule 3: Capillary Fringe Saturation Paradox,Elevation_Sparsity,TRAPPED_AND_PURGED
2026-04-15 08:17:44.442,TRC-6ACC7820,Hazratganj,0.8234,93.28,13.82,0.9535,Rule 5: Demographic Vulnerability Triggered w/o Hydrological Base,Sensor_Dropout,TRAPPED_AND_PURGED
2026-04-15 08:31:00.829,TRC-F174F671,Aliganj,1.0156,77.93,5.56,0.8684,Rule 2: Mass Balance (Discharge-Runoff) Asymmetry,SAR_VH_Noise,TRAPPED_AND_PURGED
2026-04-15 08:08:54.372,TRC-37C573E9,Hazratganj,0.6712,94.64,10.0,1.0157,Rule 5: Demographic Vulnerability Triggered w/o Hydrological Base,Elevation_Sparsity,TRAPPED_AND_PURGED
2026-04-15 08:26:30.280,TRC-9C1CCEC1,Chowk,0.8802,73.72,9.06,0.7759,Rule 3: Capillary Fringe Saturation Paradox,SAR_VH_Noise,TRAPPED_AND_PURGED
2026-04-15 08:06:24.828,TRC-00D25A7F,Chowk,0.5445,78.27,11.33,0.8033,Rule 5: Demographic Vulnerability Triggered w/o Hydrological Base,SAR_VH_Noise,TRAPPED_AND_PURGED
2026-04-15 08:27:49.659,TRC-C284AC5F,Aliganj,0.8047,66.41,10.67,0.6689,Rule 5: Demographic Vulnerability Triggered w/o Hydrological Base,Runoff_Lag,TRAPPED_AND_PURGED
2026-04-15 08:25:47.157,TRC-7882E31A,Hazratganj,0.9758,66.58,2.05,0.7744,Rule 1: Topographic Elevation vs. Inundation Velocity Violation,Runoff_Lag,TRAPPED_AND_PURGED
2026-04-15 08:23:38.350,TRC-EEA7CDFA,Gomti Nagar,0.7364,66.4,11.87,0.6544,Rule 5: Demographic Vulnerability Triggered w/o Hydrological Base,Runoff_Lag,TRAPPED_AND_PURGED
2026-04-15 08:31:47.655,TRC-7F1A44F6,Aminabad,0.6728,90.46,11.29,0.95,Rule 3: Capillary Fringe Saturation Paradox,Runoff_Lag,TRAPPED_AND_PURGED
2026-04-15 08:33:01.432,TRC-80012217,Aminabad,0.839,90.0,10.37,0.9556,Rule 2: Mass Balance (Discharge-Runoff) Asymmetry,SAR_VH_Noise,TRAPPED_AND_PURGED
2026-04-15 08:20:18.206,TRC-0F2E1A42,Hazratganj,0.309,71.17,1.93,0.8309,Rule 4: SAR-VH Backscatter vs. Optical Mask Conflict,Elevation_Sparsity,TRAPPED_AND_PURGED
2026-04-15 08:26:11.035,TRC-9B503905,Chowk,0.8252,95.99,1.51,1.1338,Rule 3: Capillary Fringe Saturation Paradox,Elevation_Sparsity,TRAPPED_AND_PURGED
2026-04-15 08:11:27.197,TRC-6D0FB061,Gomti Nagar,0.868,76.45,13.49,0.7555,Rule 4: SAR-VH Backscatter vs. Optical Mask Conflict,Runoff_Lag,TRAPPED_AND_PURGED
2026-04-15 08:20:03.811,TRC-BAA75318,Gomti Nagar,1.0353,85.14,12.8,0.8681,Rule 3: Capillary Fringe Saturation Paradox,SAR_VH_Noise,TRAPPED_AND_PURGED
2026-04-15 08:21:41.240,TRC-5C97A048,Gomti Nagar,0.9497,82.37,1.94,0.9652,Rule 1: Topographic Elevation vs. Inundation Velocity Violation,Elevation_Sparsity,TRAPPED_AND_PURGED
2026-04-15 08:19:01.062,TRC-73385583,Gomti Nagar,0.7822,80.74,9.41,0.856,Rule 5: Demographic Vulnerability Triggered w/o Hydrological Base,SAR_VH_Noise,TRAPPED_AND_PURGED
2026-04-15 08:03:56.324,TRC-CCC67DBF,Hazratganj,0.8924,71.34,7.73,0.7633,Rule 3: Capillary Fringe Saturation Paradox,SAR_VH_Noise,TRAPPED_AND_PURGED
2026-04-15 08:32:34.527,TRC-FA277FC7,Hazratganj,0.7754,66.29,14.44,0.6222,Rule 2: Mass Balance (Discharge-Runoff) Asymmetry,Runoff_Lag,TRAPPED_AND_PURGED
2026-04-15 08:20:14.974,TRC-446C94D1,Indira Nagar,0.9951,99.35,11.65,1.0524,Rule 5: Demographic Vulnerability Triggered w/o Hydrological Base,Runoff_Lag,TRAPPED_AND_PURGED
2026-04-15 08:30:52.875,TRC-258D66CF,Aminabad,0.7898,94.48,10.61,1.0064,Rule 5: Demographic Vulnerability Triggered w/o Hydrological Base,Runoff_Lag,TRAPPED_AND_PURGED
2026-04-15 08:09:38.553,TRC-D88F23C8,Aliganj,0.8366,67.01,0.92,0.7931,Rule 4: SAR-VH Backscatter vs. Optical Mask Conflict,Sensor_Dropout,TRAPPED_AND_PURGED
2026-04-15 08:25:50.313,TRC-FE3FD6A6,Chowk,0.8197,84.28,1.38,0.9948,Rule 3: Capillary Fringe Saturation Paradox,Sensor_Dropout,TRAPPED_AND_PURGED
2026-04-15 08:10:19.066,TRC-52751891,Indira Nagar,0.5391,66.45,1.54,0.7789,Rule 3: Capillary Fringe Saturation Paradox,Runoff_Lag,TRAPPED_AND_PURGED
2026-04-15 08:02:20.997,TRC-32AD790E,Aliganj,0.6722,91.82,12.36,0.9535,Rule 1: Topographic Elevation vs. Inundation Velocity Violation,SAR_VH_Noise,TRAPPED_AND_PURGED
2026-04-15 08:14:08.000,TRC-C4D0E180,Aminabad,0.5632,69.87,12.27,0.6912,Rule 3: Capillary Fringe Saturation Paradox,Elevation_Sparsity,TRAPPED_AND_PURGED
2026-04-15 08:30:02.844,TRC-2CA5E877,Indira Nagar,0.9203,69.81,5.68,0.7696,Rule 4: SAR-VH Backscatter vs. Optical Mask Conflict,Sensor_Dropout,TRAPPED_AND_PURGED
2026-04-15 08:20:39.317,TRC-09C280B0,Indira Nagar,0.8095,69.73,7.05,0.7522,Rule 1: Topographic Elevation vs. Inundation Velocity Violation,Elevation_Sparsity,TRAPPED_AND_PURGED
2026-04-15 08:23:49.854,TRC-BAB337CF,Gomti Nagar,0.5459,77.07,2.34,0.8968,Rule 1: Topographic Elevation vs. Inundation Velocity Violation,Runoff_Lag,TRAPPED_AND_PURGED
2026-04-15 08:26:18.652,TRC-810D2FBD,Chowk,0.789,79.96,8.79,0.854,Rule 2: Mass Balance (Discharge-Runoff) Asymmetry,Runoff_Lag,TRAPPED_AND_PURGED
2026-04-15 08:24:35.522,TRC-39499BAD,Aliganj,0.6966,82.97,10.86,0.8653,Rule 4: SAR-VH Backscatter vs. Optical Mask Conflict,SAR_VH_Noise,TRAPPED_AND_PURGED
2026-04-15 08:22:19.182,TRC-E4CAEA15,Aliganj,0.8285,66.22,2.74,0.7618,Rule 1: Topographic Elevation vs. Inundation Velocity Violation,Sensor_Dropout,TRAPPED_AND_PURGED
2026-04-15 08:20:49.151,TRC-7B283B69,Chowk,0.8274,95.94,5.52,1.085,Rule 4: SAR-VH Backscatter vs. Optical Mask Conflict,SAR_VH_Noise,TRAPPED_AND_PURGED
2026-04-15 08:30:19.144,TRC-CB98B3AE,Chowk,0.9088,72.07,0.42,0.8598,Rule 5: Demographic Vulnerability Triggered w/o Hydrological Base,Runoff_Lag,TRAPPED_AND_PURGED
2026-04-15 08:26:38.706,TRC-11CD1131,Chowk,0.7178,88.2,0.91,1.0475,Rule 3: Capillary Fringe Saturation Paradox,Sensor_Dropout,TRAPPED_AND_PURGED
2026-04-15 08:24:30.902,TRC-1A7B85C3,Indira Nagar,0.7151,91.9,7.81,1.0091,Rule 2: Mass Balance (Discharge-Runoff) Asymmetry,SAR_VH_Noise,TRAPPED_AND_PURGED
2026-04-15 08:04:49.071,TRC-520098B5,Chowk,1.0452,65.77,11.88,0.6467,Rule 2: Mass Balance (Discharge-Runoff) Asymmetry,Sensor_Dropout,TRAPPED_AND_PURGED
2026-04-15 08:18:38.413,TRC-EE9A19AA,Aliganj,0.6059,70.57,13.45,0.6854,Rule 4: SAR-VH Backscatter vs. Optical Mask Conflict,SAR_VH_Noise,TRAPPED_AND_PURGED
2026-04-15 08:09:17.158,TRC-74D2B8B9,Hazratganj,1.0859,87.88,8.73,0.9498,Rule 4: SAR-VH Backscatter vs. Optical Mask Conflict,Elevation_Sparsity,TRAPPED_AND_PURGED
2026-04-15 08:20:57.694,TRC-C78AD9D7,Gomti Nagar,0.9633,88.32,7.34,0.9718,Rule 5: Demographic Vulnerability Triggered w/o Hydrological Base,SAR_VH_Noise,TRAPPED_AND_PURGED
2026-04-15 08:27:19.630,TRC-B5E7E01B,Aliganj,0.9697,79.07,2.53,0.9185,Rule 4: SAR-VH Backscatter vs. Optical Mask Conflict,Runoff_Lag,TRAPPED_AND_PURGED
2026-04-15 08:27:12.676,TRC-CD59956F,Aliganj,1.0881,69.95,12.43,0.6902,Rule 1: Topographic Elevation vs. Inundation Velocity Violation,Runoff_Lag,TRAPPED_AND_PURGED
2026-04-15 08:20:58.956,TRC-BCA7906F,Aliganj,0.9288,70.29,8.96,0.736,Rule 1: Topographic Elevation vs. Inundation Velocity Violation,Sensor_Dropout,TRAPPED_AND_PURGED
2026-04-15 08:26:14.413,TRC-DB76D741,Indira Nagar,0.7806,74.34,11.01,0.76,Rule 4: SAR-VH Backscatter vs. Optical Mask Conflict,Runoff_Lag,TRAPPED_AND_PURGED
2026-04-15 08:02:50.594,TRC-EE133647,Indira Nagar,0.8432,99.54,11.98,1.0507,Rule 4: SAR-VH Backscatter vs. Optical Mask Conflict,Elevation_Sparsity,TRAPPED_AND_PURGED
2026-04-15 08:16:53.250,TRC-DE6FBD0D,Chowk,0.5563,67.54,10.99,0.6786,Rule 3: Capillary Fringe Saturation Paradox,SAR_VH_Noise,TRAPPED_AND_PURGED
2026-04-15 08:24:27.602,TRC-076E31F1,Indira Nagar,0.9386,67.09,14.37,0.6326,Rule 1: Topographic Elevation vs. Inundation Velocity Violation,Elevation_Sparsity,TRAPPED_AND_PURGED
2026-04-15 08:13:37.760,TRC-34507E8E,Chowk,0.9664,65.85,1.72,0.7696,Rule 4: SAR-VH Backscatter vs. Optical Mask Conflict,Runoff_Lag,TRAPPED_AND_PURGED
2026-04-15 08:36:34.143,TRC-9105C173,Indira Nagar,0.759,80.39,5.7,0.8963,Rule 5: Demographic Vulnerability Triggered w/o Hydrological Base,SAR_VH_Noise,TRAPPED_AND_PURGED
2026-04-15 08:10:31.647,TRC-C93823D4,Aminabad,0.8359,85.23,6.94,0.9395,Rule 1: Topographic Elevation vs. Inundation Velocity Violation,Sensor_Dropout,TRAPPED_AND_PURGED
2026-04-15 08:01:42.525,TRC-6176978C,Hazratganj,0.8123,82.61,3.46,0.9498,Rule 3: Capillary Fringe Saturation Paradox,Elevation_Sparsity,TRAPPED_AND_PURGED
2026-04-15 08:21:17.086,TRC-EAC398DD,Hazratganj,0.946,65.36,4.17,0.7343,Rule 4: SAR-VH Backscatter vs. Optical Mask Conflict,Elevation_Sparsity,TRAPPED_AND_PURGED
2026-04-15 08:26:10.967,TRC-B917F7FE,Chowk,0.819,78.63,3.96,0.896,Rule 2: Mass Balance (Discharge-Runoff) Asymmetry,Elevation_Sparsity,TRAPPED_AND_PURGED
2026-04-15 08:20:58.540,TRC-2C31A12D,Aliganj,0.7553,79.06,12.99,0.7928,Rule 5: Demographic Vulnerability Triggered w/o Hydrological Base,SAR_VH_Noise,TRAPPED_AND_PURGED
2026-04-15 08:19:49.565,TRC-47F24E7A,Chowk,0.7336,97.39,0.83,1.1587,Rule 4: SAR-VH Backscatter vs. Optical Mask Conflict,Elevation_Sparsity,TRAPPED_AND_PURGED
2026-04-15 08:32:49.459,TRC-A5CFD882,Hazratganj,0.2328,79.3,0.53,0.9452,Rule 3: Capillary Fringe Saturation Paradox,Elevation_Sparsity,TRAPPED_AND_PURGED
2026-04-15 08:11:39.074,TRC-2F7BE6D3,Indira Nagar,0.8648,81.88,14.05,0.814,Rule 3: Capillary Fringe Saturation Paradox,Runoff_Lag,TRAPPED_AND_PURGED
2026-04-15 08:19:08.922,TRC-44AAA183,Gomti Nagar,0.9977,79.95,6.78,0.878,Rule 4: SAR-VH Backscatter vs. Optical Mask Conflict,Runoff_Lag,TRAPPED_AND_PURGED
2026-04-15 08:01:46.027,TRC-B06A4700,Chowk,0.8362,80.61,12.41,0.8184,Rule 2: Mass Balance (Discharge-Runoff) Asymmetry,Runoff_Lag,TRAPPED_AND_PURGED
2026-04-15 08:12:23.680,TRC-FDB9B56C,Indira Nagar,0.9058,79.73,1.41,0.9398,Rule 1: Topographic Elevation vs. Inundation Velocity Violation,Elevation_Sparsity,TRAPPED_AND_PURGED
2026-04-15 08:27:23.441,TRC-B6680314,Chowk,0.5129,66.91,3.24,0.764,Rule 2: Mass Balance (Discharge-Runoff) Asymmetry,Runoff_Lag,TRAPPED_AND_PURGED
2026-04-15 08:34:34.711,TRC-D7F4DA71,Hazratganj,0.6638,88.49,1.04,1.0494,Rule 1: Topographic Elevation vs. Inundation Velocity Violation,SAR_VH_Noise,TRAPPED_AND_PURGED
2026-04-15 08:02:19.699,TRC-68223BE3,Indira Nagar,0.763,86.88,6.03,0.9702,Rule 2: Mass Balance (Discharge-Runoff) Asymmetry,Elevation_Sparsity,TRAPPED_AND_PURGED
2026-04-15 08:24:21.355,TRC-C33D409A,Aliganj,0.8671,73.03,3.6,0.8332,Rule 5: Demographic Vulnerability Triggered w/o Hydrological Base,Sensor_Dropout,TRAPPED_AND_PURGED
2026-04-15 08:01:26.004,TRC-CE082A85,Indira Nagar,0.8305,65.47,4.18,0.7355,Rule 3: Capillary Fringe Saturation Paradox,SAR_VH_Noise,TRAPPED_AND_PURGED
2026-04-15 08:14:53.279,TRC-B63C4059,Indira Nagar,0.6825,98.83,3.47,1.1443,Rule 2: Mass Balance (Discharge-Runoff) Asymmetry,Sensor_Dropout,TRAPPED_AND_PURGED
2026-04-15 08:06:17.997,TRC-327511D8,Gomti Nagar,0.7103,87.69,12.65,0.9005,Rule 2: Mass Balance (Discharge-Runoff) Asymmetry,Runoff_Lag,TRAPPED_AND_PURGED
2026-04-15 08:07:09.092,TRC-FE09B8A9,Indira Nagar,0.7677,83.62,8.12,0.906,Rule 1: Topographic Elevation vs. Inundation Velocity Violation,SAR_VH_Noise,TRAPPED_AND_PURGED
2026-04-15 08:12:38.146,TRC-869B07DD,Gomti Nagar,0.8651,98.12,1.67,1.1574,Rule 2: Mass Balance (Discharge-Runoff) Asymmetry,Runoff_Lag,TRAPPED_AND_PURGED
2026-04-15 08:10:36.941,TRC-EE025964,Aliganj,0.7973,67.76,14.24,0.6422,Rule 3: Capillary Fringe Saturation Paradox,Elevation_Sparsity,TRAPPED_AND_PURGED
2026-04-15 08:08:40.899,TRC-E2E11A42,Chowk,0.9647,73.91,5.13,0.8254,Rule 2: Mass Balance (Discharge-Runoff) Asymmetry,Elevation_Sparsity,TRAPPED_AND_PURGED
2026-04-15 08:09:31.106,TRC-5CE51EBC,Indira Nagar,0.5858,85.01,10.44,0.8948,Rule 5: Demographic Vulnerability Triggered w/o Hydrological Base,Elevation_Sparsity,TRAPPED_AND_PURGED
2026-04-15 08:17:52.279,TRC-C1DA2CA4,Hazratganj,0.6309,86.47,4.17,0.9876,Rule 1: Topographic Elevation vs. Inundation Velocity Violation,Elevation_Sparsity,TRAPPED_AND_PURGED
2026-04-15 08:20:22.970,TRC-A5F6C417,Indira Nagar,0.4804,86.82,2.07,1.017,Rule 1: Topographic Elevation vs. Inundation Velocity Violation,SAR_VH_Noise,TRAPPED_AND_PURGED
2026-04-15 08:01:54.605,TRC-7A55AD05,Chowk,0.7216,71.99,6.65,0.7841,Rule 3: Capillary Fringe Saturation Paradox,SAR_VH_Noise,TRAPPED_AND_PURGED
2026-04-15 08:03:32.652,TRC-F008FA8B,Aliganj,0.4898,98.7,4.55,1.1298,Rule 2: Mass Balance (Discharge-Runoff) Asymmetry,SAR_VH_Noise,TRAPPED_AND_PURGED
2026-04-15 08:14:48.893,TRC-A64017C7,Chowk,0.7445,68.56,12.35,0.6745,Rule 5: Demographic Vulnerability Triggered w/o Hydrological Base,Sensor_Dropout,TRAPPED_AND_PURGED
2026-04-15 08:17:21.237,TRC-B6630B63,Chowk,0.6794,95.04,11.29,1.005,Rule 1: Topographic Elevation vs. Inundation Velocity Violation,Sensor_Dropout,TRAPPED_AND_PURGED
2026-04-15 08:38:18.976,TRC-0C5976E5,Gomti Nagar,0.7745,77.82,2.93,0.8987,Rule 4: SAR-VH Backscatter vs. Optical Mask Conflict,Runoff_Lag,TRAPPED_AND_PURGED
2026-04-15 08:20:48.113,TRC-CBD9F746,Gomti Nagar,0.7465,69.59,0.79,0.8256,Rule 2: Mass Balance (Discharge-Runoff) Asymmetry,Runoff_Lag,TRAPPED_AND_PURGED
2026-04-15 08:31:48.708,TRC-E83586FD,Hazratganj,1.087,81.61,11.97,0.8357,Rule 1: Topographic Elevation vs. Inundation Velocity Violation,Elevation_Sparsity,TRAPPED_AND_PURGED
2026-04-15 08:36:19.903,TRC-FA7BF4A8,Gomti Nagar,0.5536,77.62,9.32,0.8196,Rule 5: Demographic Vulnerability Triggered w/o Hydrological Base,Runoff_Lag,TRAPPED_AND_PURGED
2026-04-15 08:26:43.721,TRC-B16D5857,Indira Nagar,0.5991,66.77,2.04,0.7768,Rule 2: Mass Balance (Discharge-Runoff) Asymmetry,Elevation_Sparsity,TRAPPED_AND_PURGED
2026-04-15 08:09:19.433,TRC-6D195855,Chowk,0.6975,87.81,10.64,0.926,Rule 4: SAR-VH Backscatter vs. Optical Mask Conflict,Runoff_Lag,TRAPPED_AND_PURGED
2026-04-15 08:15:28.594,TRC-B7D50868,Hazratganj,1.0019,78.29,6.65,0.8597,Rule 3: Capillary Fringe Saturation Paradox,SAR_VH_Noise,TRAPPED_AND_PURGED
2026-04-15 08:12:42.013,TRC-4FBE02A3,Gomti Nagar,0.9193,90.24,5.62,1.0154,Rule 4: SAR-VH Backscatter vs. Optical Mask Conflict,SAR_VH_Noise,TRAPPED_AND_PURGED
2026-04-15 08:34:07.475,TRC-228483EE,Aliganj,0.7131,75.91,12.89,0.7562,Rule 2: Mass Balance (Discharge-Runoff) Asymmetry,SAR_VH_Noise,TRAPPED_AND_PURGED
2026-04-15 08:20:08.053,TRC-A792ECDA,Aminabad,0.7982,86.67,9.83,0.9221,Rule 4: SAR-VH Backscatter vs. Optical Mask Conflict,Runoff_Lag,TRAPPED_AND_PURGED
2026-04-15 08:04:25.126,TRC-AA6ED9AE,Indira Nagar,0.7771,78.31,3.77,0.8945,Rule 3: Capillary Fringe Saturation Paradox,Sensor_Dropout,TRAPPED_AND_PURGED
2026-04-15 08:09:32.549,TRC-7F71263A,Hazratganj,0.7991,97.58,12.6,1.0198,Rule 5: Demographic Vulnerability Triggered w/o Hydrological Base,Elevation_Sparsity,TRAPPED_AND_PURGED
2026-04-15 08:22:05.706,TRC-12F9F307,Aminabad,0.5501,94.55,11.35,0.9984,Rule 3: Capillary Fringe Saturation Paradox,SAR_VH_Noise,TRAPPED_AND_PURGED
2026-04-15 08:38:22.266,TRC-FC8635E3,Gomti Nagar,0.6217,82.62,3.11,0.9541,Rule 2: Mass Balance (Discharge-Runoff) Asymmetry,Sensor_Dropout,TRAPPED_AND_PURGED
2026-04-15 08:13:40.523,TRC-8AAF97C7,Aliganj,0.8193,75.77,0.86,0.8989,Rule 3: Capillary Fringe Saturation Paradox,Runoff_Lag,TRAPPED_AND_PURGED
2026-04-15 08:01:24.803,TRC-DDB9C504,Hazratganj,0.7932,68.48,7.05,0.7372,Rule 2: Mass Balance (Discharge-Runoff) Asymmetry,Elevation_Sparsity,TRAPPED_AND_PURGED
2026-04-15 08:18:03.087,TRC-77BEE84E,Indira Nagar,0.7662,87.62,10.18,0.9293,Rule 5: Demographic Vulnerability Triggered w/o Hydrological Base,Runoff_Lag,TRAPPED_AND_PURGED
2026-04-15 08:29:25.729,TRC-7BE8B416,Aminabad,0.7934,79.37,6.54,0.874,Rule 3: Capillary Fringe Saturation Paradox,Elevation_Sparsity,TRAPPED_AND_PURGED
2026-04-15 08:20:03.921,TRC-70934822,Aliganj,0.5716,81.89,6.51,0.9046,Rule 3: Capillary Fringe Saturation Paradox,Elevation_Sparsity,TRAPPED_AND_PURGED
2026-04-15 08:17:45.710,TRC-010D4908,Hazratganj,0.4855,72.91,4.47,0.8213,Rule 1: Topographic Elevation vs. Inundation Velocity Violation,Elevation_Sparsity,TRAPPED_AND_PURGED
2026-04-15 08:12:23.959,TRC-4C687977,Aliganj,0.8534,97.4,14.52,0.9946,Rule 5: Demographic Vulnerability Triggered w/o Hydrological Base,SAR_VH_Noise,TRAPPED_AND_PURGED
2026-04-15 08:29:16.024,TRC-70C6BDE9,Gomti Nagar,0.9571,92.58,13.27,0.9517,Rule 3: Capillary Fringe Saturation Paradox,SAR_VH_Noise,TRAPPED_AND_PURGED
2026-04-15 08:23:09.878,TRC-2E41A53F,Aminabad,1.0015,86.16,12.15,0.8881,Rule 3: Capillary Fringe Saturation Paradox,SAR_VH_Noise,TRAPPED_AND_PURGED
2026-04-15 08:40:17.895,TRC-DD2C6CD6,Chowk,0.8395,90.23,4.35,1.0306,Rule 4: SAR-VH Backscatter vs. Optical Mask Conflict,Sensor_Dropout,TRAPPED_AND_PURGED
2026-04-15 08:01:54.883,TRC-3AF196F8,Gomti Nagar,0.8842,86.53,8.67,0.9343,Rule 4: SAR-VH Backscatter vs. Optical Mask Conflict,Runoff_Lag,TRAPPED_AND_PURGED
2026-04-15 08:05:58.536,TRC-8EE28988,Gomti Nagar,0.5786,93.34,14.43,0.9469,Rule 4: SAR-VH Backscatter vs. Optical Mask Conflict,Sensor_Dropout,TRAPPED_AND_PURGED
2026-04-15 08:32:36.823,TRC-997E48AB,Aliganj,0.6126,85.55,12.42,0.8776,Rule 3: Capillary Fringe Saturation Paradox,SAR_VH_Noise,TRAPPED_AND_PURGED
2026-04-15 08:13:23.546,TRC-0E3C924A,Hazratganj,0.7101,82.89,5.8,0.9251,Rule 2: Mass Balance (Discharge-Runoff) Asymmetry,SAR_VH_Noise,TRAPPED_AND_PURGED
2026-04-15 08:10:57.758,TRC-BE718B4E,Aliganj,1.0203,70.53,5.57,0.7795,Rule 1: Topographic Elevation vs. Inundation Velocity Violation,SAR_VH_Noise,TRAPPED_AND_PURGED
2026-04-15 08:03:53.594,TRC-083F802E,Indira Nagar,0.7171,78.35,6.1,0.867,Rule 2: Mass Balance (Discharge-Runoff) Asymmetry,Runoff_Lag,TRAPPED_AND_PURGED
2026-04-15 08:17:40.884,TRC-749EBD84,Gomti Nagar,1.0361,82.59,13.26,0.832,Rule 1: Topographic Elevation vs. Inundation Velocity Violation,Runoff_Lag,TRAPPED_AND_PURGED
2026-04-15 08:23:59.026,TRC-2AA21502,Aminabad,0.981,69.23,2.92,0.7957,Rule 2: Mass Balance (Discharge-Runoff) Asymmetry,Sensor_Dropout,TRAPPED_AND_PURGED
2026-04-15 08:04:19.865,TRC-F23DFC51,Hazratganj,0.8609,79.26,8.26,0.852,Rule 1: Topographic Elevation vs. Inundation Velocity Violation,Elevation_Sparsity,TRAPPED_AND_PURGED
2026-04-15 08:07:56.158,TRC-87D961E7,Gomti Nagar,0.8915,88.02,7.49,0.9664,Rule 3: Capillary Fringe Saturation Paradox,Runoff_Lag,TRAPPED_AND_PURGED
2026-04-15 08:16:17.818,TRC-4B87DEA4,Chowk,0.6842,94.08,3.62,1.0855,Rule 3: Capillary Fringe Saturation Paradox,Sensor_Dropout,TRAPPED_AND_PURGED
2026-04-15 08:22:35.522,TRC-475BC875,Aliganj,0.7405,90.23,14.3,0.9112,Rule 3: Capillary Fringe Saturation Paradox,SAR_VH_Noise,TRAPPED_AND_PURGED
2026-04-15 08:11:45.999,TRC-E8355AF6,Gomti Nagar,0.6816,73.27,4.39,0.8266,Rule 5: Demographic Vulnerability Triggered w/o Hydrological Base,Sensor_Dropout,TRAPPED_AND_PURGED
2026-04-15 08:18:11.806,TRC-5A1E36EA,Aminabad,0.9271,81.95,6.58,0.9044,Rule 5: Demographic Vulnerability Triggered w/o Hydrological Base,Sensor_Dropout,TRAPPED_AND_PURGED
2026-04-15 08:14:33.752,TRC-AC012E8F,Aliganj,1.022,81.01,12.49,0.8222,Rule 3: Capillary Fringe Saturation Paradox,Runoff_Lag,TRAPPED_AND_PURGED
2026-04-15 08:22:33.137,TRC-9AA97697,Aliganj,0.8696,68.17,0.8,0.8084,Rule 2: Mass Balance (Discharge-Runoff) Asymmetry,Sensor_Dropout,TRAPPED_AND_PURGED
2026-04-15 08:28:34.378,TRC-53BB73A4,Aliganj,0.8006,78.96,11.23,0.8128,Rule 4: SAR-VH Backscatter vs. Optical Mask Conflict,Sensor_Dropout,TRAPPED_AND_PURGED
2026-04-15 08:33:48.071,TRC-FFBAA51A,Indira Nagar,0.8895,72.06,0.92,0.8537,Rule 3: Capillary Fringe Saturation Paradox,SAR_VH_Noise,TRAPPED_AND_PURGED
2026-04-15 08:40:43.713,TRC-0E4CF05F,Aminabad,0.7267,83.01,7.03,0.9118,Rule 4: SAR-VH Backscatter vs. Optical Mask Conflict,Runoff_Lag,TRAPPED_AND_PURGED
2026-04-15 08:03:40.248,TRC-C297AC36,Hazratganj,1.0424,87.68,1.67,1.0321,Rule 4: SAR-VH Backscatter vs. Optical Mask Conflict,Runoff_Lag,TRAPPED_AND_PURGED
2026-04-15 08:21:49.281,TRC-FFBE4BB6,Aliganj,0.5082,68.47,14.3,0.65,Rule 3: Capillary Fringe Saturation Paradox,Runoff_Lag,TRAPPED_AND_PURGED
2026-04-15 08:27:06.099,TRC-1C8FFFF5,Aliganj,0.9311,71.08,1.11,0.8396,Rule 3: Capillary Fringe Saturation Paradox,Sensor_Dropout,TRAPPED_AND_PURGED
2026-04-15 08:26:22.415,TRC-A33FDCEC,Aminabad,0.7225,88.75,0.63,1.0574,Rule 5: Demographic Vulnerability Triggered w/o Hydrological Base,SAR_VH_Noise,TRAPPED_AND_PURGED
2026-04-15 08:05:51.873,TRC-35CFE78B,Aliganj,0.8111,70.6,4.26,0.7961,Rule 4: SAR-VH Backscatter vs. Optical Mask Conflict,Elevation_Sparsity,TRAPPED_AND_PURGED
2026-04-15 08:42:33.406,TRC-7136439A,Gomti Nagar,0.655,88.14,12.52,0.9074,Rule 5: Demographic Vulnerability Triggered w/o Hydrological Base,Elevation_Sparsity,TRAPPED_AND_PURGED
2026-04-15 08:00:54.762,TRC-B9C01C2A,Aminabad,0.7658,81.63,9.54,0.8651,Rule 3: Capillary Fringe Saturation Paradox,Elevation_Sparsity,TRAPPED_AND_PURGED
2026-04-15 08:32:10.874,TRC-F692CCDE,Gomti Nagar,0.8875,70.98,2.52,0.8215,Rule 3: Capillary Fringe Saturation Paradox,Elevation_Sparsity,TRAPPED_AND_PURGED
2026-04-15 08:42:48.783,TRC-AF2C005F,Chowk,1.0377,73.76,0.22,0.8825,Rule 3: Capillary Fringe Saturation Paradox,SAR_VH_Noise,TRAPPED_AND_PURGED
2026-04-15 08:18:39.861,TRC-8A5A7537,Indira Nagar,0.7792,75.58,9.19,0.7967,Rule 1: Topographic Elevation vs. Inundation Velocity Violation,Elevation_Sparsity,TRAPPED_AND_PURGED
2026-04-15 08:09:43.450,TRC-C7A047FB,Gomti Nagar,0.7975,65.01,7.57,0.6893,Rule 3: Capillary Fringe Saturation Paradox,Runoff_Lag,TRAPPED_AND_PURGED
2026-04-15 08:02:33.710,TRC-3F36C05F,Indira Nagar,0.8713,76.53,2.09,0.8933,Rule 5: Demographic Vulnerability Triggered w/o Hydrological Base,Runoff_Lag,TRAPPED_AND_PURGED
2026-04-15 08:02:18.131,TRC-319E1E3A,Chowk,0.8634,94.36,8.84,1.0262,Rule 4: SAR-VH Backscatter vs. Optical Mask Conflict,SAR_VH_Noise,TRAPPED_AND_PURGED
2026-04-15 08:36:07.750,TRC-0792AE36,Chowk,0.7522,94.45,2.5,1.1034,Rule 3: Capillary Fringe Saturation Paradox,SAR_VH_Noise,TRAPPED_AND_PURGED
2026-04-15 08:32:49.823,TRC-827EC778,Hazratganj,0.9027,68.51,4.92,0.7631,Rule 3: Capillary Fringe Saturation Paradox,Runoff_Lag,TRAPPED_AND_PURGED
2026-04-15 08:34:44.463,TRC-ED58BCA9,Chowk,1.0011,75.57,5.34,0.8428,Rule 1: Topographic Elevation vs. Inundation Velocity Violation,Runoff_Lag,TRAPPED_AND_PURGED
2026-04-15 08:25:30.185,TRC-84B5EF27,Aliganj,0.944,88.98,3.04,1.0313,Rule 2: Mass Balance (Discharge-Runoff) Asymmetry,Elevation_Sparsity,TRAPPED_AND_PURGED
2026-04-15 08:42:04.599,TRC-9AB59757,Indira Nagar,0.7278,65.39,14.76,0.6076,Rule 5: Demographic Vulnerability Triggered w/o Hydrological Base,SAR_VH_Noise,TRAPPED_AND_PURGED
2026-04-15 08:15:36.951,TRC-2DEB4142,Aminabad,0.8257,98.35,4.45,1.1268,Rule 5: Demographic Vulnerability Triggered w/o Hydrological Base,Runoff_Lag,TRAPPED_AND_PURGED
2026-04-15 08:33:22.743,TRC-AB6AA82D,Chowk,1.0159,80.46,6.51,0.8874,Rule 5: Demographic Vulnerability Triggered w/o Hydrological Base,SAR_VH_Noise,TRAPPED_AND_PURGED
2026-04-15 08:36:02.318,TRC-59A78E20,Hazratganj,0.7432,66.58,4.82,0.7411,Rule 1: Topographic Elevation vs. Inundation Velocity Violation,Elevation_Sparsity,TRAPPED_AND_PURGED
2026-04-15 08:13:05.905,TRC-72C2CF65,Hazratganj,1.1779,71.12,12.45,0.704,Rule 1: Topographic Elevation vs. Inundation Velocity Violation,Sensor_Dropout,TRAPPED_AND_PURGED
2026-04-15 08:24:56.711,TRC-DB40CE89,Aliganj,1.0415,85.24,9.04,0.9144,Rule 4: SAR-VH Backscatter vs. Optical Mask Conflict,Runoff_Lag,TRAPPED_AND_PURGED
2026-04-15 08:32:14.635,TRC-BF679CA3,Chowk,1.0413,74.83,4.29,0.8465,Rule 2: Mass Balance (Discharge-Runoff) Asymmetry,Sensor_Dropout,TRAPPED_AND_PURGED
2026-04-15 08:32:38.880,TRC-D24E11EA,Aminabad,0.9519,89.13,7.45,0.9802,Rule 1: Topographic Elevation vs. Inundation Velocity Violation,SAR_VH_Noise,TRAPPED_AND_PURGED
2026-04-15 08:23:44.910,TRC-09998AAA,Aliganj,1.0768,84.73,3.14,0.9791,Rule 5: Demographic Vulnerability Triggered w/o Hydrological Base,SAR_VH_Noise,TRAPPED_AND_PURGED
2026-04-15 08:03:32.828,TRC-132C773A,Chowk,0.8831,98.19,10.06,1.0576,Rule 1: Topographic Elevation vs. Inundation Velocity Violation,Elevation_Sparsity,TRAPPED_AND_PURGED
2026-04-15 08:19:33.762,TRC-9EC32C52,Hazratganj,0.9805,83.85,5.25,0.9432,Rule 2: Mass Balance (Discharge-Runoff) Asymmetry,Sensor_Dropout,TRAPPED_AND_PURGED
2026-04-15 08:41:55.452,TRC-EB4378D7,Chowk,0.7683,66.68,1.18,0.786,Rule 1: Topographic Elevation vs. Inundation Velocity Violation,Elevation_Sparsity,TRAPPED_AND_PURGED
2026-04-15 08:43:15.428,TRC-664B9010,Aliganj,1.05,72.05,2.37,0.8362,Rule 4: SAR-VH Backscatter vs. Optical Mask Conflict,Sensor_Dropout,TRAPPED_AND_PURGED
2026-04-15 08:30:04.805,TRC-B06C5D20,Indira Nagar,1.0768,77.91,4.25,0.8839,Rule 1: Topographic Elevation vs. Inundation Velocity Violation,SAR_VH_Noise,TRAPPED_AND_PURGED
2026-04-15 08:24:49.580,TRC-AA1828DC,Aliganj,0.7967,86.86,5.24,0.9794,Rule 2: Mass Balance (Discharge-Runoff) Asymmetry,Elevation_Sparsity,TRAPPED_AND_PURGED
2026-04-15 08:37:54.260,TRC-12994D56,Indira Nagar,0.6861,89.8,6.43,1.0004,Rule 4: SAR-VH Backscatter vs. Optical Mask Conflict,SAR_VH_Noise,TRAPPED_AND_PURGED
2026-04-15 08:25:10.193,TRC-37AB6C1E,Gomti Nagar,0.7951,86.53,13.18,0.8802,Rule 2: Mass Balance (Discharge-Runoff) Asymmetry,Sensor_Dropout,TRAPPED_AND_PURGED
2026-04-15 08:05:23.683,TRC-68AE5D98,Aminabad,0.6899,87.26,12.03,0.9028,Rule 4: SAR-VH Backscatter vs. Optical Mask Conflict,SAR_VH_Noise,TRAPPED_AND_PURGED
2026-04-15 08:45:23.812,TRC-1F5F0120,Chowk,0.661,85.79,13.11,0.8722,Rule 4: SAR-VH Backscatter vs. Optical Mask Conflict,Sensor_Dropout,TRAPPED_AND_PURGED
2026-04-15 08:03:44.952,TRC-AC9C02AF,Hazratganj,0.7134,69.67,8.07,0.7392,Rule 1: Topographic Elevation vs. Inundation Velocity Violation,Elevation_Sparsity,TRAPPED_AND_PURGED
2026-04-15 08:20:58.693,TRC-2449CC29,Aliganj,0.8239,69.15,11.69,0.6895,Rule 5: Demographic Vulnerability Triggered w/o Hydrological Base,Sensor_Dropout,TRAPPED_AND_PURGED
2026-04-15 08:08:54.313,TRC-DA0D5C9E,Indira Nagar,0.9049,73.51,1.92,0.8591,Rule 4: SAR-VH Backscatter vs. Optical Mask Conflict,Sensor_Dropout,TRAPPED_AND_PURGED
2026-04-15 08:22:26.460,TRC-0F261C82,Aminabad,1.0539,70.33,4.96,0.7844,Rule 4: SAR-VH Backscatter vs. Optical Mask Conflict,Sensor_Dropout,TRAPPED_AND_PURGED
2026-04-15 08:19:40.395,TRC-43C5819D,Chowk,0.7369,82.59,7.46,0.9016,Rule 3: Capillary Fringe Saturation Paradox,Sensor_Dropout,TRAPPED_AND_PURGED
2026-04-15 08:06:03.627,TRC-237672EF,Hazratganj,0.9054,65.32,4.45,0.7304,Rule 2: Mass Balance (Discharge-Runoff) Asymmetry,Runoff_Lag,TRAPPED_AND_PURGED
2026-04-15 08:01:30.001,TRC-618D9F8E,Indira Nagar,0.423,68.04,3.74,0.7716,Rule 3: Capillary Fringe Saturation Paradox,Elevation_Sparsity,TRAPPED_AND_PURGED
2026-04-15 08:39:40.638,TRC-8562010A,Aminabad,0.8622,89.42,8.3,0.9734,Rule 5: Demographic Vulnerability Triggered w/o Hydrological Base,SAR_VH_Noise,TRAPPED_AND_PURGED
2026-04-15 08:01:46.648,TRC-46505877,Aminabad,0.8466,99.9,6.89,1.1161,Rule 1: Topographic Elevation vs. Inundation Velocity Violation,SAR_VH_Noise,TRAPPED_AND_PURGED
2026-04-15 08:36:45.632,TRC-BB044616,Hazratganj,0.8271,83.61,1.96,0.9798,Rule 5: Demographic Vulnerability Triggered w/o Hydrological Base,Runoff_Lag,TRAPPED_AND_PURGED
2026-04-15 08:46:21.332,TRC-5C18D894,Gomti Nagar,0.5988,67.07,5.82,0.735,Rule 2: Mass Balance (Discharge-Runoff) Asymmetry,Elevation_Sparsity,TRAPPED_AND_PURGED
2026-04-15 08:16:48.375,TRC-80AF1739,Hazratganj,0.5498,87.85,12.58,0.9032,Rule 2: Mass Balance (Discharge-Runoff) Asymmetry,Sensor_Dropout,TRAPPED_AND_PURGED
2026-04-15 08:37:26.527,TRC-7EEC1EC2,Hazratganj,0.8349,72.46,9.72,0.7529,Rule 2: Mass Balance (Discharge-Runoff) Asymmetry,Elevation_Sparsity,TRAPPED_AND_PURGED
2026-04-15 08:25:23.734,TRC-C8BE7193,Indira Nagar,0.6144,99.78,1.43,1.1802,Rule 3: Capillary Fringe Saturation Paradox,Elevation_Sparsity,TRAPPED_AND_PURGED
2026-04-15 08:31:33.185,TRC-DD4161D8,Aliganj,0.8843,96.71,14.59,0.9854,Rule 3: Capillary Fringe Saturation Paradox,SAR_VH_Noise,TRAPPED_AND_PURGED
2026-04-15 08:18:36.535,TRC-C6308C1B,Aliganj,0.6847,94.28,6.36,1.055,Rule 3: Capillary Fringe Saturation Paradox,Elevation_Sparsity,TRAPPED_AND_PURGED
2026-04-15 08:38:31.122,TRC-935A6AAE,Aminabad,0.7735,79.14,14.09,0.7806,Rule 3: Capillary Fringe Saturation Paradox,Elevation_Sparsity,TRAPPED_AND_PURGED
2026-04-15 08:25:11.828,TRC-769655FC,Hazratganj,0.7634,70.69,0.5,0.8423,Rule 4: SAR-VH Backscatter vs. Optical Mask Conflict,Sensor_Dropout,TRAPPED_AND_PURGED
2026-04-15 08:14:49.121,TRC-3E0D31BD,Aliganj,0.9223,87.34,4.26,0.997,Rule 3: Capillary Fringe Saturation Paradox,Sensor_Dropout,TRAPPED_AND_PURGED
2026-04-15 08:40:59.355,TRC-FE23641D,Indira Nagar,0.9287,77.67,14.9,0.7532,Rule 2: Mass Balance (Discharge-Runoff) Asymmetry,Elevation_Sparsity,TRAPPED_AND_PURGED
2026-04-15 08:33:40.958,TRC-71DF24B6,Hazratganj,0.88,85.86,3.04,0.9938,Rule 4: SAR-VH Backscatter vs. Optical Mask Conflict,Runoff_Lag,TRAPPED_AND_PURGED
2026-04-15 08:36:19.159,TRC-73F3EEF8,Aliganj,1.0366,65.21,11.35,0.6463,Rule 4: SAR-VH Backscatter vs. Optical Mask Conflict,Runoff_Lag,TRAPPED_AND_PURGED
2026-04-15 08:13:39.487,TRC-4B53E7D5,Chowk,0.8074,65.21,10.18,0.6604,Rule 2: Mass Balance (Discharge-Runoff) Asymmetry,SAR_VH_Noise,TRAPPED_AND_PURGED
2026-04-15 08:17:52.465,TRC-D567C1E5,Indira Nagar,0.6812,65.39,0.93,0.7735,Rule 2: Mass Balance (Discharge-Runoff) Asymmetry,SAR_VH_Noise,TRAPPED_AND_PURGED
2026-04-15 08:12:18.839,TRC-25EE257E,Indira Nagar,0.8266,96.78,9.19,1.0511,Rule 5: Demographic Vulnerability Triggered w/o Hydrological Base,Runoff_Lag,TRAPPED_AND_PURGED
2026-04-15 08:47:00.758,TRC-0696C0A7,Gomti Nagar,0.6662,88.92,1.99,1.0432,Rule 2: Mass Balance (Discharge-Runoff) Asymmetry,Sensor_Dropout,TRAPPED_AND_PURGED
2026-04-15 08:06:39.213,TRC-AE2DBE74,Indira Nagar,0.6519,99.51,11.69,1.0538,Rule 3: Capillary Fringe Saturation Paradox,SAR_VH_Noise,TRAPPED_AND_PURGED
2026-04-15 08:37:41.037,TRC-63F73746,Gomti Nagar,0.7157,84.54,14.07,0.8456,Rule 5: Demographic Vulnerability Triggered w/o Hydrological Base,SAR_VH_Noise,TRAPPED_AND_PURGED
2026-04-15 08:44:23.089,TRC-7B946768,Indira Nagar,0.775,70.1,1.1,0.828,Rule 1: Topographic Elevation vs. Inundation Velocity Violation,Sensor_Dropout,TRAPPED_AND_PURGED
2026-04-15 08:33:00.145,TRC-A77E71E6,Aminabad,0.5356,92.24,10.86,0.9766,Rule 3: Capillary Fringe Saturation Paradox,Runoff_Lag,TRAPPED_AND_PURGED
2026-04-15 08:39:31.944,TRC-1EF74EAE,Hazratganj,0.6932,87.65,0.87,1.0414,Rule 1: Topographic Elevation vs. Inundation Velocity Violation,Elevation_Sparsity,TRAPPED_AND_PURGED
2026-04-15 08:10:16.602,TRC-CA2F4C5F,Chowk,1.05,93.66,4.07,1.0751,Rule 3: Capillary Fringe Saturation Paradox,Sensor_Dropout,TRAPPED_AND_PURGED
2026-04-15 08:39:40.494,TRC-A4E92B84,Indira Nagar,0.9833,68.48,11.13,0.6882,Rule 5: Demographic Vulnerability Triggered w/o Hydrological Base,Sensor_Dropout,TRAPPED_AND_PURGED
2026-04-15 08:42:23.812,TRC-A00BBA5A,Hazratganj,0.5916,81.68,4.69,0.9239,Rule 4: SAR-VH Backscatter vs. Optical Mask Conflict,SAR_VH_Noise,TRAPPED_AND_PURGED
2026-04-15 08:03:16.843,TRC-1D8920D4,Aminabad,0.7006,76.56,1.87,0.8963,Rule 5: Demographic Vulnerability Triggered w/o Hydrological Base,Runoff_Lag,TRAPPED_AND_PURGED
2026-04-15 08:01:09.980,TRC-226D701D,Aminabad,0.9573,84.09,3.3,0.9695,Rule 5: Demographic Vulnerability Triggered w/o Hydrological Base,Sensor_Dropout,TRAPPED_AND_PURGED
2026-04-15 08:14:42.464,TRC-77D3A434,Aliganj,0.7315,99.35,2.27,1.165,Rule 1: Topographic Elevation vs. Inundation Velocity Violation,Runoff_Lag,TRAPPED_AND_PURGED
2026-04-15 08:31:11.007,TRC-DCE407EC,Chowk,0.7928,85.64,10.5,0.9017,Rule 1: Topographic Elevation vs. Inundation Velocity Violation,Runoff_Lag,TRAPPED_AND_PURGED
2026-04-15 08:19:45.435,TRC-5D2326B6,Gomti Nagar,0.6822,89.96,2.77,1.0463,Rule 4: SAR-VH Backscatter vs. Optical Mask Conflict,Runoff_Lag,TRAPPED_AND_PURGED
2026-04-15 08:33:42.132,TRC-5BADD6D3,Gomti Nagar,0.6947,81.73,9.37,0.8683,Rule 1: Topographic Elevation vs. Inundation Velocity Violation,SAR_VH_Noise,TRAPPED_AND_PURGED
2026-04-15 08:33:32.883,TRC-E2752052,Hazratganj,0.8195,73.19,5.65,0.8105,Rule 5: Demographic Vulnerability Triggered w/o Hydrological Base,SAR_VH_Noise,TRAPPED_AND_PURGED
2026-04-15 08:25:19.851,TRC-0548330F,Gomti Nagar,0.6525,71.62,8.15,0.7616,Rule 4: SAR-VH Backscatter vs. Optical Mask Conflict,Runoff_Lag,TRAPPED_AND_PURGED
2026-04-15 08:10:39.018,TRC-B33468C8,Hazratganj,1.0267,78.0,8.62,0.8326,Rule 5: Demographic Vulnerability Triggered w/o Hydrological Base,Runoff_Lag,TRAPPED_AND_PURGED
2026-04-15 08:07:35.803,TRC-7B2D422C,Indira Nagar,0.6061,76.49,5.92,0.8468,Rule 3: Capillary Fringe Saturation Paradox,Sensor_Dropout,TRAPPED_AND_PURGED
2026-04-15 08:08:27.112,TRC-5EC65E80,Aliganj,0.5519,84.86,8.65,0.9145,Rule 5: Demographic Vulnerability Triggered w/o Hydrological Base,SAR_VH_Noise,TRAPPED_AND_PURGED
2026-04-15 08:47:04.766,TRC-690B8987,Gomti Nagar,0.7295,77.3,9.73,0.8108,Rule 2: Mass Balance (Discharge-Runoff) Asymmetry,SAR_VH_Noise,TRAPPED_AND_PURGED
2026-04-15 08:06:59.206,TRC-106B388B,Indira Nagar,0.4808,80.41,0.21,0.9624,Rule 3: Capillary Fringe Saturation Paradox,SAR_VH_Noise,TRAPPED_AND_PURGED
2026-04-15 08:29:43.451,TRC-C896B496,Aliganj,0.9182,97.18,6.92,1.0831,Rule 3: Capillary Fringe Saturation Paradox,Elevation_Sparsity,TRAPPED_AND_PURGED
2026-04-15 08:42:45.877,TRC-187CC965,Gomti Nagar,0.9622,94.78,9.5,1.0234,Rule 5: Demographic Vulnerability Triggered w/o Hydrological Base,Sensor_Dropout,TRAPPED_AND_PURGED
2026-04-15 08:42:11.911,TRC-DABE9F56,Hazratganj,0.9314,81.83,13.41,0.821,Rule 3: Capillary Fringe Saturation Paradox,Sensor_Dropout,TRAPPED_AND_PURGED
2026-04-15 08:45:03.864,TRC-E678F790,Aliganj,0.6453,65.06,7.01,0.6966,Rule 1: Topographic Elevation vs. Inundation Velocity Violation,SAR_VH_Noise,TRAPPED_AND_PURGED
2026-04-15 08:09:30.496,TRC-8213A1E7,Hazratganj,0.8878,82.99,9.43,0.8827,Rule 4: SAR-VH Backscatter vs. Optical Mask Conflict,SAR_VH_Noise,TRAPPED_AND_PURGED
2026-04-15 08:35:45.313,TRC-43E2C1D4,Hazratganj,0.7704,87.1,10.15,0.9234,Rule 4: SAR-VH Backscatter vs. Optical Mask Conflict,SAR_VH_Noise,TRAPPED_AND_PURGED
2026-04-15 08:27:17.792,TRC-07267419,Gomti Nagar,0.7363,78.93,9.39,0.8345,Rule 5: Demographic Vulnerability Triggered w/o Hydrological Base,Sensor_Dropout,TRAPPED_AND_PURGED
2026-04-15 08:49:38.474,TRC-5DEE629D,Chowk,0.7993,78.71,8.47,0.8429,Rule 2: Mass Balance (Discharge-Runoff) Asymmetry,SAR_VH_Noise,TRAPPED_AND_PURGED
2026-04-15 08:46:29.892,TRC-18876009,Gomti Nagar,0.8129,72.71,13.4,0.7117,Rule 4: SAR-VH Backscatter vs. Optical Mask Conflict,Elevation_Sparsity,TRAPPED_AND_PURGED
2026-04-15 08:02:29.006,TRC-11FBE8F7,Aliganj,0.8105,82.11,4.55,0.9307,Rule 2: Mass Balance (Discharge-Runoff) Asymmetry,SAR_VH_Noise,TRAPPED_AND_PURGED
2026-04-15 08:25:22.884,TRC-33E5FF24,Aliganj,0.8519,88.03,11.3,0.9208,Rule 3: Capillary Fringe Saturation Paradox,Runoff_Lag,TRAPPED_AND_PURGED
2026-04-15 08:03:49.973,TRC-1842FAD8,Aliganj,0.6187,81.08,2.16,0.947,Rule 1: Topographic Elevation vs. Inundation Velocity Violation,Runoff_Lag,TRAPPED_AND_PURGED
2026-04-15 08:21:50.544,TRC-576805B5,Indira Nagar,0.7496,92.77,5.1,1.052,Rule 3: Capillary Fringe Saturation Paradox,Runoff_Lag,TRAPPED_AND_PURGED
2026-04-15 08:38:56.765,TRC-1DED77C0,Aminabad,0.666,93.45,4.05,1.0728,Rule 3: Capillary Fringe Saturation Paradox,SAR_VH_Noise,TRAPPED_AND_PURGED
2026-04-15 08:36:03.841,TRC-4365EA0F,Indira Nagar,1.0529,70.61,13.31,0.6876,Rule 1: Topographic Elevation vs. Inundation Velocity Violation,Elevation_Sparsity,TRAPPED_AND_PURGED
2026-04-15 08:23:06.480,TRC-4CAF54BF,Aliganj,0.9424,80.97,12.4,0.8228,Rule 5: Demographic Vulnerability Triggered w/o Hydrological Base,Sensor_Dropout,TRAPPED_AND_PURGED
2026-04-15 08:09:51.866,TRC-29597B72,Gomti Nagar,0.5258,95.41,6.76,1.0638,Rule 1: Topographic Elevation vs. Inundation Velocity Violation,Sensor_Dropout,TRAPPED_AND_PURGED
2026-04-15 08:49:39.564,TRC-5CD2180E,Aminabad,0.7061,72.13,3.79,0.8201,Rule 4: SAR-VH Backscatter vs. Optical Mask Conflict,Elevation_Sparsity,TRAPPED_AND_PURGED
2026-04-15 08:19:22.175,TRC-8E01C969,Hazratganj,0.6737,91.29,6.04,1.023,Rule 1: Topographic Elevation vs. Inundation Velocity Violation,Sensor_Dropout,TRAPPED_AND_PURGED
2026-04-15 08:29:01.170,TRC-91CE1238,Hazratganj,0.7251,86.09,1.46,1.0156,Rule 5: Demographic Vulnerability Triggered w/o Hydrological Base,Runoff_Lag,TRAPPED_AND_PURGED
2026-04-15 08:09:37.285,TRC-07452CF5,Indira Nagar,0.6868,85.4,0.38,1.0202,Rule 5: Demographic Vulnerability Triggered w/o Hydrological Base,Elevation_Sparsity,TRAPPED_AND_PURGED
2026-04-15 08:01:51.617,TRC-23D0A108,Hazratganj,0.777,86.57,11.64,0.8992,Rule 5: Demographic Vulnerability Triggered w/o Hydrological Base,Elevation_Sparsity,TRAPPED_AND_PURGED
2026-04-15 08:38:42.859,TRC-A34A69EB,Aminabad,0.8549,89.58,8.68,0.9708,Rule 4: SAR-VH Backscatter vs. Optical Mask Conflict,Runoff_Lag,TRAPPED_AND_PURGED
2026-04-15 08:09:39.531,TRC-2342EB30,Gomti Nagar,0.9228,94.2,1.45,1.113,Rule 5: Demographic Vulnerability Triggered w/o Hydrological Base,Sensor_Dropout,TRAPPED_AND_PURGED
2026-04-15 08:01:37.368,TRC-EEE8B6D9,Indira Nagar,0.6581,91.73,6.58,1.0218,Rule 5: Demographic Vulnerability Triggered w/o Hydrological Base,Elevation_Sparsity,TRAPPED_AND_PURGED
2026-04-15 08:32:54.892,TRC-7FA81266,Indira Nagar,0.9091,97.72,0.83,1.1627,Rule 1: Topographic Elevation vs. Inundation Velocity Violation,SAR_VH_Noise,TRAPPED_AND_PURGED
2026-04-15 08:24:35.481,TRC-35E46592,Chowk,0.673,68.08,2.51,0.7868,Rule 5: Demographic Vulnerability Triggered w/o Hydrological Base,Elevation_Sparsity,TRAPPED_AND_PURGED
2026-04-15 08:19:31.525,TRC-43F9CB52,Indira Nagar,0.8112,89.27,8.18,0.9731,Rule 3: Capillary Fringe Saturation Paradox,Elevation_Sparsity,TRAPPED_AND_PURGED
2026-04-15 08:11:27.279,TRC-0C65AAAC,Aliganj,0.7282,92.5,7.12,1.0246,Rule 5: Demographic Vulnerability Triggered w/o Hydrological Base,Runoff_Lag,TRAPPED_AND_PURGED
2026-04-15 08:09:58.811,TRC-A6AA966A,Chowk,0.8885,66.86,11.0,0.6703,Rule 2: Mass Balance (Discharge-Runoff) Asymmetry,Sensor_Dropout,TRAPPED_AND_PURGED
2026-04-15 08:22:03.486,TRC-C1824AAF,Gomti Nagar,0.5899,75.78,11.8,0.7678,Rule 4: SAR-VH Backscatter vs. Optical Mask Conflict,Elevation_Sparsity,TRAPPED_AND_PURGED
2026-04-15 08:41:13.773,TRC-AD340D25,Hazratganj,1.0189,82.85,1.08,0.9812,Rule 1: Topographic Elevation vs. Inundation Velocity Violation,Runoff_Lag,TRAPPED_AND_PURGED
2026-04-15 08:40:16.516,TRC-8D68E5DC,Aliganj,0.5299,71.26,0.29,0.8516,Rule 3: Capillary Fringe Saturation Paradox,Sensor_Dropout,TRAPPED_AND_PURGED
2026-04-15 08:19:14.808,TRC-982F8245,Hazratganj,0.7974,90.36,0.48,1.0786,Rule 1: Topographic Elevation vs. Inundation Velocity Violation,Elevation_Sparsity,TRAPPED_AND_PURGED
2026-04-15 08:46:59.007,TRC-1CD3EDF4,Indira Nagar,0.7119,77.61,13.62,0.7679,Rule 2: Mass Balance (Discharge-Runoff) Asymmetry,Sensor_Dropout,TRAPPED_AND_PURGED
2026-04-15 08:23:21.303,TRC-4F48142B,Hazratganj,0.7901,92.37,8.43,1.0073,Rule 4: SAR-VH Backscatter vs. Optical Mask Conflict,SAR_VH_Noise,TRAPPED_AND_PURGED
2026-04-15 08:41:18.500,TRC-01644A9C,Chowk,0.8876,86.89,11.62,0.9032,Rule 5: Demographic Vulnerability Triggered w/o Hydrological Base,Sensor_Dropout,TRAPPED_AND_PURGED
2026-04-15 08:16:48.059,TRC-2021B8FD,Gomti Nagar,0.8412,99.05,14.0,1.0206,Rule 2: Mass Balance (Discharge-Runoff) Asymmetry,Sensor_Dropout,TRAPPED_AND_PURGED
2026-04-15 08:48:26.941,TRC-E8791FA5,Gomti Nagar,0.7445,97.45,6.05,1.0968,Rule 1: Topographic Elevation vs. Inundation Velocity Violation,Runoff_Lag,TRAPPED_AND_PURGED
2026-04-15 08:38:06.363,TRC-F453A22E,Aliganj,0.5921,97.61,4.73,1.1146,Rule 2: Mass Balance (Discharge-Runoff) Asymmetry,Sensor_Dropout,TRAPPED_AND_PURGED
2026-04-15 08:34:57.656,TRC-62E5EC2D,Aliganj,0.7562,67.59,8.93,0.7039,Rule 2: Mass Balance (Discharge-Runoff) Asymmetry,Sensor_Dropout,TRAPPED_AND_PURGED
2026-04-15 08:50:05.185,TRC-8A8EB355,Gomti Nagar,0.9035,82.02,9.75,0.8672,Rule 2: Mass Balance (Discharge-Runoff) Asymmetry,Sensor_Dropout,TRAPPED_AND_PURGED
2026-04-15 08:52:52.509,TRC-53AAF9BA,Chowk,0.8437,89.21,12.62,0.9191,Rule 1: Topographic Elevation vs. Inundation Velocity Violation,Sensor_Dropout,TRAPPED_AND_PURGED
2026-04-15 08:03:07.563,TRC-E51E2A7C,Gomti Nagar,0.6517,70.89,2.51,0.8206,Rule 5: Demographic Vulnerability Triggered w/o Hydrological Base,Sensor_Dropout,TRAPPED_AND_PURGED
2026-04-15 08:07:34.818,TRC-808EE50A,Gomti Nagar,0.7784,74.01,8.23,0.7894,Rule 4: SAR-VH Backscatter vs. Optical Mask Conflict,Runoff_Lag,TRAPPED_AND_PURGED
2026-04-15 08:32:30.976,TRC-2130A692,Indira Nagar,0.7837,72.8,9.57,0.7588,Rule 5: Demographic Vulnerability Triggered w/o Hydrological Base,Runoff_Lag,TRAPPED_AND_PURGED
2026-04-15 08:09:48.856,TRC-3998D84E,Gomti Nagar,1.135,75.57,8.3,0.8072,Rule 3: Capillary Fringe Saturation Paradox,Runoff_Lag,TRAPPED_AND_PURGED
2026-04-15 08:45:52.602,TRC-5429BD1F,Chowk,0.8858,90.51,3.93,1.039,Rule 1: Topographic Elevation vs. Inundation Velocity Violation,SAR_VH_Noise,TRAPPED_AND_PURGED
2026-04-15 08:41:54.600,TRC-BF834BC5,Chowk,0.738,83.62,3.04,0.967,Rule 3: Capillary Fringe Saturation Paradox,Elevation_Sparsity,TRAPPED_AND_PURGED
2026-04-15 08:01:13.908,TRC-6AC48B84,Gomti Nagar,0.4933,90.26,4.08,1.0342,Rule 1: Topographic Elevation vs. Inundation Velocity Violation,Sensor_Dropout,TRAPPED_AND_PURGED
2026-04-15 08:38:03.433,TRC-71C8389C,Aminabad,1.0329,83.77,2.9,0.9704,Rule 4: SAR-VH Backscatter vs. Optical Mask Conflict,Elevation_Sparsity,TRAPPED_AND_PURGED
2026-04-15 08:50:10.125,TRC-166FA838,Hazratganj,1.0419,83.03,6.21,0.9218,Rule 5: Demographic Vulnerability Triggered w/o Hydrological Base,Sensor_Dropout,TRAPPED_AND_PURGED
2026-04-15 08:27:08.106,TRC-35A5FF9B,Indira Nagar,0.6865,93.09,6.59,1.038,Rule 5: Demographic Vulnerability Triggered w/o Hydrological Base,Sensor_Dropout,TRAPPED_AND_PURGED
2026-04-15 08:50:53.666,TRC-7A7AE256,Aminabad,0.9008,78.17,9.51,0.8239,Rule 1: Topographic Elevation vs. Inundation Velocity Violation,Elevation_Sparsity,TRAPPED_AND_PURGED
2026-04-15 08:48:01.346,TRC-E6AA01AD,Gomti Nagar,1.0768,77.49,2.38,0.9013,Rule 3: Capillary Fringe Saturation Paradox,Elevation_Sparsity,TRAPPED_AND_PURGED
2026-04-15 08:49:15.310,TRC-6B991ECD,Aminabad,0.8496,75.09,3.43,0.8599,Rule 1: Topographic Elevation vs. Inundation Velocity Violation,SAR_VH_Noise,TRAPPED_AND_PURGED
2026-04-15 08:52:10.519,TRC-AE7378A0,Aminabad,0.9428,84.91,12.54,0.8684,Rule 1: Topographic Elevation vs. Inundation Velocity Violation,Elevation_Sparsity,TRAPPED_AND_PURGED
2026-04-15 08:44:51.611,TRC-192ECA9D,Hazratganj,0.5608,95.98,3.64,1.1081,Rule 5: Demographic Vulnerability Triggered w/o Hydrological Base,Runoff_Lag,TRAPPED_AND_PURGED
2026-04-15 08:20:36.115,TRC-3BEFFF62,Gomti Nagar,0.9591,65.57,5.95,0.7154,Rule 4: SAR-VH Backscatter vs. Optical Mask Conflict,Elevation_Sparsity,TRAPPED_AND_PURGED
2026-04-15 08:54:13.836,TRC-3CC1C15D,Hazratganj,0.5943,84.21,2.53,0.9802,Rule 1: Topographic Elevation vs. Inundation Velocity Violation,SAR_VH_Noise,TRAPPED_AND_PURGED
2026-04-15 08:08:45.237,TRC-3FC50120,Gomti Nagar,0.6604,82.09,3.72,0.9404,Rule 3: Capillary Fringe Saturation Paradox,Runoff_Lag,TRAPPED_AND_PURGED
2026-04-15 08:35:46.327,TRC-25B5C9F0,Chowk,0.9076,67.97,1.39,0.799,Rule 4: SAR-VH Backscatter vs. Optical Mask Conflict,Sensor_Dropout,TRAPPED_AND_PURGED
2026-04-15 08:40:38.616,TRC-F6BC4F17,Gomti Nagar,0.602,69.75,6.71,0.7565,Rule 2: Mass Balance (Discharge-Runoff) Asymmetry,Elevation_Sparsity,TRAPPED_AND_PURGED
2026-04-15 08:08:55.889,TRC-3F598619,Aliganj,0.7835,86.95,0.58,1.0364,Rule 4: SAR-VH Backscatter vs. Optical Mask Conflict,Sensor_Dropout,TRAPPED_AND_PURGED
2026-04-15 08:49:26.010,TRC-E9A149F5,Aminabad,0.727,83.84,11.16,0.8722,Rule 2: Mass Balance (Discharge-Runoff) Asymmetry,Elevation_Sparsity,TRAPPED_AND_PURGED
2026-04-15 08:18:41.811,TRC-11747905,Chowk,0.9591,73.28,2.08,0.8544,Rule 1: Topographic Elevation vs. Inundation Velocity Violation,Elevation_Sparsity,TRAPPED_AND_PURGED
2026-04-15 08:21:31.842,TRC-D9F576B7,Gomti Nagar,0.7845,89.52,7.65,0.9824,Rule 5: Demographic Vulnerability Triggered w/o Hydrological Base,Elevation_Sparsity,TRAPPED_AND_PURGED
2026-04-15 08:24:53.578,TRC-36323200,Aminabad,0.5657,66.17,4.07,0.7452,Rule 3: Capillary Fringe Saturation Paradox,SAR_VH_Noise,TRAPPED_AND_PURGED
2026-04-15 08:03:40.269,TRC-92C4D65B,Indira Nagar,0.9014,72.96,12.2,0.7291,Rule 5: Demographic Vulnerability Triggered w/o Hydrological Base,Sensor_Dropout,TRAPPED_AND_PURGED
2026-04-15 08:06:26.213,TRC-E7CF0283,Indira Nagar,0.7552,79.14,10.79,0.8202,Rule 2: Mass Balance (Discharge-Runoff) Asymmetry,Elevation_Sparsity,TRAPPED_AND_PURGED
2026-04-15 08:35:22.536,TRC-E226663D,Aliganj,0.508,87.25,8.34,0.9469,Rule 4: SAR-VH Backscatter vs. Optical Mask Conflict,Elevation_Sparsity,TRAPPED_AND_PURGED
2026-04-15 08:01:33.499,TRC-6C07C377,Chowk,0.6671,97.61,2.56,1.1406,Rule 5: Demographic Vulnerability Triggered w/o Hydrological Base,Elevation_Sparsity,TRAPPED_AND_PURGED
2026-04-15 08:45:04.087,TRC-5C5A330B,Aliganj,0.5661,83.04,11.26,0.8614,Rule 4: SAR-VH Backscatter vs. Optical Mask Conflict,SAR_VH_Noise,TRAPPED_AND_PURGED
2026-04-15 08:02:10.705,TRC-A2E899C4,Aliganj,0.9647,68.45,12.77,0.6682,Rule 4: SAR-VH Backscatter vs. Optical Mask Conflict,Sensor_Dropout,TRAPPED_AND_PURGED
2026-04-15 08:27:56.129,TRC-067B5782,Indira Nagar,1.1522,72.85,2.01,0.8501,Rule 4: SAR-VH Backscatter vs. Optical Mask Conflict,Elevation_Sparsity,TRAPPED_AND_PURGED
2026-04-15 08:01:12.438,TRC-30C386AC,Hazratganj,0.8487,92.54,6.64,1.0308,Rule 2: Mass Balance (Discharge-Runoff) Asymmetry,Elevation_Sparsity,TRAPPED_AND_PURGED
2026-04-15 08:28:03.389,TRC-7A38BB37,Chowk,1.0703,70.46,12.13,0.7,Rule 1: Topographic Elevation vs. Inundation Velocity Violation,SAR_VH_Noise,TRAPPED_AND_PURGED
2026-04-15 08:20:36.370,TRC-4DCC5790,Aminabad,0.9329,92.7,12.51,0.9623,Rule 1: Topographic Elevation vs. Inundation Velocity Violation,Runoff_Lag,TRAPPED_AND_PURGED
2026-04-15 08:36:18.258,TRC-12003E62,Aminabad,0.7442,70.73,11.45,0.7114,Rule 5: Demographic Vulnerability Triggered w/o Hydrological Base,Runoff_Lag,TRAPPED_AND_PURGED
2026-04-15 08:22:15.018,TRC-7A6CE9E9,Indira Nagar,0.9024,69.07,9.86,0.7105,Rule 4: SAR-VH Backscatter vs. Optical Mask Conflict,Sensor_Dropout,TRAPPED_AND_PURGED
2026-04-15 08:29:35.126,TRC-662585FE,Chowk,0.4812,88.49,11.43,0.9247,Rule 2: Mass Balance (Discharge-Runoff) Asymmetry,SAR_VH_Noise,TRAPPED_AND_PURGED
2026-04-15 08:24:30.176,TRC-6F9CD856,Hazratganj,0.8283,68.09,10.64,0.6894,Rule 4: SAR-VH Backscatter vs. Optical Mask Conflict,SAR_VH_Noise,TRAPPED_AND_PURGED
2026-04-15 08:07:08.853,TRC-C783285A,Gomti Nagar,0.6416,82.71,2.93,0.9574,Rule 2: Mass Balance (Discharge-Runoff) Asymmetry,SAR_VH_Noise,TRAPPED_AND_PURGED
2026-04-15 08:54:35.095,TRC-CF71362A,Gomti Nagar,1.0275,93.3,8.82,1.0138,Rule 3: Capillary Fringe Saturation Paradox,Elevation_Sparsity,TRAPPED_AND_PURGED
2026-04-15 08:29:31.286,TRC-0923BB6A,Aliganj,0.7761,93.39,14.58,0.9457,Rule 2: Mass Balance (Discharge-Runoff) Asymmetry,Runoff_Lag,TRAPPED_AND_PURGED
2026-04-15 08:36:42.882,TRC-416EC027,Chowk,0.8944,86.83,10.93,0.9108,Rule 1: Topographic Elevation vs. Inundation Velocity Violation,Runoff_Lag,TRAPPED_AND_PURGED
2026-04-15 08:23:48.205,TRC-63ECBEC9,Chowk,0.606,92.11,2.88,1.0708,Rule 4: SAR-VH Backscatter vs. Optical Mask Conflict,Elevation_Sparsity,TRAPPED_AND_PURGED
2026-04-15 08:44:46.715,TRC-4CA84DE5,Gomti Nagar,0.6133,96.91,2.72,1.1303,Rule 5: Demographic Vulnerability Triggered w/o Hydrological Base,Sensor_Dropout,TRAPPED_AND_PURGED
2026-04-15 08:02:44.351,TRC-EB09F972,Aminabad,0.9524,76.25,6.21,0.8405,Rule 4: SAR-VH Backscatter vs. Optical Mask Conflict,SAR_VH_Noise,TRAPPED_AND_PURGED
2026-04-15 08:55:31.249,TRC-B24E71F9,Aliganj,0.6394,72.97,14.37,0.7032,Rule 3: Capillary Fringe Saturation Paradox,Elevation_Sparsity,TRAPPED_AND_PURGED
2026-04-15 08:10:42.783,TRC-4B0014C3,Chowk,0.8798,65.92,8.62,0.6876,Rule 1: Topographic Elevation vs. Inundation Velocity Violation,Runoff_Lag,TRAPPED_AND_PURGED
2026-04-15 08:47:54.197,TRC-32672566,Aminabad,0.6672,81.45,3.93,0.9302,Rule 5: Demographic Vulnerability Triggered w/o Hydrological Base,Sensor_Dropout,TRAPPED_AND_PURGED
2026-04-15 08:03:57.680,TRC-31C6E183,Indira Nagar,0.8846,65.41,11.84,0.6428,Rule 1: Topographic Elevation vs. Inundation Velocity Violation,Sensor_Dropout,TRAPPED_AND_PURGED
2026-04-15 08:06:15.641,TRC-06011CD9,Aliganj,0.9487,72.53,10.67,0.7423,Rule 3: Capillary Fringe Saturation Paradox,Sensor_Dropout,TRAPPED_AND_PURGED
2026-04-15 08:13:29.036,TRC-37FC3772,Hazratganj,0.8135,81.19,11.27,0.839,Rule 3: Capillary Fringe Saturation Paradox,SAR_VH_Noise,TRAPPED_AND_PURGED
2026-04-15 08:09:12.167,TRC-AA17F76E,Aliganj,0.8652,87.91,14.19,0.8846,Rule 1: Topographic Elevation vs. Inundation Velocity Violation,SAR_VH_Noise,TRAPPED_AND_PURGED
2026-04-15 08:09:21.233,TRC-566E93DE,Aminabad,0.9239,82.52,2.04,0.9658,Rule 4: SAR-VH Backscatter vs. Optical Mask Conflict,Sensor_Dropout,TRAPPED_AND_PURGED
2026-04-15 08:38:06.670,TRC-A28FBA0D,Hazratganj,0.6622,86.99,12.99,0.888,Rule 3: Capillary Fringe Saturation Paradox,Sensor_Dropout,TRAPPED_AND_PURGED
2026-04-15 08:26:44.147,TRC-E725CC55,Hazratganj,0.9243,80.96,5.6,0.9043,Rule 5: Demographic Vulnerability Triggered w/o Hydrological Base,Elevation_Sparsity,TRAPPED_AND_PURGED
2026-04-15 08:06:07.233,TRC-B9A1A46B,Chowk,0.9293,91.36,1.51,1.0782,Rule 3: Capillary Fringe Saturation Paradox,Sensor_Dropout,TRAPPED_AND_PURGED
2026-04-15 08:07:28.977,TRC-32A88015,Gomti Nagar,0.9707,83.96,9.47,0.8939,Rule 2: Mass Balance (Discharge-Runoff) Asymmetry,SAR_VH_Noise,TRAPPED_AND_PURGED
2026-04-15 08:43:33.218,TRC-1727CDCA,Aminabad,0.9646,90.49,10.98,0.9541,Rule 3: Capillary Fringe Saturation Paradox,Runoff_Lag,TRAPPED_AND_PURGED
2026-04-15 08:41:07.080,TRC-719A730C,Indira Nagar,0.7428,99.3,6.51,1.1135,Rule 3: Capillary Fringe Saturation Paradox,Elevation_Sparsity,TRAPPED_AND_PURGED
2026-04-15 08:27:40.665,TRC-43585D09,Indira Nagar,0.8423,90.23,12.97,0.9271,Rule 5: Demographic Vulnerability Triggered w/o Hydrological Base,SAR_VH_Noise,TRAPPED_AND_PURGED
2026-04-15 08:05:17.373,TRC-F2925C8B,Aliganj,0.7539,78.95,9.25,0.8364,Rule 3: Capillary Fringe Saturation Paradox,SAR_VH_Noise,TRAPPED_AND_PURGED
2026-04-15 08:49:01.471,TRC-5720060A,Hazratganj,0.7592,85.85,14.31,0.8585,Rule 2: Mass Balance (Discharge-Runoff) Asymmetry,Elevation_Sparsity,TRAPPED_AND_PURGED
2026-04-15 08:14:24.391,TRC-14C23F59,Hazratganj,1.1307,73.55,6.2,0.8082,Rule 1: Topographic Elevation vs. Inundation Velocity Violation,Runoff_Lag,TRAPPED_AND_PURGED
2026-04-15 08:11:34.288,TRC-A1DF2575,Aminabad,0.91,85.17,3.08,0.9851,Rule 3: Capillary Fringe Saturation Paradox,SAR_VH_Noise,TRAPPED_AND_PURGED
2026-04-15 08:25:47.041,TRC-40FCFAEE,Hazratganj,0.5021,66.66,4.49,0.746,Rule 4: SAR-VH Backscatter vs. Optical Mask Conflict,SAR_VH_Noise,TRAPPED_AND_PURGED
2026-04-15 08:08:08.879,TRC-A021A0B2,Aliganj,0.8504,91.93,7.59,1.0121,Rule 1: Topographic Elevation vs. Inundation Velocity Violation,SAR_VH_Noise,TRAPPED_AND_PURGED
2026-04-15 08:25:53.274,TRC-0D00C289,Indira Nagar,0.9529,74.75,14.81,0.7193,Rule 2: Mass Balance (Discharge-Runoff) Asymmetry,SAR_VH_Noise,TRAPPED_AND_PURGED
2026-04-15 08:03:46.143,TRC-ECEFC1DC,Chowk,0.8408,88.11,2.28,1.03,Rule 2: Mass Balance (Discharge-Runoff) Asymmetry,Sensor_Dropout,TRAPPED_AND_PURGED
2026-04-15 08:45:50.248,TRC-1B9FB581,Hazratganj,1.0122,87.95,4.96,0.9959,Rule 3: Capillary Fringe Saturation Paradox,Runoff_Lag,TRAPPED_AND_PURGED
2026-04-15 08:02:59.791,TRC-48B60542,Chowk,0.9098,82.26,8.55,0.8845,Rule 4: SAR-VH Backscatter vs. Optical Mask Conflict,Elevation_Sparsity,TRAPPED_AND_PURGED
2026-04-15 08:43:26.710,TRC-BF5213AC,Indira Nagar,0.7186,76.1,14.64,0.7375,Rule 3: Capillary Fringe Saturation Paradox,Elevation_Sparsity,TRAPPED_AND_PURGED
2026-04-15 08:32:22.038,TRC-D173E79F,Aminabad,0.8572,71.3,1.71,0.8351,Rule 1: Topographic Elevation vs. Inundation Velocity Violation,Elevation_Sparsity,TRAPPED_AND_PURGED
2026-04-15 08:27:31.483,TRC-D8DE22B1,Gomti Nagar,0.7558,87.68,2.99,1.0163,Rule 1: Topographic Elevation vs. Inundation Velocity Violation,Elevation_Sparsity,TRAPPED_AND_PURGED
2026-04-15 08:36:24.962,TRC-64565C82,Gomti Nagar,0.6458,67.11,13.94,0.638,Rule 4: SAR-VH Backscatter vs. Optical Mask Conflict,Runoff_Lag,TRAPPED_AND_PURGED
2026-04-15 08:30:42.379,TRC-5A4926BB,Gomti Nagar,0.7443,92.54,7.35,1.0223,Rule 3: Capillary Fringe Saturation Paradox,Elevation_Sparsity,TRAPPED_AND_PURGED
2026-04-15 08:02:33.825,TRC-D0FD332D,Gomti Nagar,0.7609,95.86,8.26,1.0512,Rule 2: Mass Balance (Discharge-Runoff) Asymmetry,Runoff_Lag,TRAPPED_AND_PURGED
2026-04-15 08:29:59.867,TRC-4596A319,Indira Nagar,0.7932,90.94,0.1,1.0901,Rule 4: SAR-VH Backscatter vs. Optical Mask Conflict,Elevation_Sparsity,TRAPPED_AND_PURGED
2026-04-15 08:02:49.613,TRC-872D4DAD,Gomti Nagar,0.4185,96.04,0.1,1.1513,Rule 2: Mass Balance (Discharge-Runoff) Asymmetry,SAR_VH_Noise,TRAPPED_AND_PURGED
2026-04-15 08:56:26.435,TRC-FE66688C,Indira Nagar,0.7052,85.99,8.68,0.9277,Rule 3: Capillary Fringe Saturation Paradox,Runoff_Lag,TRAPPED_AND_PURGED
2026-04-15 08:05:09.665,TRC-A5989DA3,Chowk,0.7545,89.41,11.16,0.939,Rule 3: Capillary Fringe Saturation Paradox,Runoff_Lag,TRAPPED_AND_PURGED
2026-04-15 08:05:09.823,TRC-E7C02711,Aminabad,0.8374,87.07,5.36,0.9805,Rule 4: SAR-VH Backscatter vs. Optical Mask Conflict,SAR_VH_Noise,TRAPPED_AND_PURGED
2026-04-15 08:59:33.365,TRC-DE242A1F,Aliganj,0.8391,65.46,2.89,0.7508,Rule 2: Mass Balance (Discharge-Runoff) Asymmetry,Elevation_Sparsity,TRAPPED_AND_PURGED
2026-04-15 08:35:04.276,TRC-56D2F8E8,Hazratganj,0.7933,74.98,12.3,0.7522,Rule 2: Mass Balance (Discharge-Runoff) Asymmetry,Sensor_Dropout,TRAPPED_AND_PURGED
2026-04-15 08:36:03.828,TRC-1151E7F6,Indira Nagar,0.5386,84.75,14.01,0.8489,Rule 2: Mass Balance (Discharge-Runoff) Asymmetry,Elevation_Sparsity,TRAPPED_AND_PURGED
2026-04-15 08:16:25.985,TRC-5309EC27,Chowk,0.8105,68.47,10.37,0.6972,Rule 5: Demographic Vulnerability Triggered w/o Hydrological Base,Runoff_Lag,TRAPPED_AND_PURGED
2026-04-15 08:04:24.743,TRC-E1AA249F,Gomti Nagar,0.6041,96.32,2.04,1.1314,Rule 4: SAR-VH Backscatter vs. Optical Mask Conflict,Elevation_Sparsity,TRAPPED_AND_PURGED
2026-04-15 08:50:07.173,TRC-02AB5D24,Indira Nagar,0.9431,99.31,7.65,1.0999,Rule 4: SAR-VH Backscatter vs. Optical Mask Conflict,Runoff_Lag,TRAPPED_AND_PURGED
2026-04-15 08:05:34.707,TRC-FE3EF5EC,Gomti Nagar,0.9134,69.91,11.24,0.704,Rule 4: SAR-VH Backscatter vs. Optical Mask Conflict,Sensor_Dropout,TRAPPED_AND_PURGED
2026-04-15 08:19:33.142,TRC-C0FFD1C3,Chowk,0.7076,99.76,14.24,1.0262,Rule 2: Mass Balance (Discharge-Runoff) Asymmetry,SAR_VH_Noise,TRAPPED_AND_PURGED
2026-04-15 08:44:57.228,TRC-02585B27,Chowk,0.6959,73.41,14.83,0.703,Rule 4: SAR-VH Backscatter vs. Optical Mask Conflict,Runoff_Lag,TRAPPED_AND_PURGED
2026-04-15 08:08:57.090,TRC-CE87961B,Hazratganj,0.8416,71.22,9.59,0.7396,Rule 1: Topographic Elevation vs. Inundation Velocity Violation,Elevation_Sparsity,TRAPPED_AND_PURGED
2026-04-15 08:18:22.422,TRC-FDE8C623,Chowk,0.8829,77.4,4.8,0.8712,Rule 4: SAR-VH Backscatter vs. Optical Mask Conflict,Elevation_Sparsity,TRAPPED_AND_PURGED
2026-04-15 08:02:09.457,TRC-56B24C53,Indira Nagar,0.7778,80.72,14.2,0.7982,Rule 1: Topographic Elevation vs. Inundation Velocity Violation,Runoff_Lag,TRAPPED_AND_PURGED
2026-04-15 08:30:06.449,TRC-5CB14EA8,Chowk,0.7703,97.19,7.35,1.0781,Rule 3: Capillary Fringe Saturation Paradox,SAR_VH_Noise,TRAPPED_AND_PURGED
2026-04-15 08:11:16.899,TRC-56532A98,Chowk,0.892,91.71,2.83,1.0666,Rule 1: Topographic Elevation vs. Inundation Velocity Violation,Sensor_Dropout,TRAPPED_AND_PURGED
2026-04-15 08:22:25.805,TRC-E09C44C8,Aminabad,0.7892,97.41,4.78,1.1116,Rule 1: Topographic Elevation vs. Inundation Velocity Violation,Elevation_Sparsity,TRAPPED_AND_PURGED
2026-04-15 08:58:46.677,TRC-82414811,Indira Nagar,0.5358,86.23,5.78,0.9654,Rule 3: Capillary Fringe Saturation Paradox,Runoff_Lag,TRAPPED_AND_PURGED
2026-04-15 08:10:48.273,TRC-8070DBA2,Aliganj,0.6387,77.87,6.56,0.8557,Rule 3: Capillary Fringe Saturation Paradox,Elevation_Sparsity,TRAPPED_AND_PURGED
2026-04-15 08:49:22.076,TRC-49CDE7BD,Aliganj,0.6339,89.71,13.66,0.9126,Rule 3: Capillary Fringe Saturation Paradox,Elevation_Sparsity,TRAPPED_AND_PURGED
2026-04-15 08:58:07.685,TRC-088B7164,Aminabad,0.7764,67.92,5.07,0.7542,Rule 3: Capillary Fringe Saturation Paradox,SAR_VH_Noise,TRAPPED_AND_PURGED
2026-04-15 08:18:50.399,TRC-BC3C9A75,Aminabad,0.9027,76.12,0.32,0.9096,Rule 3: Capillary Fringe Saturation Paradox,Elevation_Sparsity,TRAPPED_AND_PURGED
2026-04-15 08:07:12.700,TRC-F0D2CC7E,Indira Nagar,0.8304,73.53,12.67,0.7303,Rule 2: Mass Balance (Discharge-Runoff) Asymmetry,Elevation_Sparsity,TRAPPED_AND_PURGED
2026-04-15 08:41:24.530,TRC-2EB67DD2,Gomti Nagar,0.9498,83.99,13.27,0.8486,Rule 2: Mass Balance (Discharge-Runoff) Asymmetry,Runoff_Lag,TRAPPED_AND_PURGED
2026-04-15 08:31:18.254,TRC-D7D07872,Chowk,0.5012,67.0,5.42,0.739,Rule 2: Mass Balance (Discharge-Runoff) Asymmetry,Elevation_Sparsity,TRAPPED_AND_PURGED
2026-04-15 08:17:49.393,TRC-FDA29AE5,Gomti Nagar,1.0047,70.03,6.46,0.7628,Rule 2: Mass Balance (Discharge-Runoff) Asymmetry,Runoff_Lag,TRAPPED_AND_PURGED
2026-04-15 08:43:10.621,TRC-6D347B2F,Aliganj,0.9961,69.44,14.19,0.663,Rule 4: SAR-VH Backscatter vs. Optical Mask Conflict,SAR_VH_Noise,TRAPPED_AND_PURGED
2026-04-15 08:03:27.840,TRC-4BB9F745,Chowk,0.5234,65.54,2.57,0.7556,Rule 4: SAR-VH Backscatter vs. Optical Mask Conflict,SAR_VH_Noise,TRAPPED_AND_PURGED
2026-04-15 08:57:59.566,TRC-E6D0530F,Aliganj,0.9308,89.16,1.46,1.0524,Rule 1: Topographic Elevation vs. Inundation Velocity Violation,SAR_VH_Noise,TRAPPED_AND_PURGED
2026-04-15 08:55:55.163,TRC-A0AA148D,Gomti Nagar,0.8245,87.49,9.86,0.9316,Rule 4: SAR-VH Backscatter vs. Optical Mask Conflict,Runoff_Lag,TRAPPED_AND_PURGED
2026-04-15 08:18:58.428,TRC-DD900304,Aminabad,1.2174,90.45,4.2,1.035,Rule 1: Topographic Elevation vs. Inundation Velocity Violation,Elevation_Sparsity,TRAPPED_AND_PURGED
2026-04-15 08:53:08.666,TRC-AB612816,Indira Nagar,0.8295,68.93,2.69,0.7949,Rule 5: Demographic Vulnerability Triggered w/o Hydrological Base,Sensor_Dropout,TRAPPED_AND_PURGED
2026-04-15 08:39:26.799,TRC-CF7A8D88,Aminabad,0.35,67.8,3.63,0.77,Rule 2: Mass Balance (Discharge-Runoff) Asymmetry,Elevation_Sparsity,TRAPPED_AND_PURGED
2026-04-15 08:14:42.592,TRC-713D8743,Hazratganj,0.8449,89.86,7.57,0.9875,Rule 1: Topographic Elevation vs. Inundation Velocity Violation,Elevation_Sparsity,TRAPPED_AND_PURGED
2026-04-15 08:28:59.996,TRC-7FE3060D,Indira Nagar,0.8011,79.17,11.3,0.8144,Rule 3: Capillary Fringe Saturation Paradox,Elevation_Sparsity,TRAPPED_AND_PURGED
2026-04-15 08:45:09.221,TRC-4E392F27,Aminabad,0.7934,77.06,10.49,0.7988,Rule 2: Mass Balance (Discharge-Runoff) Asymmetry,Sensor_Dropout,TRAPPED_AND_PURGED
2026-04-15 08:10:12.884,TRC-CBEE09BE,Chowk,0.712,96.53,10.43,1.0332,Rule 3: Capillary Fringe Saturation Paradox,Sensor_Dropout,TRAPPED_AND_PURGED
2026-04-15 08:47:33.107,TRC-74E041DD,Hazratganj,0.7861,91.46,12.59,0.9464,Rule 2: Mass Balance (Discharge-Runoff) Asymmetry,Elevation_Sparsity,TRAPPED_AND_PURGED
2026-04-15 08:39:22.743,TRC-AE46B6CB,Hazratganj,0.853,95.56,1.65,1.1269,Rule 4: SAR-VH Backscatter vs. Optical Mask Conflict,Sensor_Dropout,TRAPPED_AND_PURGED
2026-04-15 08:45:19.478,TRC-D31B8D35,Indira Nagar,0.6902,75.28,2.25,0.8764,Rule 2: Mass Balance (Discharge-Runoff) Asymmetry,SAR_VH_Noise,TRAPPED_AND_PURGED
2026-04-15 08:45:59.887,TRC-21F3B1FD,Aminabad,0.6067,81.3,2.4,0.9468,Rule 1: Topographic Elevation vs. Inundation Velocity Violation,SAR_VH_Noise,TRAPPED_AND_PURGED
2026-04-15 08:49:05.063,TRC-8403ABEE,Gomti Nagar,0.7229,74.89,9.12,0.7892,Rule 1: Topographic Elevation vs. Inundation Velocity Violation,Elevation_Sparsity,TRAPPED_AND_PURGED
2026-04-15 08:13:42.061,TRC-C5214153,Hazratganj,0.6344,94.2,11.56,0.9917,Rule 1: Topographic Elevation vs. Inundation Velocity Violation,Sensor_Dropout,TRAPPED_AND_PURGED
2026-04-15 08:13:59.552,TRC-FD78D1BB,Aliganj,0.8078,77.87,0.67,0.9264,Rule 2: Mass Balance (Discharge-Runoff) Asymmetry,SAR_VH_Noise,TRAPPED_AND_PURGED
2026-04-15 08:19:13.634,TRC-912FEE33,Aliganj,0.6731,79.92,8.22,0.8604,Rule 3: Capillary Fringe Saturation Paradox,Sensor_Dropout,TRAPPED_AND_PURGED
2026-04-15 08:39:16.343,TRC-73CD8E53,Aliganj,0.6341,91.84,12.94,0.9468,Rule 1: Topographic Elevation vs. Inundation Velocity Violation,Elevation_Sparsity,TRAPPED_AND_PURGED
2026-04-15 08:01:18.054,TRC-C07C8825,Indira Nagar,0.9667,91.76,8.89,0.9944,Rule 1: Topographic Elevation vs. Inundation Velocity Violation,Elevation_Sparsity,TRAPPED_AND_PURGED
2026-04-15 08:59:02.694,TRC-4CF4FCCB,Hazratganj,0.779,87.08,11.27,0.9097,Rule 5: Demographic Vulnerability Triggered w/o Hydrological Base,SAR_VH_Noise,TRAPPED_AND_PURGED
2026-04-15 08:31:47.182,TRC-D6C0413B,Chowk,0.8288,69.63,7.05,0.751,Rule 3: Capillary Fringe Saturation Paradox,Sensor_Dropout,TRAPPED_AND_PURGED
2026-04-15 08:10:09.000,TRC-7D868718,Gomti Nagar,0.9426,93.24,9.35,1.0067,Rule 4: SAR-VH Backscatter vs. Optical Mask Conflict,SAR_VH_Noise,TRAPPED_AND_PURGED
2026-04-15 08:04:09.079,TRC-7724DFCB,Hazratganj,0.7002,91.36,4.21,1.0458,Rule 1: Topographic Elevation vs. Inundation Velocity Violation,Elevation_Sparsity,TRAPPED_AND_PURGED
2026-04-15 08:52:04.486,TRC-87BA0A3C,Indira Nagar,0.8338,96.12,5.67,1.0854,Rule 1: Topographic Elevation vs. Inundation Velocity Violation,Runoff_Lag,TRAPPED_AND_PURGED
2026-04-15 08:13:38.267,TRC-DE7E44D9,Hazratganj,0.7046,70.97,8.44,0.7504,Rule 3: Capillary Fringe Saturation Paradox,Elevation_Sparsity,TRAPPED_AND_PURGED
2026-04-15 08:29:05.417,TRC-8D4EB5A5,Indira Nagar,0.808,66.66,13.74,0.635,Rule 2: Mass Balance (Discharge-Runoff) Asymmetry,Runoff_Lag,TRAPPED_AND_PURGED
2026-04-15 08:25:55.213,TRC-CD39CF94,Aminabad,0.9537,80.69,1.06,0.9556,Rule 5: Demographic Vulnerability Triggered w/o Hydrological Base,Elevation_Sparsity,TRAPPED_AND_PURGED
2026-04-15 08:23:34.169,TRC-A21DAA2F,Aminabad,0.8645,67.02,1.41,0.7873,Rule 1: Topographic Elevation vs. Inundation Velocity Violation,Runoff_Lag,TRAPPED_AND_PURGED
2026-04-15 08:32:21.139,TRC-3EC5FFC9,Aliganj,0.8542,82.72,12.0,0.8486,Rule 3: Capillary Fringe Saturation Paradox,Elevation_Sparsity,TRAPPED_AND_PURGED
2026-04-15 08:05:30.538,TRC-AE30BC11,Gomti Nagar,0.8929,83.35,12.67,0.8482,Rule 2: Mass Balance (Discharge-Runoff) Asymmetry,SAR_VH_Noise,TRAPPED_AND_PURGED
2026-04-15 08:59:02.262,TRC-BFD388DB,Aliganj,0.8169,86.39,7.45,0.9473,Rule 2: Mass Balance (Discharge-Runoff) Asymmetry,Runoff_Lag,TRAPPED_AND_PURGED
2026-04-15 08:48:33.798,TRC-47621745,Aminabad,0.8272,88.79,13.97,0.8978,Rule 1: Topographic Elevation vs. Inundation Velocity Violation,SAR_VH_Noise,TRAPPED_AND_PURGED
2026-04-15 08:29:25.011,TRC-1B4FFD2E,Aminabad,0.9328,70.26,11.56,0.7044,Rule 3: Capillary Fringe Saturation Paradox,SAR_VH_Noise,TRAPPED_AND_PURGED
2026-04-15 08:51:28.250,TRC-9E739063,Aliganj,0.6812,75.61,4.8,0.8497,Rule 1: Topographic Elevation vs. Inundation Velocity Violation,Sensor_Dropout,TRAPPED_AND_PURGED
2026-04-15 08:39:42.549,TRC-0B3654DD,Aliganj,0.844,74.76,10.31,0.7734,Rule 2: Mass Balance (Discharge-Runoff) Asymmetry,Elevation_Sparsity,TRAPPED_AND_PURGED
2026-04-15 08:43:02.549,TRC-3DC61E4A,Hazratganj,0.6771,73.75,9.8,0.7674,Rule 4: SAR-VH Backscatter vs. Optical Mask Conflict,SAR_VH_Noise,TRAPPED_AND_PURGED
2026-04-15 08:17:38.672,TRC-617360B6,Gomti Nagar,0.6564,87.02,5.17,0.9822,Rule 1: Topographic Elevation vs. Inundation Velocity Violation,SAR_VH_Noise,TRAPPED_AND_PURGED
2026-04-15 08:54:18.536,TRC-1A1EFFD5,Hazratganj,0.762,68.33,2.15,0.7942,Rule 1: Topographic Elevation vs. Inundation Velocity Violation,Sensor_Dropout,TRAPPED_AND_PURGED
2026-04-15 08:42:57.695,TRC-3790D08F,Aliganj,0.8346,94.89,10.53,1.0123,Rule 4: SAR-VH Backscatter vs. Optical Mask Conflict,Runoff_Lag,TRAPPED_AND_PURGED
2026-04-15 08:39:05.435,TRC-87821F8D,Gomti Nagar,0.9031,73.94,3.32,0.8474,Rule 4: SAR-VH Backscatter vs. Optical Mask Conflict,Sensor_Dropout,TRAPPED_AND_PURGED
2026-04-15 08:26:11.106,TRC-7EEB994B,Aliganj,0.9231,74.42,10.19,0.7708,Rule 1: Topographic Elevation vs. Inundation Velocity Violation,SAR_VH_Noise,TRAPPED_AND_PURGED
2026-04-15 08:47:06.357,TRC-19910F22,Chowk,0.6343,87.29,9.84,0.9294,Rule 3: Capillary Fringe Saturation Paradox,Sensor_Dropout,TRAPPED_AND_PURGED
2026-04-15 08:02:39.012,TRC-D37677B2,Chowk,0.8873,89.77,6.64,0.9976,Rule 2: Mass Balance (Discharge-Runoff) Asymmetry,SAR_VH_Noise,TRAPPED_AND_PURGED
2026-04-15 08:47:03.603,TRC-6FEA1F87,Indira Nagar,0.6658,92.87,7.77,1.0212,Rule 2: Mass Balance (Discharge-Runoff) Asymmetry,Runoff_Lag,TRAPPED_AND_PURGED
2026-04-15 08:43:45.874,TRC-DD9EB150,Gomti Nagar,0.6629,67.64,6.49,0.7338,Rule 1: Topographic Elevation vs. Inundation Velocity Violation,Elevation_Sparsity,TRAPPED_AND_PURGED
2026-04-15 08:53:36.343,TRC-31EA5D57,Aliganj,0.6128,88.09,10.8,0.9275,Rule 5: Demographic Vulnerability Triggered w/o Hydrological Base,Elevation_Sparsity,TRAPPED_AND_PURGED
2026-04-15 08:49:33.196,TRC-B136C3FF,Indira Nagar,0.6174,87.68,14.84,0.8741,Rule 1: Topographic Elevation vs. Inundation Velocity Violation,Elevation_Sparsity,TRAPPED_AND_PURGED
2026-04-15 08:12:16.561,TRC-64652D20,Aminabad,0.6529,71.85,13.97,0.6946,Rule 4: SAR-VH Backscatter vs. Optical Mask Conflict,Sensor_Dropout,TRAPPED_AND_PURGED
2026-04-15 08:05:23.663,TRC-A985162E,Indira Nagar,0.8652,92.39,12.49,0.9588,Rule 3: Capillary Fringe Saturation Paradox,Elevation_Sparsity,TRAPPED_AND_PURGED
2026-04-15 09:05:14.019,TRC-E4CCE74E,Aliganj,1.0504,70.63,6.87,0.7651,Rule 4: SAR-VH Backscatter vs. Optical Mask Conflict,Elevation_Sparsity,TRAPPED_AND_PURGED
2026-04-15 08:54:21.193,TRC-1D9B4EFC,Aliganj,0.8927,84.99,12.81,0.8662,Rule 3: Capillary Fringe Saturation Paradox,Elevation_Sparsity,TRAPPED_AND_PURGED
2026-04-15 08:34:17.825,TRC-4BA38F6B,Chowk,1.1363,66.68,7.45,0.7108,Rule 4: SAR-VH Backscatter vs. Optical Mask Conflict,Runoff_Lag,TRAPPED_AND_PURGED
2026-04-15 08:04:26.850,TRC-D1E0ACFC,Chowk,0.9216,87.58,12.78,0.8976,Rule 3: Capillary Fringe Saturation Paradox,Sensor_Dropout,TRAPPED_AND_PURGED
2026-04-15 09:05:09.259,TRC-E9430209,Hazratganj,0.6727,98.95,2.73,1.1546,Rule 1: Topographic Elevation vs. Inundation Velocity Violation,Elevation_Sparsity,TRAPPED_AND_PURGED
2026-04-15 09:05:01.538,TRC-7C0BF210,Gomti Nagar,0.8683,68.46,11.75,0.6805,Rule 2: Mass Balance (Discharge-Runoff) Asymmetry,Elevation_Sparsity,TRAPPED_AND_PURGED
2026-04-15 09:03:04.955,TRC-2ADE1DF3,Indira Nagar,0.6892,77.24,10.16,0.805,Rule 4: SAR-VH Backscatter vs. Optical Mask Conflict,Elevation_Sparsity,TRAPPED_AND_PURGED
2026-04-15 08:02:51.075,TRC-A5346F0C,Aliganj,0.7129,75.42,13.44,0.7438,Rule 3: Capillary Fringe Saturation Paradox,SAR_VH_Noise,TRAPPED_AND_PURGED
2026-04-15 08:37:20.095,TRC-BC73C97E,Gomti Nagar,0.8635,91.35,14.21,0.9257,Rule 5: Demographic Vulnerability Triggered w/o Hydrological Base,Elevation_Sparsity,TRAPPED_AND_PURGED
2026-04-15 08:56:46.910,TRC-A32A02FC,Indira Nagar,0.5969,93.69,6.24,1.0494,Rule 2: Mass Balance (Discharge-Runoff) Asymmetry,Elevation_Sparsity,TRAPPED_AND_PURGED
2026-04-15 08:12:39.235,TRC-2477D85D,Indira Nagar,0.8479,67.18,3.77,0.7609,Rule 1: Topographic Elevation vs. Inundation Velocity Violation,Runoff_Lag,TRAPPED_AND_PURGED
2026-04-15 08:40:55.339,TRC-24CE1602,Chowk,0.7098,97.66,1.24,1.157,Rule 1: Topographic Elevation vs. Inundation Velocity Violation,Elevation_Sparsity,TRAPPED_AND_PURGED
2026-04-15 08:20:15.785,TRC-D82FA23C,Hazratganj,0.7507,75.99,4.79,0.8544,Rule 1: Topographic Elevation vs. Inundation Velocity Violation,Runoff_Lag,TRAPPED_AND_PURGED
2026-04-15 08:22:36.850,TRC-06E79048,Aminabad,0.7314,69.51,11.59,0.695,Rule 3: Capillary Fringe Saturation Paradox,Runoff_Lag,TRAPPED_AND_PURGED
2026-04-15 09:00:27.763,TRC-9C8F1E98,Hazratganj,0.7746,70.86,3.56,0.8076,Rule 1: Topographic Elevation vs. Inundation Velocity Violation,SAR_VH_Noise,TRAPPED_AND_PURGED
2026-04-15 08:58:34.990,TRC-7C372F08,Indira Nagar,0.6027,97.5,5.49,1.1041,Rule 5: Demographic Vulnerability Triggered w/o Hydrological Base,Runoff_Lag,TRAPPED_AND_PURGED
2026-04-15 09:07:33.048,TRC-D520F59C,Aliganj,0.7398,95.35,7.71,1.0517,Rule 1: Topographic Elevation vs. Inundation Velocity Violation,Runoff_Lag,TRAPPED_AND_PURGED
2026-04-15 08:39:01.569,TRC-59EDA125,Aliganj,0.7423,84.42,0.1,1.0118,Rule 5: Demographic Vulnerability Triggered w/o Hydrological Base,Runoff_Lag,TRAPPED_AND_PURGED
2026-04-15 08:33:45.845,TRC-F996770C,Aminabad,0.7483,93.56,11.33,0.9868,Rule 2: Mass Balance (Discharge-Runoff) Asymmetry,SAR_VH_Noise,TRAPPED_AND_PURGED
2026-04-15 08:08:07.172,TRC-D0B4DE8B,Aliganj,0.9959,88.48,1.87,1.0393,Rule 1: Topographic Elevation vs. Inundation Velocity Violation,Elevation_Sparsity,TRAPPED_AND_PURGED
2026-04-15 08:43:00.560,TRC-0DFA9191,Hazratganj,0.6094,90.19,7.07,0.9974,Rule 3: Capillary Fringe Saturation Paradox,Sensor_Dropout,TRAPPED_AND_PURGED
2026-04-15 08:45:04.300,TRC-2BBDC697,Aminabad,0.7198,74.31,13.29,0.7322,Rule 5: Demographic Vulnerability Triggered w/o Hydrological Base,Runoff_Lag,TRAPPED_AND_PURGED
2026-04-15 08:24:33.163,TRC-0226F9D6,Hazratganj,0.9292,78.98,5.2,0.8854,Rule 2: Mass Balance (Discharge-Runoff) Asymmetry,Sensor_Dropout,TRAPPED_AND_PURGED
2026-04-15 08:55:41.867,TRC-F78FC5C3,Hazratganj,0.8573,97.08,3.95,1.1176,Rule 3: Capillary Fringe Saturation Paradox,Runoff_Lag,TRAPPED_AND_PURGED
2026-04-15 08:52:21.182,TRC-8E4EE42D,Hazratganj,0.7029,82.66,0.43,0.9868,Rule 5: Demographic Vulnerability Triggered w/o Hydrological Base,Elevation_Sparsity,TRAPPED_AND_PURGED
2026-04-15 08:50:41.454,TRC-7E29149F,Hazratganj,0.9794,89.02,2.81,1.0345,Rule 1: Topographic Elevation vs. Inundation Velocity Violation,Runoff_Lag,TRAPPED_AND_PURGED
2026-04-15 08:21:12.614,TRC-0EFC494F,Aliganj,0.9607,78.97,12.32,0.7998,Rule 3: Capillary Fringe Saturation Paradox,Elevation_Sparsity,TRAPPED_AND_PURGED
2026-04-15 08:35:13.566,TRC-E7D88D79,Hazratganj,0.8608,81.7,5.4,0.9156,Rule 1: Topographic Elevation vs. Inundation Velocity Violation,Elevation_Sparsity,TRAPPED_AND_PURGED
2026-04-15 08:05:33.306,TRC-79010D09,Hazratganj,1.0269,76.69,1.58,0.9013,Rule 4: SAR-VH Backscatter vs. Optical Mask Conflict,SAR_VH_Noise,TRAPPED_AND_PURGED
2026-04-15 08:11:25.417,TRC-12C80895,Chowk,0.7815,68.74,14.85,0.6467,Rule 4: SAR-VH Backscatter vs. Optical Mask Conflict,Elevation_Sparsity,TRAPPED_AND_PURGED
2026-04-15 09:03:34.400,TRC-2A25B646,Gomti Nagar,1.0514,95.54,1.33,1.1305,Rule 2: Mass Balance (Discharge-Runoff) Asymmetry,Elevation_Sparsity,TRAPPED_AND_PURGED
2026-04-15 08:12:08.399,TRC-C5C521A5,Chowk,0.5009,83.84,4.07,0.9572,Rule 5: Demographic Vulnerability Triggered w/o Hydrological Base,Sensor_Dropout,TRAPPED_AND_PURGED
2026-04-15 08:57:29.819,TRC-2CB526FA,Aminabad,0.5141,69.82,0.46,0.8323,Rule 1: Topographic Elevation vs. Inundation Velocity Violation,Sensor_Dropout,TRAPPED_AND_PURGED
2026-04-15 08:05:26.964,TRC-F701DE71,Aliganj,0.4933,82.99,4.39,0.9432,Rule 5: Demographic Vulnerability Triggered w/o Hydrological Base,Sensor_Dropout,TRAPPED_AND_PURGED
2026-04-15 08:04:08.211,TRC-396E6A2B,Hazratganj,0.8584,98.45,7.91,1.0865,Rule 3: Capillary Fringe Saturation Paradox,SAR_VH_Noise,TRAPPED_AND_PURGED
2026-04-15 08:48:43.746,TRC-BE104229,Indira Nagar,0.6294,74.16,12.15,0.7441,Rule 5: Demographic Vulnerability Triggered w/o Hydrological Base,Runoff_Lag,TRAPPED_AND_PURGED
2026-04-15 08:38:40.717,TRC-F96DA579,Indira Nagar,0.5829,78.41,9.03,0.8326,Rule 1: Topographic Elevation vs. Inundation Velocity Violation,Elevation_Sparsity,TRAPPED_AND_PURGED
2026-04-15 08:03:43.759,TRC-D8D2C786,Aminabad,0.4027,72.82,8.65,0.77,Rule 4: SAR-VH Backscatter vs. Optical Mask Conflict,Sensor_Dropout,TRAPPED_AND_PURGED
2026-04-15 08:45:48.289,TRC-9BBDF3D7,Hazratganj,0.8184,97.75,11.05,1.0404,Rule 1: Topographic Elevation vs. Inundation Velocity Violation,Elevation_Sparsity,TRAPPED_AND_PURGED
2026-04-15 09:05:19.926,TRC-6DCA17BD,Aliganj,1.0191,84.73,9.8,0.8992,Rule 3: Capillary Fringe Saturation Paradox,Sensor_Dropout,TRAPPED_AND_PURGED
2026-04-15 08:49:00.627,TRC-5F81B0EB,Indira Nagar,0.7268,91.27,9.99,0.9754,Rule 3: Capillary Fringe Saturation Paradox,Sensor_Dropout,TRAPPED_AND_PURGED
2026-04-15 08:50:34.203,TRC-A6C86862,Aminabad,0.8624,93.78,3.41,1.0844,Rule 3: Capillary Fringe Saturation Paradox,Sensor_Dropout,TRAPPED_AND_PURGED
2026-04-15 08:39:25.095,TRC-CE553578,Chowk,0.7711,72.71,4.68,0.8164,Rule 5: Demographic Vulnerability Triggered w/o Hydrological Base,Sensor_Dropout,TRAPPED_AND_PURGED
2026-04-15 08:24:20.125,TRC-9F4EBA8A,Chowk,0.8037,96.77,9.15,1.0514,Rule 5: Demographic Vulnerability Triggered w/o Hydrological Base,Sensor_Dropout,TRAPPED_AND_PURGED
2026-04-15 08:33:30.697,TRC-73AB0FA6,Chowk,0.6158,66.97,9.27,0.6924,Rule 4: SAR-VH Backscatter vs. Optical Mask Conflict,SAR_VH_Noise,TRAPPED_AND_PURGED
2026-04-15 08:03:47.643,TRC-852756E0,Indira Nagar,1.0619,78.63,5.94,0.8723,Rule 4: SAR-VH Backscatter vs. Optical Mask Conflict,SAR_VH_Noise,TRAPPED_AND_PURGED
2026-04-15 08:52:20.567,TRC-53F8AAEC,Aminabad,0.9727,81.24,7.31,0.8872,Rule 1: Topographic Elevation vs. Inundation Velocity Violation,Runoff_Lag,TRAPPED_AND_PURGED
2026-04-15 08:42:17.981,TRC-416A0FD1,Hazratganj,0.8201,80.23,4.1,0.9136,Rule 1: Topographic Elevation vs. Inundation Velocity Violation,Runoff_Lag,TRAPPED_AND_PURGED
2026-04-15 08:27:34.056,TRC-87C08EAB,Chowk,0.7059,77.95,8.37,0.835,Rule 4: SAR-VH Backscatter vs. Optical Mask Conflict,Elevation_Sparsity,TRAPPED_AND_PURGED
2026-04-15 08:03:11.451,TRC-E06B3CA2,Hazratganj,0.901,93.55,0.63,1.115,Rule 4: SAR-VH Backscatter vs. Optical Mask Conflict,Runoff_Lag,TRAPPED_AND_PURGED
2026-04-15 09:00:20.246,TRC-098D8400,Aliganj,0.7827,97.62,7.35,1.0832,Rule 5: Demographic Vulnerability Triggered w/o Hydrological Base,SAR_VH_Noise,TRAPPED_AND_PURGED
2026-04-15 08:24:13.447,TRC-CAD57709,Indira Nagar,0.5275,83.58,6.92,0.9199,Rule 3: Capillary Fringe Saturation Paradox,Sensor_Dropout,TRAPPED_AND_PURGED
2026-04-15 09:07:10.013,TRC-78D606AD,Gomti Nagar,0.6821,78.55,5.23,0.8798,Rule 1: Topographic Elevation vs. Inundation Velocity Violation,Sensor_Dropout,TRAPPED_AND_PURGED
2026-04-15 08:02:22.611,TRC-709761B5,Chowk,0.9215,85.22,4.11,0.9733,Rule 1: Topographic Elevation vs. Inundation Velocity Violation,SAR_VH_Noise,TRAPPED_AND_PURGED
2026-04-15 08:41:35.337,TRC-37FBD7C2,Indira Nagar,1.1428,65.17,0.05,0.7814,Rule 2: Mass Balance (Discharge-Runoff) Asymmetry,Runoff_Lag,TRAPPED_AND_PURGED
2026-04-15 08:16:08.385,TRC-41438929,Aliganj,0.7767,86.41,7.34,0.9488,Rule 4: SAR-VH Backscatter vs. Optical Mask Conflict,Elevation_Sparsity,TRAPPED_AND_PURGED
2026-04-15 08:40:01.101,TRC-69BB763A,Hazratganj,0.6762,66.2,8.27,0.6952,Rule 2: Mass Balance (Discharge-Runoff) Asymmetry,Runoff_Lag,TRAPPED_AND_PURGED
2026-04-15 09:04:52.033,TRC-FA98B002,Indira Nagar,0.8152,92.79,9.08,1.0045,Rule 4: SAR-VH Backscatter vs. Optical Mask Conflict,Sensor_Dropout,TRAPPED_AND_PURGED
2026-04-15 08:20:38.590,TRC-6C2D646D,Gomti Nagar,0.804,75.5,12.63,0.7544,Rule 5: Demographic Vulnerability Triggered w/o Hydrological Base,Runoff_Lag,TRAPPED_AND_PURGED
2026-04-15 09:02:46.186,TRC-3FEE17C4,Aminabad,0.9484,65.27,6.92,0.7002,Rule 4: SAR-VH Backscatter vs. Optical Mask Conflict,Elevation_Sparsity,TRAPPED_AND_PURGED
2026-04-15 08:34:06.992,TRC-9E78C87F,Aliganj,0.9108,75.93,13.09,0.7541,Rule 5: Demographic Vulnerability Triggered w/o Hydrological Base,SAR_VH_Noise,TRAPPED_AND_PURGED
2026-04-15 09:02:43.809,TRC-AB1FC12F,Indira Nagar,0.7817,81.19,7.43,0.8851,Rule 5: Demographic Vulnerability Triggered w/o Hydrological Base,Runoff_Lag,TRAPPED_AND_PURGED
2026-04-15 08:43:10.853,TRC-8EE6DE04,Gomti Nagar,0.5635,91.02,2.59,1.0612,Rule 2: Mass Balance (Discharge-Runoff) Asymmetry,Sensor_Dropout,TRAPPED_AND_PURGED
2026-04-15 08:48:59.131,TRC-E70919F6,Aliganj,0.886,70.52,1.23,0.8315,Rule 4: SAR-VH Backscatter vs. Optical Mask Conflict,Sensor_Dropout,TRAPPED_AND_PURGED
2026-04-15 08:34:40.585,TRC-E25A6D86,Aliganj,0.9511,71.95,5.96,0.7919,Rule 4: SAR-VH Backscatter vs. Optical Mask Conflict,Runoff_Lag,TRAPPED_AND_PURGED
2026-04-15 08:52:27.353,TRC-81CA4DEE,Aliganj,0.7298,85.81,12.5,0.8797,Rule 1: Topographic Elevation vs. Inundation Velocity Violation,Sensor_Dropout,TRAPPED_AND_PURGED
2026-04-15 08:59:14.594,TRC-9AE3D64C,Chowk,0.8655,68.21,7.68,0.7264,Rule 5: Demographic Vulnerability Triggered w/o Hydrological Base,Elevation_Sparsity,TRAPPED_AND_PURGED
2026-04-15 08:50:58.018,TRC-6E5969D9,Gomti Nagar,0.7879,93.84,4.04,1.0776,Rule 2: Mass Balance (Discharge-Runoff) Asymmetry,SAR_VH_Noise,TRAPPED_AND_PURGED
2026-04-15 08:08:40.651,TRC-AFE1F624,Chowk,0.9576,92.96,3.47,1.0739,Rule 2: Mass Balance (Discharge-Runoff) Asymmetry,Elevation_Sparsity,TRAPPED_AND_PURGED
2026-04-15 08:12:48.369,TRC-3F3F8367,Aliganj,0.7141,88.78,10.15,0.9436,Rule 1: Topographic Elevation vs. Inundation Velocity Violation,Runoff_Lag,TRAPPED_AND_PURGED
2026-04-15 08:13:49.477,TRC-EBACA222,Aminabad,0.6528,98.85,11.18,1.052,Rule 3: Capillary Fringe Saturation Paradox,SAR_VH_Noise,TRAPPED_AND_PURGED
2026-04-15 08:18:44.807,TRC-51D2E33B,Chowk,0.8141,97.13,5.11,1.1042,Rule 5: Demographic Vulnerability Triggered w/o Hydrological Base,Elevation_Sparsity,TRAPPED_AND_PURGED
2026-04-15 08:52:07.562,TRC-D3664335,Aliganj,0.8743,90.81,2.34,1.0616,Rule 1: Topographic Elevation vs. Inundation Velocity Violation,Sensor_Dropout,TRAPPED_AND_PURGED
2026-04-15 08:03:39.357,TRC-FABB6791,Hazratganj,0.749,76.43,0.85,0.907,Rule 2: Mass Balance (Discharge-Runoff) Asymmetry,Runoff_Lag,TRAPPED_AND_PURGED
2026-04-15 08:46:09.712,TRC-3C02E470,Indira Nagar,1.0258,91.64,8.86,0.9934,Rule 2: Mass Balance (Discharge-Runoff) Asymmetry,Sensor_Dropout,TRAPPED_AND_PURGED
2026-04-15 08:24:48.268,TRC-60EBA7EA,Gomti Nagar,0.7383,97.78,5.78,1.104,Rule 5: Demographic Vulnerability Triggered w/o Hydrological Base,Runoff_Lag,TRAPPED_AND_PURGED
2026-04-15 08:17:11.090,TRC-5A7C54FE,Aliganj,0.8289,77.98,9.54,0.8213,Rule 2: Mass Balance (Discharge-Runoff) Asymmetry,Elevation_Sparsity,TRAPPED_AND_PURGED
2026-04-15 09:00:10.896,TRC-27F8AE53,Hazratganj,0.8985,83.79,1.22,0.9908,Rule 2: Mass Balance (Discharge-Runoff) Asymmetry,Runoff_Lag,TRAPPED_AND_PURGED
2026-04-15 08:31:21.470,TRC-FAC98CB7,Chowk,1.0687,88.73,4.87,1.0063,Rule 4: SAR-VH Backscatter vs. Optical Mask Conflict,Elevation_Sparsity,TRAPPED_AND_PURGED
2026-04-15 08:46:12.685,TRC-6660A3B3,Aliganj,0.7895,96.57,3.16,1.1209,Rule 1: Topographic Elevation vs. Inundation Velocity Violation,Runoff_Lag,TRAPPED_AND_PURGED
2026-04-15 08:58:57.135,TRC-1EA03399,Indira Nagar,0.932,99.28,1.63,1.1718,Rule 4: SAR-VH Backscatter vs. Optical Mask Conflict,Elevation_Sparsity,TRAPPED_AND_PURGED
2026-04-15 08:45:42.129,TRC-804A23D0,Gomti Nagar,0.8255,75.88,11.28,0.7752,Rule 1: Topographic Elevation vs. Inundation Velocity Violation,SAR_VH_Noise,TRAPPED_AND_PURGED
2026-04-15 08:47:41.109,TRC-9E1F9BA2,Chowk,0.6552,88.69,1.6,1.0451,Rule 3: Capillary Fringe Saturation Paradox,Elevation_Sparsity,TRAPPED_AND_PURGED
2026-04-15 08:17:38.617,TRC-062F0269,Gomti Nagar,0.713,85.7,7.4,0.9396,Rule 3: Capillary Fringe Saturation Paradox,Sensor_Dropout,TRAPPED_AND_PURGED
2026-04-15 08:29:02.101,TRC-18F861A8,Aliganj,0.8602,68.65,13.28,0.6644,Rule 1: Topographic Elevation vs. Inundation Velocity Violation,Sensor_Dropout,TRAPPED_AND_PURGED
2026-04-15 08:15:17.598,TRC-044EE4F9,Hazratganj,0.7351,85.32,12.06,0.8791,Rule 3: Capillary Fringe Saturation Paradox,SAR_VH_Noise,TRAPPED_AND_PURGED
2026-04-15 09:12:46.002,TRC-71DE88C5,Indira Nagar,0.7759,65.71,2.38,0.76,Rule 1: Topographic Elevation vs. Inundation Velocity Violation,Sensor_Dropout,TRAPPED_AND_PURGED
2026-04-15 08:30:42.391,TRC-F7EF21A7,Hazratganj,0.7507,73.96,6.12,0.8141,Rule 2: Mass Balance (Discharge-Runoff) Asymmetry,SAR_VH_Noise,TRAPPED_AND_PURGED
2026-04-15 08:13:46.662,TRC-68865946,Chowk,0.8155,99.49,7.13,1.1083,Rule 1: Topographic Elevation vs. Inundation Velocity Violation,Runoff_Lag,TRAPPED_AND_PURGED
2026-04-15 08:16:21.656,TRC-6E225BA2,Chowk,0.8891,68.8,10.5,0.6996,Rule 4: SAR-VH Backscatter vs. Optical Mask Conflict,Runoff_Lag,TRAPPED_AND_PURGED
2026-04-15 08:04:12.624,TRC-49C8D44E,Aminabad,0.88,76.48,4.76,0.8606,Rule 3: Capillary Fringe Saturation Paradox,SAR_VH_Noise,TRAPPED_AND_PURGED
2026-04-15 08:45:38.358,TRC-4C435154,Aminabad,0.8634,82.1,14.82,0.8074,Rule 5: Demographic Vulnerability Triggered w/o Hydrological Base,SAR_VH_Noise,TRAPPED_AND_PURGED
2026-04-15 08:52:41.459,TRC-E68CE699,Indira Nagar,0.9358,73.66,1.57,0.8651,Rule 5: Demographic Vulnerability Triggered w/o Hydrological Base,Runoff_Lag,TRAPPED_AND_PURGED
2026-04-15 09:12:42.569,TRC-1CA47E09,Indira Nagar,1.0767,88.45,11.17,0.9274,Rule 2: Mass Balance (Discharge-Runoff) Asymmetry,Sensor_Dropout,TRAPPED_AND_PURGED
2026-04-15 08:16:55.476,TRC-402CA287,Aminabad,0.7484,89.77,2.05,1.0526,Rule 1: Topographic Elevation vs. Inundation Velocity Violation,Runoff_Lag,TRAPPED_AND_PURGED
2026-04-15 09:04:49.696,TRC-A5AE0D89,Aliganj,1.0013,97.48,5.81,1.1,Rule 5: Demographic Vulnerability Triggered w/o Hydrological Base,Elevation_Sparsity,TRAPPED_AND_PURGED
2026-04-15 08:32:36.865,TRC-5ED3A756,Hazratganj,0.8132,89.52,5.3,1.0106,Rule 3: Capillary Fringe Saturation Paradox,Runoff_Lag,TRAPPED_AND_PURGED
2026-04-15 08:26:59.869,TRC-D845EC6E,Aminabad,0.5831,67.66,9.44,0.6986,Rule 5: Demographic Vulnerability Triggered w/o Hydrological Base,SAR_VH_Noise,TRAPPED_AND_PURGED
2026-04-15 08:28:46.659,TRC-9537A416,Aminabad,0.7406,78.52,9.95,0.8228,Rule 4: SAR-VH Backscatter vs. Optical Mask Conflict,SAR_VH_Noise,TRAPPED_AND_PURGED
2026-04-15 08:14:25.068,TRC-5F86ABB1,Chowk,0.7223,66.53,12.51,0.6482,Rule 1: Topographic Elevation vs. Inundation Velocity Violation,Runoff_Lag,TRAPPED_AND_PURGED
2026-04-15 08:56:46.210,TRC-1A3A8AC3,Gomti Nagar,0.6404,65.2,12.45,0.633,Rule 5: Demographic Vulnerability Triggered w/o Hydrological Base,SAR_VH_Noise,TRAPPED_AND_PURGED
2026-04-15 08:10:24.249,TRC-22B57337,Aminabad,0.6451,85.64,11.49,0.8898,Rule 5: Demographic Vulnerability Triggered w/o Hydrological Base,Sensor_Dropout,TRAPPED_AND_PURGED
2026-04-15 09:02:19.893,TRC-0BD0B013,Aliganj,0.9217,98.77,1.01,1.1731,Rule 3: Capillary Fringe Saturation Paradox,Sensor_Dropout,TRAPPED_AND_PURGED
2026-04-15 08:12:13.305,TRC-B5BA418F,Hazratganj,0.8589,89.48,12.04,0.9293,Rule 5: Demographic Vulnerability Triggered w/o Hydrological Base,Runoff_Lag,TRAPPED_AND_PURGED
2026-04-15 08:21:24.091,TRC-3949B227,Indira Nagar,0.7288,66.31,3.57,0.7529,Rule 1: Topographic Elevation vs. Inundation Velocity Violation,Sensor_Dropout,TRAPPED_AND_PURGED
2026-04-15 08:50:30.796,TRC-F630C567,Hazratganj,0.8904,76.49,5.55,0.8513,Rule 3: Capillary Fringe Saturation Paradox,Runoff_Lag,TRAPPED_AND_PURGED
2026-04-15 08:32:06.612,TRC-3F81364F,Gomti Nagar,0.5925,96.3,12.55,1.005,Rule 3: Capillary Fringe Saturation Paradox,SAR_VH_Noise,TRAPPED_AND_PURGED
2026-04-15 08:09:28.135,TRC-29916917,Indira Nagar,0.6048,78.85,0.95,0.9348,Rule 4: SAR-VH Backscatter vs. Optical Mask Conflict,Elevation_Sparsity,TRAPPED_AND_PURGED
2026-04-15 08:59:01.392,TRC-874E0E3A,Indira Nagar,0.8247,96.67,4.05,1.1114,Rule 4: SAR-VH Backscatter vs. Optical Mask Conflict,Sensor_Dropout,TRAPPED_AND_PURGED
2026-04-15 09:04:08.743,TRC-5CE5FD34,Gomti Nagar,0.837,98.69,12.44,1.035,Rule 1: Topographic Elevation vs. Inundation Velocity Violation,Elevation_Sparsity,TRAPPED_AND_PURGED
2026-04-15 09:02:34.202,TRC-CF87B971,Hazratganj,0.5762,66.98,13.96,0.6362,Rule 1: Topographic Elevation vs. Inundation Velocity Violation,Sensor_Dropout,TRAPPED_AND_PURGED
2026-04-15 08:49:28.697,TRC-53BDC313,Gomti Nagar,0.6064,89.88,13.35,0.9184,Rule 2: Mass Balance (Discharge-Runoff) Asymmetry,SAR_VH_Noise,TRAPPED_AND_PURGED
2026-04-15 08:09:51.212,TRC-DDBD5E6A,Hazratganj,0.9704,84.79,10.39,0.8928,Rule 1: Topographic Elevation vs. Inundation Velocity Violation,Runoff_Lag,TRAPPED_AND_PURGED
2026-04-15 08:39:27.679,TRC-13752D6A,Chowk,0.81,82.72,8.46,0.8911,Rule 4: SAR-VH Backscatter vs. Optical Mask Conflict,Runoff_Lag,TRAPPED_AND_PURGED
2026-04-15 08:08:47.787,TRC-F4591E70,Gomti Nagar,0.7083,66.13,11.96,0.65,Rule 5: Demographic Vulnerability Triggered w/o Hydrological Base,SAR_VH_Noise,TRAPPED_AND_PURGED
2026-04-15 08:44:19.401,TRC-FA9339D0,Indira Nagar,0.869,86.64,9.01,0.9316,Rule 1: Topographic Elevation vs. Inundation Velocity Violation,Runoff_Lag,TRAPPED_AND_PURGED
2026-04-15 08:29:11.016,TRC-74548CE1,Gomti Nagar,0.6858,89.47,12.23,0.9269,Rule 4: SAR-VH Backscatter vs. Optical Mask Conflict,Runoff_Lag,TRAPPED_AND_PURGED
2026-04-15 08:33:24.748,TRC-7ED8B1EA,Aliganj,0.7566,74.49,9.5,0.7799,Rule 2: Mass Balance (Discharge-Runoff) Asymmetry,Sensor_Dropout,TRAPPED_AND_PURGED
2026-04-15 09:04:17.344,TRC-516730BB,Chowk,0.7678,78.26,6.41,0.8622,Rule 3: Capillary Fringe Saturation Paradox,SAR_VH_Noise,TRAPPED_AND_PURGED
2026-04-15 08:07:22.972,TRC-D2B37FFF,Aminabad,0.6948,75.0,12.0,0.756,Rule 4: SAR-VH Backscatter vs. Optical Mask Conflict,Runoff_Lag,TRAPPED_AND_PURGED
2026-04-15 08:06:14.241,TRC-04964479,Chowk,0.811,83.7,8.87,0.898,Rule 3: Capillary Fringe Saturation Paradox,SAR_VH_Noise,TRAPPED_AND_PURGED
2026-04-15 08:58:27.892,TRC-109CA2CF,Chowk,1.0716,93.57,6.87,1.0404,Rule 1: Topographic Elevation vs. Inundation Velocity Violation,SAR_VH_Noise,TRAPPED_AND_PURGED
2026-04-15 08:41:37.538,TRC-2FBF1046,Hazratganj,1.1417,71.05,1.79,0.8311,Rule 5: Demographic Vulnerability Triggered w/o Hydrological Base,SAR_VH_Noise,TRAPPED_AND_PURGED
2026-04-15 08:06:03.681,TRC-DC5CE161,Aminabad,0.5964,84.67,6.18,0.9419,Rule 1: Topographic Elevation vs. Inundation Velocity Violation,Elevation_Sparsity,TRAPPED_AND_PURGED
2026-04-15 08:58:03.904,TRC-765A90A1,Aliganj,1.0179,73.61,9.78,0.766,Rule 5: Demographic Vulnerability Triggered w/o Hydrological Base,Sensor_Dropout,TRAPPED_AND_PURGED
2026-04-15 08:54:55.703,TRC-7F46D6AE,Indira Nagar,0.8771,81.06,13.6,0.8095,Rule 5: Demographic Vulnerability Triggered w/o Hydrological Base,Runoff_Lag,TRAPPED_AND_PURGED
2026-04-15 09:03:35.022,TRC-7E84C584,Aliganj,0.7545,83.44,11.63,0.8617,Rule 4: SAR-VH Backscatter vs. Optical Mask Conflict,Sensor_Dropout,TRAPPED_AND_PURGED
2026-04-15 08:24:35.084,TRC-A1A0398C,Aminabad,0.632,92.6,9.8,0.9936,Rule 4: SAR-VH Backscatter vs. Optical Mask Conflict,SAR_VH_Noise,TRAPPED_AND_PURGED
2026-04-15 08:52:19.908,TRC-677B0D4E,Chowk,0.7117,71.09,4.64,0.7974,Rule 1: Topographic Elevation vs. Inundation Velocity Violation,SAR_VH_Noise,TRAPPED_AND_PURGED
2026-04-15 08:05:45.476,TRC-92E19609,Gomti Nagar,0.6908,77.42,0.26,0.9259,Rule 4: SAR-VH Backscatter vs. Optical Mask Conflict,Sensor_Dropout,TRAPPED_AND_PURGED
2026-04-15 08:36:04.702,TRC-CE696C6A,Chowk,1.1333,85.28,7.77,0.9301,Rule 3: Capillary Fringe Saturation Paradox,Elevation_Sparsity,TRAPPED_AND_PURGED
2026-04-15 08:53:43.197,TRC-AEA364C7,Hazratganj,0.9991,71.6,7.14,0.7735,Rule 4: SAR-VH Backscatter vs. Optical Mask Conflict,Elevation_Sparsity,TRAPPED_AND_PURGED
2026-04-15 08:09:15.355,TRC-A333E67B,Chowk,0.4815,76.82,6.22,0.8472,Rule 1: Topographic Elevation vs. Inundation Velocity Violation,SAR_VH_Noise,TRAPPED_AND_PURGED
2026-04-15 09:09:36.336,TRC-854EF7F7,Gomti Nagar,0.8676,91.34,9.47,0.9824,Rule 1: Topographic Elevation vs. Inundation Velocity Violation,SAR_VH_Noise,TRAPPED_AND_PURGED
2026-04-15 08:48:27.199,TRC-D47BB6A4,Aliganj,0.8069,81.43,8.76,0.872,Rule 2: Mass Balance (Discharge-Runoff) Asymmetry,SAR_VH_Noise,TRAPPED_AND_PURGED
2026-04-15 09:10:05.456,TRC-59B3EA43,Hazratganj,0.7767,81.07,9.9,0.854,Rule 4: SAR-VH Backscatter vs. Optical Mask Conflict,Runoff_Lag,TRAPPED_AND_PURGED
2026-04-15 08:19:54.147,TRC-CDF9EF21,Aminabad,0.5675,85.91,14.09,0.8618,Rule 3: Capillary Fringe Saturation Paradox,Sensor_Dropout,TRAPPED_AND_PURGED
2026-04-15 08:29:43.880,TRC-CDFFC480,Chowk,0.8243,85.97,12.38,0.8831,Rule 3: Capillary Fringe Saturation Paradox,Runoff_Lag,TRAPPED_AND_PURGED
2026-04-15 09:16:27.227,TRC-E3769AB3,Aminabad,0.7949,77.39,2.21,0.9022,Rule 3: Capillary Fringe Saturation Paradox,Runoff_Lag,TRAPPED_AND_PURGED
2026-04-15 08:55:17.023,TRC-446466E6,Indira Nagar,0.8658,77.25,10.75,0.798,Rule 5: Demographic Vulnerability Triggered w/o Hydrological Base,SAR_VH_Noise,TRAPPED_AND_PURGED
2026-04-15 08:07:20.132,TRC-C8DBC3F0,Aliganj,0.9135,82.93,0.54,0.9887,Rule 1: Topographic Elevation vs. Inundation Velocity Violation,Elevation_Sparsity,TRAPPED_AND_PURGED
2026-04-15 09:10:04.015,TRC-4D9B9B09,Aliganj,0.7394,70.32,10.53,0.7175,Rule 3: Capillary Fringe Saturation Paradox,Sensor_Dropout,TRAPPED_AND_PURGED
2026-04-15 09:14:36.166,TRC-BFAB92C9,Indira Nagar,0.8446,73.0,6.98,0.7922,Rule 5: Demographic Vulnerability Triggered w/o Hydrological Base,Sensor_Dropout,TRAPPED_AND_PURGED
2026-04-15 08:19:01.850,TRC-3206C601,Hazratganj,0.8934,94.39,14.06,0.964,Rule 4: SAR-VH Backscatter vs. Optical Mask Conflict,Runoff_Lag,TRAPPED_AND_PURGED
2026-04-15 08:25:23.096,TRC-1483199D,Hazratganj,0.9228,76.18,7.25,0.8272,Rule 5: Demographic Vulnerability Triggered w/o Hydrological Base,Elevation_Sparsity,TRAPPED_AND_PURGED
2026-04-15 08:55:01.084,TRC-5ACD08BB,Chowk,0.8252,96.68,10.9,1.0294,Rule 5: Demographic Vulnerability Triggered w/o Hydrological Base,Elevation_Sparsity,TRAPPED_AND_PURGED
2026-04-15 08:24:38.974,TRC-B8C4CCAE,Aliganj,0.7778,75.05,2.55,0.87,Rule 3: Capillary Fringe Saturation Paradox,Runoff_Lag,TRAPPED_AND_PURGED
2026-04-15 08:11:33.291,TRC-8161B1C0,Chowk,0.8315,66.2,1.88,0.7718,Rule 5: Demographic Vulnerability Triggered w/o Hydrological Base,Sensor_Dropout,TRAPPED_AND_PURGED
2026-04-15 08:07:56.356,TRC-CBEF1676,Gomti Nagar,0.6316,99.82,9.97,1.0782,Rule 1: Topographic Elevation vs. Inundation Velocity Violation,Elevation_Sparsity,TRAPPED_AND_PURGED
2026-04-15 08:16:03.699,TRC-267497EB,Hazratganj,0.8605,93.81,1.43,1.1086,Rule 3: Capillary Fringe Saturation Paradox,Sensor_Dropout,TRAPPED_AND_PURGED
2026-04-15 08:42:50.415,TRC-25D346A5,Hazratganj,0.42,99.39,12.42,1.0436,Rule 4: SAR-VH Backscatter vs. Optical Mask Conflict,Elevation_Sparsity,TRAPPED_AND_PURGED
2026-04-15 08:52:29.784,TRC-DB374FB7,Indira Nagar,0.7197,86.17,11.48,0.8963,Rule 4: SAR-VH Backscatter vs. Optical Mask Conflict,Runoff_Lag,TRAPPED_AND_PURGED
2026-04-15 08:19:44.389,TRC-E7913155,Hazratganj,0.7456,84.11,9.04,0.9008,Rule 2: Mass Balance (Discharge-Runoff) Asymmetry,Elevation_Sparsity,TRAPPED_AND_PURGED
2026-04-15 08:31:03.435,TRC-32768EBA,Aliganj,0.9274,85.77,1.74,1.0084,Rule 2: Mass Balance (Discharge-Runoff) Asymmetry,Sensor_Dropout,TRAPPED_AND_PURGED
2026-04-15 08:02:13.361,TRC-D5C6F518,Hazratganj,0.8863,76.14,5.85,0.8435,Rule 1: Topographic Elevation vs. Inundation Velocity Violation,SAR_VH_Noise,TRAPPED_AND_PURGED
2026-04-15 08:58:29.743,TRC-2EC1A112,Hazratganj,0.7006,93.94,10.49,1.0014,Rule 2: Mass Balance (Discharge-Runoff) Asymmetry,Runoff_Lag,TRAPPED_AND_PURGED
2026-04-15 08:30:05.814,TRC-A4F223A1,Chowk,0.8369,71.84,10.84,0.732,Rule 2: Mass Balance (Discharge-Runoff) Asymmetry,Elevation_Sparsity,TRAPPED_AND_PURGED
2026-04-15 08:17:15.407,TRC-5B51EBB9,Aminabad,0.9834,96.02,2.2,1.1258,Rule 1: Topographic Elevation vs. Inundation Velocity Violation,Elevation_Sparsity,TRAPPED_AND_PURGED
2026-04-15 08:38:22.517,TRC-B5AD1EA3,Indira Nagar,0.9404,93.83,8.99,1.0181,Rule 3: Capillary Fringe Saturation Paradox,Runoff_Lag,TRAPPED_AND_PURGED
2026-04-15 08:41:39.505,TRC-169ECF68,Gomti Nagar,0.921,72.95,6.34,0.7993,Rule 4: SAR-VH Backscatter vs. Optical Mask Conflict,Runoff_Lag,TRAPPED_AND_PURGED
2026-04-15 08:07:24.174,TRC-729EE6F0,Chowk,0.6556,92.77,5.08,1.0523,Rule 5: Demographic Vulnerability Triggered w/o Hydrological Base,Runoff_Lag,TRAPPED_AND_PURGED
2026-04-15 08:04:32.345,TRC-BD47C8C0,Chowk,0.6777,70.71,6.3,0.7729,Rule 5: Demographic Vulnerability Triggered w/o Hydrological Base,Runoff_Lag,TRAPPED_AND_PURGED
2026-04-15 08:44:03.631,TRC-255B9A08,Gomti Nagar,0.805,84.38,2.88,0.978,Rule 4: SAR-VH Backscatter vs. Optical Mask Conflict,Elevation_Sparsity,TRAPPED_AND_PURGED
2026-04-15 09:17:18.466,TRC-1A91A288,Indira Nagar,0.595,90.56,11.58,0.9478,Rule 1: Topographic Elevation vs. Inundation Velocity Violation,Elevation_Sparsity,TRAPPED_AND_PURGED
2026-04-15 08:04:09.457,TRC-9EA61102,Indira Nagar,0.8525,92.87,0.71,1.1059,Rule 5: Demographic Vulnerability Triggered w/o Hydrological Base,Sensor_Dropout,TRAPPED_AND_PURGED
2026-04-15 08:55:55.730,TRC-D0140AFE,Indira Nagar,0.9267,73.04,2.58,0.8455,Rule 4: SAR-VH Backscatter vs. Optical Mask Conflict,SAR_VH_Noise,TRAPPED_AND_PURGED
2026-04-15 08:19:02.724,TRC-D125DD8F,Hazratganj,0.688,76.75,1.42,0.904,Rule 3: Capillary Fringe Saturation Paradox,SAR_VH_Noise,TRAPPED_AND_PURGED
2026-04-15 09:06:06.145,TRC-E9856666,Aminabad,0.6656,84.96,7.58,0.9286,Rule 3: Capillary Fringe Saturation Paradox,Sensor_Dropout,TRAPPED_AND_PURGED
2026-04-15 08:17:25.216,TRC-C4483DFE,Aliganj,0.5189,84.23,8.37,0.9103,Rule 3: Capillary Fringe Saturation Paradox,Runoff_Lag,TRAPPED_AND_PURGED
2026-04-15 08:24:33.918,TRC-9C18AFA5,Hazratganj,0.7302,83.94,12.56,0.8566,Rule 1: Topographic Elevation vs. Inundation Velocity Violation,Sensor_Dropout,TRAPPED_AND_PURGED
2026-04-15 08:18:21.553,TRC-077F24B9,Hazratganj,0.8643,74.22,11.81,0.7489,Rule 4: SAR-VH Backscatter vs. Optical Mask Conflict,SAR_VH_Noise,TRAPPED_AND_PURGED
2026-04-15 08:52:51.183,TRC-C69EEB06,Indira Nagar,0.6118,80.56,11.41,0.8298,Rule 3: Capillary Fringe Saturation Paradox,Runoff_Lag,TRAPPED_AND_PURGED
2026-04-15 08:15:26.034,TRC-A3591E03,Hazratganj,1.0268,74.31,6.15,0.8179,Rule 2: Mass Balance (Discharge-Runoff) Asymmetry,Runoff_Lag,TRAPPED_AND_PURGED
2026-04-15 08:14:06.462,TRC-692E30C8,Gomti Nagar,0.9356,93.09,5.21,1.0546,Rule 2: Mass Balance (Discharge-Runoff) Asymmetry,Runoff_Lag,TRAPPED_AND_PURGED
2026-04-15 08:49:21.617,TRC-034067FE,Chowk,0.7064,71.18,7.94,0.7589,Rule 4: SAR-VH Backscatter vs. Optical Mask Conflict,Sensor_Dropout,TRAPPED_AND_PURGED
2026-04-15 08:16:50.649,TRC-04B5903D,Hazratganj,0.8775,80.01,10.46,0.8346,Rule 4: SAR-VH Backscatter vs. Optical Mask Conflict,Sensor_Dropout,TRAPPED_AND_PURGED
2026-04-15 08:36:52.969,TRC-F692324B,Hazratganj,1.1482,94.5,8.07,1.0372,Rule 5: Demographic Vulnerability Triggered w/o Hydrological Base,SAR_VH_Noise,TRAPPED_AND_PURGED
2026-04-15 09:19:51.497,TRC-3B827FCA,Aliganj,0.7513,85.69,1.48,1.0105,Rule 2: Mass Balance (Discharge-Runoff) Asymmetry,SAR_VH_Noise,TRAPPED_AND_PURGED
2026-04-15 08:11:17.425,TRC-332353D0,Aminabad,0.5814,87.11,13.1,0.8881,Rule 5: Demographic Vulnerability Triggered w/o Hydrological Base,SAR_VH_Noise,TRAPPED_AND_PURGED
2026-04-15 08:44:58.689,TRC-4B8164CE,Aliganj,1.0872,80.37,13.98,0.7967,Rule 5: Demographic Vulnerability Triggered w/o Hydrological Base,SAR_VH_Noise,TRAPPED_AND_PURGED
2026-04-15 09:18:09.940,TRC-A7900D0C,Hazratganj,0.6948,91.17,13.24,0.9352,Rule 2: Mass Balance (Discharge-Runoff) Asymmetry,Elevation_Sparsity,TRAPPED_AND_PURGED
2026-04-15 08:55:35.189,TRC-37210761,Aminabad,0.8583,85.68,2.66,0.9962,Rule 4: SAR-VH Backscatter vs. Optical Mask Conflict,Runoff_Lag,TRAPPED_AND_PURGED
2026-04-15 08:25:55.869,TRC-0430FF7A,Chowk,0.4856,95.66,3.92,1.1009,Rule 3: Capillary Fringe Saturation Paradox,Elevation_Sparsity,TRAPPED_AND_PURGED
2026-04-15 09:06:43.205,TRC-7C1802C9,Indira Nagar,0.666,80.21,2.65,0.9307,Rule 1: Topographic Elevation vs. Inundation Velocity Violation,Runoff_Lag,TRAPPED_AND_PURGED
2026-04-15 08:22:44.047,TRC-20B49B52,Chowk,0.6491,77.27,11.63,0.7877,Rule 2: Mass Balance (Discharge-Runoff) Asymmetry,Elevation_Sparsity,TRAPPED_AND_PURGED
2026-04-15 09:04:13.644,TRC-958338E2,Aminabad,0.8879,77.83,1.64,0.9143,Rule 3: Capillary Fringe Saturation Paradox,Runoff_Lag,TRAPPED_AND_PURGED
2026-04-15 09:13:14.264,TRC-4F0D1FD1,Hazratganj,0.6539,70.57,6.43,0.7697,Rule 2: Mass Balance (Discharge-Runoff) Asymmetry,Runoff_Lag,TRAPPED_AND_PURGED
2026-04-15 09:13:53.757,TRC-B5A7FE33,Gomti Nagar,0.8377,92.34,0.24,1.1052,Rule 5: Demographic Vulnerability Triggered w/o Hydrological Base,Elevation_Sparsity,TRAPPED_AND_PURGED
2026-04-15 08:35:25.083,TRC-D8464815,Chowk,0.8722,81.8,12.06,0.8369,Rule 4: SAR-VH Backscatter vs. Optical Mask Conflict,SAR_VH_Noise,TRAPPED_AND_PURGED
2026-04-15 08:29:34.794,TRC-CE029D64,Gomti Nagar,0.7278,81.48,13.52,0.8155,Rule 2: Mass Balance (Discharge-Runoff) Asymmetry,SAR_VH_Noise,TRAPPED_AND_PURGED
2026-04-15 08:52:31.899,TRC-B5009E33,Chowk,0.8702,91.81,2.19,1.0754,Rule 2: Mass Balance (Discharge-Runoff) Asymmetry,Elevation_Sparsity,TRAPPED_AND_PURGED
2026-04-15 08:35:32.232,TRC-68A0CA06,Aminabad,0.612,98.4,13.18,1.0226,Rule 2: Mass Balance (Discharge-Runoff) Asymmetry,Elevation_Sparsity,TRAPPED_AND_PURGED
2026-04-15 08:13:40.909,TRC-022C039F,Gomti Nagar,0.7324,93.92,5.49,1.0612,Rule 2: Mass Balance (Discharge-Runoff) Asymmetry,SAR_VH_Noise,TRAPPED_AND_PURGED
2026-04-15 08:49:01.188,TRC-19E2E632,Chowk,0.7889,74.41,5.91,0.822,Rule 3: Capillary Fringe Saturation Paradox,Runoff_Lag,TRAPPED_AND_PURGED
2026-04-15 09:12:03.656,TRC-85C83C60,Chowk,0.5317,81.85,5.82,0.9124,Rule 4: SAR-VH Backscatter vs. Optical Mask Conflict,Elevation_Sparsity,TRAPPED_AND_PURGED
2026-04-15 08:08:52.964,TRC-794F5A5F,Gomti Nagar,0.7851,88.67,8.11,0.9667,Rule 3: Capillary Fringe Saturation Paradox,Runoff_Lag,TRAPPED_AND_PURGED
2026-04-15 08:37:07.080,TRC-9850FE92,Chowk,1.1725,97.37,9.44,1.0552,Rule 5: Demographic Vulnerability Triggered w/o Hydrological Base,Elevation_Sparsity,TRAPPED_AND_PURGED
2026-04-15 08:02:57.236,TRC-4E5FC636,Gomti Nagar,0.5928,65.91,3.02,0.7547,Rule 2: Mass Balance (Discharge-Runoff) Asymmetry,Elevation_Sparsity,TRAPPED_AND_PURGED
2026-04-15 08:34:07.923,TRC-C412D3DD,Indira Nagar,0.8126,94.5,1.88,1.1114,Rule 2: Mass Balance (Discharge-Runoff) Asymmetry,SAR_VH_Noise,TRAPPED_AND_PURGED
2026-04-15 08:26:52.466,TRC-BDAFEF2C,Hazratganj,0.5378,75.94,14.38,0.7387,Rule 2: Mass Balance (Discharge-Runoff) Asymmetry,Runoff_Lag,TRAPPED_AND_PURGED
2026-04-15 08:18:26.349,TRC-8F604591,Aliganj,0.9346,94.25,5.53,1.0646,Rule 3: Capillary Fringe Saturation Paradox,SAR_VH_Noise,TRAPPED_AND_PURGED
2026-04-15 08:24:26.700,TRC-596F20E2,Gomti Nagar,0.7689,65.54,7.2,0.7001,Rule 5: Demographic Vulnerability Triggered w/o Hydrological Base,Runoff_Lag,TRAPPED_AND_PURGED
2026-04-15 08:19:45.189,TRC-AA45934E,Aliganj,0.7627,94.01,11.68,0.988,Rule 4: SAR-VH Backscatter vs. Optical Mask Conflict,SAR_VH_Noise,TRAPPED_AND_PURGED
2026-04-15 09:08:43.500,TRC-0FF8DEED,Indira Nagar,0.7965,84.23,1.54,0.9923,Rule 5: Demographic Vulnerability Triggered w/o Hydrological Base,Runoff_Lag,TRAPPED_AND_PURGED
2026-04-15 08:34:32.432,TRC-F08BFFD8,Indira Nagar,0.8647,69.51,13.94,0.6668,Rule 3: Capillary Fringe Saturation Paradox,Sensor_Dropout,TRAPPED_AND_PURGED
