elevation,river_dist,rainfall_mm,runoff_mm,soil_moisture,river_discharge,pop_density,sar_vh,predicted_risk
2.5957568499087036,77.25633998026515,6.3181177393544345,4.318469657108636,30.063507334138993,31.87068785256397,76.63740656299287,41.16914349272983,100.0
5.375747573667866,659.8235531012584,5.561452411602142,60.62756191350698,94.63348481020435,251.13485616251774,30.4342405656293,37.9741627699709,86.61
42.54005387538219,5.527335337451089,17.95949855772769,6.831813989943381,56.36682719672484,118.45092005226898,14.869554326040468,65.66977999517569,92.5
1.2792495980730623,910.0701374968974,7.18627453359395,33.05250049210742,78.21486818636063,214.67512649335796,12.410256626820138,83.25835620637577,83.76
6.79318097910352,370.6386876708103,13.107466989142846,81.98410245961736,74.79322303717922,22.604590490673537,91.65299701010669,90.96856585303003,89.67
17.118456499005784,341.6770615467489,5.8437457650691975,28.41983311651205,83.59148842102442,73.47353047423677,99.66956216051551,83.50485984502777,100.0
18.265716265774877,335.20310032832504,11.15266977136502,96.3462551589183,30.25016326487757,105.71903754366107,73.46888078372754,84.47894912119361,81.99
12.094116543430811,17.291194498032738,12.901955956346288,77.82016928997338,90.52603192808324,55.25472479206606,17.568833764084545,77.94701579263683,100.0
25.084492984090055,209.49309054629495,2.2039892690028817,56.52038511933084,77.40516800851316,55.720528208074604,15.1687304536683,52.55402902208335,97.64
0.2807579944376637,161.43820828258183,15.494020233596139,46.91428104375392,25.656596236499873,95.44042686109644,61.600037143239064,61.10135878732574,96.38
6.202598370187584,775.3148552592522,13.83185494493613,56.285948150314866,77.16587888156845,295.0672971704996,92.61907069237029,72.16264688130076,83.24
27.49111385634526,128.96475141590292,1.921608688065235,13.03061595354591,74.73018369538727,69.82292104177823,80.77538589262424,95.08706722906386,98.32
6.854236158103511,615.9014779557864,11.09875593661933,1.9460816459556551,52.316901511960964,198.82109010724236,78.23809199742252,26.533490546078895,81.21
36.38850817052499,122.1539202372487,15.686770275383976,75.7645063463764,80.26561725389118,208.57304297253998,93.10919323051293,44.25210617575972,95.89
13.4813112421587,447.5199459467062,7.442481469657347,9.88881145241487,30.293873580539522,236.44627413432585,65.06653206229362,99.38543190897495,80.76
1.0128464332171183,471.9481927339625,2.1869675492111273,40.851906639237754,49.042095804991305,24.498484582387015,11.531170843387862,52.20561512940567,83.02
33.306323377419744,183.00452375927435,16.32912612265264,27.970371431656073,98.41919647174024,176.5170174816876,34.237678021224816,43.803345792389756,97.9
14.535395954296925,82.90388241450253,15.60741016014795,23.751958474268108,72.27840344441609,238.94825446967104,10.459689903062497,89.51712701934963,100.0
47.237463737360265,129.4373176613881,4.950920369744383,47.976347945482345,54.45072396866764,179.66182122585073,43.730717179416615,74.66787896436807,89.8
8.81390472363146,245.43306095958306,3.3191895524825488,69.04453339996329,12.63725387120086,80.80688178246609,46.008128312455696,49.467629821011,81.72
34.709605508872464,258.28597448300985,1.0695439611406843,34.89630517026807,82.14795172696385,195.49514890044873,65.6664030957395,88.4166525635551,96.58
1.1907348080310354,282.997223227092,4.699356736609229,25.450398513975326,18.42387445438097,187.90951662258504,98.94533443949275,50.58070060843661,88.11
44.09307655452033,529.3212084171738,9.726101736096116,0.7592153157143344,98.9911564995671,202.82131931425295,29.479060073217756,82.9829032157329,84.05
8.274502088497949,569.2725963776641,5.275815387875182,42.975287477406546,84.09014309454636,107.99366097424911,87.64973822383001,62.01030432653404,84.82
23.42595566313953,133.25607633915837,6.303746616467842,96.43246748822435,43.82728427885344,264.4180678247202,49.28683183805256,37.76383925664308,93.81
45.08605211942706,40.92501637064072,13.489928360216485,88.02624475464992,17.226045032838933,164.71184158542718,23.56169018769898,69.58744712193382,81.68
14.472177256535634,393.5443046962991,8.56675219418852,71.98198766952235,60.52026600309629,221.18161514670942,46.02638973427167,95.21934516958903,83.61
17.31679848772948,211.16479526994846,5.951209645027644,20.585129845129345,24.24782751861345,92.52578521981103,9.768461879876444,55.0319822074007,83.96
12.822695184100175,441.2937874719609,15.534000542116322,22.372160923529847,91.09772064517203,181.7051357851527,61.88667447908771,37.59797685081669,99.0
1.8192125168315143,441.78592063684505,17.707178057266624,38.00793177306158,81.97480532130851,14.861375637790331,77.91738103830811,84.44900229370985,95.57
9.193329805151762,76.2631293164564,10.809927736289392,1.7689002219229977,82.2485190934762,154.0655477033458,3.6273786382441497,21.190751738548208,100.0
10.022287162173104,473.710364133913,4.031438960400235,81.85640334923707,45.7919131219056,165.00915482677237,54.17247700879867,56.783339363050025,81.48
53.52409972561399,325.4348674088986,13.861053443529393,2.657704488486079,71.47602534029939,184.1961667896833,11.241541192674099,33.692925799846385,83.83
7.140961867259598,430.55067108346867,8.83540183814121,63.564882533028054,23.671679739542938,294.515564540471,54.82730254466123,21.864509961084238,81.91
64.8707127822221,84.82456076882761,15.900621121438574,59.42944406752271,94.69593278454491,189.37971338460525,92.52520689645942,44.3007417378641,81.03
63.774153685118804,308.8259241763384,16.491223984360516,76.30600813240655,97.77488370012503,159.24215832300547,79.48707829513059,92.18345029894435,80.49
25.47536663784501,42.38510504537874,8.690918726831754,18.93008067758589,39.69104627244454,285.6663260845751,55.4149135250847,73.25725473921969,100.0
1.2738965789105716,209.62267667930888,13.016367574094689,49.16529751167409,67.73567765185547,273.4870509232582,7.234903288424532,62.177378188865156,100.0
41.30170450982895,94.77873262207636,11.282823251761087,46.008745921301816,42.50775824995482,268.30416800139665,68.21410339718665,35.52446733087318,93.22
53.45272500281772,4.1663367165291065,19.100315639928144,78.47983073300234,25.65194820536143,131.24520913978654,83.72081001454343,99.80871875429001,86.85
13.239178315488154,197.06722775418373,10.173712363919286,53.20531268961898,89.06796226054318,174.85335154468763,61.576683644013876,59.134343307795724,100.0
17.86926081197334,918.4603605697752,9.30114542061965,94.49431771031462,61.5702451237906,69.43177013979506,8.608824434941054,90.69322213042126,80.99
15.460865263150392,532.3956053725151,12.126377473019756,0.9451219706396397,65.88727598362388,244.2757115332501,7.0160771658168475,91.73774902383225,84.22
5.121174903054737,599.1124413000196,16.696145922142847,74.87194497091737,81.44847269435448,294.01992353387084,23.211483033319492,70.48452475560171,87.32
19.855343621851496,252.9290337793275,7.429786733230193,97.99812260791462,17.66593700718936,122.84643871977651,34.89957679415272,34.78631624231869,84.94
2.3910346105299074,960.7344464684866,2.0382690349108556,92.36140617815605,96.17993620210483,54.005586512356764,16.02250158087617,90.6135761867152,80.05
35.46061063002406,302.04146848155267,9.368572095988991,54.338003995884755,74.32309881683787,220.8919458800256,93.71855433397607,58.473049415698,89.84
2.5623095803669504,380.7764091396574,17.517289747562447,92.27149523133691,23.69895416910478,96.9838294845623,28.41537854393038,77.49069905900686,89.84
21.162292590677524,311.4031576133826,13.074138837072159,62.31674593626341,57.141323783347495,93.00922444123272,94.59053183708627,66.87156181001376,83.71
21.697651793237405,192.20942273023323,10.979801761762609,62.924877162776546,23.78307308627522,42.37273827074728,76.83159025576416,85.37602814426502,83.39
42.88937612700974,36.782908679549585,12.110389381243792,11.308637146016265,77.93262181413624,261.71163421212873,8.415025687769406,64.81899777967448,93.62
14.703185885608494,459.45951878012494,12.324248518302849,49.93604692407568,32.44492983515451,242.24300142299438,58.70980864467793,69.25963857069046,82.0
22.08731183767345,100.30309609437049,14.230206923479683,77.98922883661885,54.27204547016201,230.83908266062946,48.4965803330286,55.79313949049641,100.0
0.13041084529550329,179.0155401002097,10.340515933942074,92.71353716857746,70.06116195340279,249.60622457571213,13.120932220754044,94.6307514482395,100.0
30.56076819784327,10.01044298572895,4.643722719093946,68.20187825194603,12.80743785030527,132.6743477133827,87.40533105680026,87.89328993003758,86.73
0.05573593141688926,857.1536260439573,14.895184586568334,9.321339052689925,95.41074600212956,259.00759423961705,2.403221542167089,87.02166637094392,86.84
40.62658108924159,79.11215087118084,4.028565257707372,67.56866310147272,35.57093854854054,213.01489507621417,51.132968212808805,28.0618871497673,89.73
23.73398887573407,121.45284666747935,7.663977255582699,18.002027873589597,74.09245574532342,163.61476730607095,41.76344554851843,49.96369188799726,100.0
56.663072195683974,10.18472279550009,1.6927033188535612,19.58402174289946,84.91700840958451,93.40157378318581,32.773222247428826,74.1000272722473,82.45
55.65073071763812,5.491503160349187,14.037827174167184,11.591344314406872,40.5690896411989,137.68321403519934,71.60063301720912,47.565801379415824,86.0
17.40070460010068,710.711644203091,18.71607080177251,96.01298136962424,42.87488811779807,165.58276646513735,98.42481559887388,90.75391589721025,83.34
53.46136577198474,159.19805127102492,15.574605085847004,6.673689161211593,44.65473687598518,149.7668855775528,88.98526811160959,67.66696477382253,86.32
0.4649050093454288,71.8562955519273,3.7381008625326784,2.876685719278893,56.4197999348417,106.21782937713253,39.49347394568683,75.66074638374133,100.0
55.39415718689096,381.24238108385913,14.800892818258616,5.993793066078323,86.45295106374391,175.43628967284818,15.705858180762444,77.85951867425248,84.91
0.39413517195899805,225.5140069237862,1.6004044341166312,70.46048561710582,93.92231544859197,3.7303677320185136,42.152943950363486,39.8777635497765,100.0
50.56942425692832,127.58541941590273,17.846017968065375,88.37771512718132,64.85413352261453,4.3542764953324875,67.20110577359782,58.6995164394999,83.71
32.36560092390338,376.7410064243725,18.539312928514494,15.019991044955372,86.3150608642798,248.85891992444564,92.31428146162315,49.386406856259164,96.27
18.313181303835925,336.03832970201984,12.982940306694656,21.813751594664755,99.44249797249005,3.2286702352054553,13.85714714975097,41.896703123498256,100.0
29.519797912489633,62.98066921775403,10.03596906213442,30.90317220669947,86.06174251796978,21.715168867656676,4.9810135360794145,77.32005301954493,95.99
56.62359098812255,205.1909428223614,18.13102813769515,49.552581842397444,75.93766909917284,289.84883657602455,20.766087742088146,59.72752634081151,87.7
56.11246643162706,289.24837137882196,17.256466714202634,41.15348510163797,86.33776831732351,178.0484404984426,4.222749756308952,97.50411136972556,86.18
15.163783943132747,376.870004141736,1.9978100715844604,20.37856065787018,84.02224977482987,133.6961328759807,30.62307872956005,88.92596160820146,100.0
43.88185581546923,103.8453616888243,6.650080050019868,95.88014224721397,33.696630145736506,155.58334723075583,17.604943843658827,92.82350121845634,83.26
12.727952611531833,419.52724817181866,0.6193177567931363,46.248593770406885,98.57332902800205,226.60689284548286,0.6893530218261223,47.5780654798973,100.0
37.68947274581072,114.62505278882318,6.3450700833521,38.146380480249874,85.95378501878058,174.72270793962574,94.26567141369246,70.93508516644917,94.89
0.8555431228555177,836.1685701431451,19.15787985833942,63.558278250044864,86.3657319263545,186.58745431267087,73.04559972144185,70.18873515418463,84.44
20.220989885533047,326.2294216583499,6.56366563905586,27.53168942998134,62.39237163664504,95.8227331063345,88.8708035684088,25.955534238169253,88.34
62.073343193843925,186.7787518128996,13.528945896026311,31.765924652482525,76.16525630668337,251.9909514740144,6.163240893356747,71.90051839528161,84.5
12.114198080271377,287.39441807591584,12.030299737930306,46.77783983856275,60.07776958751132,81.1359880759991,22.52750729044102,40.26173090684477,93.22
15.06793469401897,25.4057192473377,1.2280460847532537,24.73535612095874,46.300230949834095,275.7011906218757,16.49371664375705,68.88031374846764,100.0
39.60322802635024,130.97392929864893,9.789580790950335,39.79466431086743,69.81607805938795,208.47420100998582,76.12638728317609,70.60465223593434,94.85
5.179488790960884,126.57095918655226,2.5737995783005396,1.7046800321620204,93.59988442686836,119.73293867140411,59.568454312476526,37.39754447011915,100.0
11.797138241990302,159.5061602117429,11.179726547618273,4.302007349129433,50.88247864285348,294.4162485174148,86.06417669008975,68.0627670441305,100.0
7.156662376189004,745.9985206304699,15.91099764009729,59.01117752674372,81.7371742640832,224.86729665722328,59.388451141735686,39.08201375105758,82.04
3.965902003363342,372.8991326617801,11.515136841183848,53.08452440777586,83.46476870793941,291.61620025135625,98.37952019863373,42.282844664217464,100.0
20.934733063485922,15.851347054750885,16.549110987875782,1.0999566818970852,42.263940978881145,56.92989683092697,82.4834162649875,91.63989526345742,100.0
15.063286358141138,610.2503088968595,7.835569134477682,91.44892093372161,35.11990896920884,136.04730695580258,10.105136344855993,77.9505153960709,80.69
22.173248052557682,180.89600198944166,19.338289838887402,68.07133469228181,99.70481116643602,90.10755822917571,15.546929253059583,47.12055591381974,100.0
72.39562698157339,49.51411206876,16.18147719141244,14.02561959652039,36.5796730115742,292.5458017657152,87.33231254706007,33.163256407054426,80.43
9.572220387131214,55.55372499799549,1.5047347860796645,74.03632768615685,12.657984524464572,255.29958814611143,80.00382299272584,21.154971073268634,92.34
63.60161052882507,233.36016755589804,4.121182129706669,52.31965213594052,69.96448880374462,255.14757107830565,98.23941688938012,70.4253188749468,81.2
33.23430620315894,154.2092455943346,8.500048204875144,15.76821346968238,87.40587469578995,38.14244960852098,3.451206702881582,38.08496516324762,95.36
59.8939561112076,12.411189715588522,16.436474887382246,99.20467959409311,28.269873695521007,155.56013120041735,52.33861480883759,22.51502686418651,81.32
41.3093974162952,198.589650328735,11.647287856284327,89.35419355358817,52.75483242164699,94.4992767487125,94.67775520675544,58.3508071262698,80.18
6.994375748713633,253.7369477088517,10.931438088310585,45.86868905558823,21.80550591080196,78.49722312372609,7.192890205435476,78.02813761514028,87.82
13.970155068638068,86.24331578615396,6.430694938770487,43.84754359149756,32.505148379005945,174.02943935570204,96.59244789454645,74.36306397972983,100.0
24.342624406567516,171.87044911428572,16.895874706852055,43.66997600183975,40.70004561028323,150.59531065422405,60.33533036947703,78.96997779071017,93.6
1.7038853112612773,238.51596497561923,19.073958593222684,10.693960459985552,14.97936082501965,95.24996416188503,47.58290959857435,75.87525954594665,88.33
0.5506540357320011,691.1474920248744,4.848791009645559,92.63870662231267,44.268582076729565,153.74970717983084,67.81041559845413,75.9386285261478,89.69
26.537192036184177,905.3886471823993,14.175841314294846,92.91278894428984,53.93007008640831,153.24758305524776,32.902248962036666,79.42242929562312,80.33
0.9254475594663414,793.0900667213581,13.525845646071577,26.450474708620042,99.23882069586507,29.609847126266352,30.103000011520365,93.1763103583063,84.38
1.7505390188178538,435.4856281042328,4.379069645021483,29.71772849537753,29.837375324567596,37.62506185336245,13.252692653905829,97.22806812450573,84.41
3.8957362982887656,767.0258656986609,12.58033532330166,24.21068684153954,86.16606178595121,218.64879798154436,58.620998570752846,78.94035916543672,84.31
54.54394013959689,262.90521136701375,11.671416230070374,53.76879049623176,75.52326191109077,16.693017792587696,79.8168451217591,79.0914147437624,81.44
8.622145315576235,619.5681459322443,14.0415767076137,5.3511398853505865,43.93908480186705,103.62713415832081,41.006833937298495,90.37784481850233,80.65
60.6936628633985,196.2219037856081,12.637010235776902,79.87942197401962,93.75934594313102,223.67972618962207,82.30111443717966,63.0918880088933,84.16
3.0929600585585804,833.918868138792,6.804180533230964,6.217896835714443,50.573661774843224,51.14126873506286,22.14304359048778,86.54758656506714,83.96
32.37222723676215,265.3397248652434,18.72036089257769,58.73020431256185,56.970467937606685,160.52977869185236,10.324165510720551,27.47727151611956,83.87
6.162341025595297,871.1556350877653,5.92672632280189,54.58596211742983,77.35977518485932,207.11276441644577,44.30871167206687,22.964202059999337,80.32
10.742785438102553,579.4610928764744,3.5508034562862445,32.8310703050927,99.64270132990607,178.9742165494058,32.4304044274983,86.8122611331632,90.35
45.714865733423096,279.91624751200175,17.75671347406773,5.3922331209511505,71.21391114687962,276.68606118661756,13.195689472931694,99.55133919642525,93.31
57.76847437967041,285.04112016959306,7.482710954192228,59.82200334195448,79.28317397890665,263.62927199517907,85.30922863112335,61.614431504949756,82.85
3.004433648555227,374.41432829294075,18.239902922228246,82.48981329985725,47.4918277323808,73.75001582985973,83.17129195363991,88.90118415162323,85.61
30.834171147426424,136.84559717899336,9.159292681089903,39.22881338789119,99.41444255649881,141.25075408888398,86.28015839423253,78.63461311758516,97.59
32.56824957309378,123.77170155683447,1.4340336456232228,85.21310335515834,46.73773274984365,89.49948619242343,8.962382676528813,93.8654851557148,91.2
48.97266838439894,69.35812705337274,10.928609955978875,19.19052276150405,29.875032019975244,268.19582363704006,0.22370451024783522,43.6598755570362,89.69
2.9966391762924927,373.87400186864306,16.939032653212383,42.494368051505596,81.72211716019012,8.37720230004213,43.30393057441518,46.17139968630372,99.53
29.3929791184213,300.4801573000967,17.588108783765467,18.680697397401957,87.01040313454604,72.70670873346452,91.00884608254063,86.17258444849833,98.35
8.721243144296853,672.4522083503894,7.455867136932659,71.83508361173982,50.69997534411919,290.4083337112291,54.33159129939581,30.697435265177866,83.84
18.685752749954844,988.8702345433645,19.685949969113658,70.44891613793659,63.9779920387628,37.33867144256931,79.77289186198598,45.690881373203425,80.66
29.969094819515384,507.8959077326859,12.470953025979792,33.10621356031671,89.65893845787679,89.0175555020437,65.01587543831052,70.00960454333676,81.09
31.373070077709908,98.80465807406658,7.8701861472212915,78.66526602027307,62.780452808269196,9.51435935610001,91.34758100556488,97.39280635316715,94.53
0.4469840662355451,181.80670697799573,13.710477030263302,36.94937995238521,18.38242882699698,26.176101658399674,85.95843617613693,41.622047519672584,92.21
63.52473774769724,219.3303179405851,17.11742966361053,26.01943643151824,64.60258726415547,252.10378336566575,86.02874552906408,88.59669134193238,84.0
12.214436394950678,226.11720795628608,5.8590045380327975,31.916250090531094,94.68983433622216,65.50133049823825,2.0149313197825314,97.55896338410331,100.0
7.424352384776123,315.1269912185225,0.9812407109392018,13.114042575698214,38.97851903526332,144.2065224636947,60.254565497592516,35.32758370171,87.07
3.401240414671902,105.03310973260072,3.2733495495722353,66.59196177643459,95.78600815672606,78.89664090792891,20.633705367547684,54.126437056754156,100.0
8.084330603361622,604.6344289092783,8.969864321233434,99.19469929674347,79.89957575473476,119.9254389285005,75.23520595345524,54.79455449272342,81.23
13.958150550701209,58.48870157647068,17.757649373893404,0.9719241013608659,65.83776194988171,297.3310420974723,37.914057246693886,36.37151267624357,100.0
44.38123575904013,41.086749813670664,8.136998646298787,89.29126431757058,91.47528793300245,184.66620284509284,26.653934407923852,33.364290853099405,89.6
24.216985760901565,277.1466455344137,9.867621973634789,44.660382060040945,66.891050159466,284.1680310642042,77.56405002208882,95.71047436957359,98.26
38.70799249465562,2.364866372065899,18.371125487867356,57.52476954607785,51.39012381960939,89.836943557977,72.44209451293585,76.3158295670793,94.0
10.3993575286641,377.85397771787575,3.0454180193924874,76.75659506695733,47.179160470219664,143.65984293009325,2.319451636429992,83.64246335472511,82.07
15.956715196442662,293.6917938128841,1.8252826727824467,53.530573298633676,28.613547511451888,129.9614598347859,72.72516784710655,46.142440187299414,81.73
0.29318501891324455,684.948538334618,19.77289641023965,35.57849335668549,43.41411994528775,81.45009921806101,80.56002567688142,73.71517379869766,86.41
3.4142085773639086,188.05141169049077,16.178330823026577,18.164113898386745,80.86139982669772,67.94873376074773,33.01211211748254,29.299245125092988,100.0
33.79658269927061,305.42317312353464,17.185669554324946,6.723342415378708,81.34122692177608,267.3375263227301,52.32542124081685,27.70193324637433,99.1
50.03742297742666,9.62665674185692,0.6749666185285164,3.3812953875439367,81.16500502579238,85.26053080082296,72.06174230119329,37.11633826007643,85.91
7.540860283916995,587.6865182578199,15.311951132401658,14.483106693655756,45.322338981562226,20.361858275902645,11.57017157403949,93.30812927499116,80.17
41.140649750828395,355.4991115306918,11.749739683904291,76.24073742007718,93.84735158956235,190.65898303050076,32.35696600581661,85.24444628345081,87.52
41.40351774974421,149.16120768594877,17.36777095189259,9.894230750408006,90.45657651396614,63.54305174542419,67.40871623284514,77.09321873784475,92.19
49.20814195554301,167.4792837374941,18.692365200463755,87.68409918235632,54.15421224688147,201.4307625628948,59.43874661717457,76.44235192281431,84.28
63.47297793229946,199.1275009133917,0.15400477566321902,91.93974532566104,95.05467843510104,251.2723084882832,39.38479986588506,22.507811051255384,81.58
4.917764320199236,74.66508433860885,13.839819076217264,69.0968013100234,72.83892079998341,22.684192770303312,95.12425277758167,72.53229623340606,100.0
6.6533973590786495,390.5691722162762,10.319724458931468,35.32063683601172,26.15244901951338,11.858718508524602,76.43635894204802,50.94349282855835,81.42
0.2797002759637346,895.0091511758535,17.73001993757154,40.95891484805843,65.65160031959248,295.6532329973739,74.5744907806658,96.26597724482879,89.29
50.56476503766365,189.9518626252551,2.4731997455065713,70.52902470054553,81.19928786682436,89.3857924942184,29.430472173111067,55.96986556916595,85.64
1.295368238029615,991.5483445364132,7.630992097706102,34.506058816891574,97.12581203002004,37.08791772764275,73.81729301462082,86.5771688652159,80.35
4.667268025124605,160.7578487197444,11.276343281089751,24.122256958277198,13.140805406060906,127.65872278917601,82.96598620300888,76.7305744323532,91.92
20.18552789876261,299.58232912303384,9.660738028357374,28.118364170014697,81.4628067270904,78.10903582830187,66.81400184686811,40.542969348005784,100.0
8.920063168483939,549.4184035815592,1.0096419896160613,72.51529361431713,29.655386539087804,257.39184945580564,41.54941089360463,70.37018947705432,80.09
45.5457760599342,36.33133723354931,19.38514620666606,52.53387860460078,39.83882777623036,282.6266731620382,9.160871898711441,93.69421569686018,93.59
10.633977279041407,501.56155507476706,16.07577949829091,81.12554679668304,77.53260075604028,95.00502938076383,4.6100315054308005,75.16908385540381,82.01
7.845074300932331,125.49123679240626,1.8013117611986984,68.65542517523669,54.3562223364026,51.160429231428935,74.17572946160487,79.09598684043134,100.0
17.57570552265204,315.579272268994,0.5834720194739185,41.1319516693743,69.28292245671204,21.166450180866715,33.26662465233397,78.35926121376738,92.61
10.183870213054425,578.0202222109549,2.4470653565141998,59.73156164656255,77.56186418183327,168.7881357187867,9.741766231315797,76.35659652016768,82.27
14.063672303190511,318.1031367193208,0.16482094753181853,55.72619618517008,35.9879428404603,190.0980341123152,11.466431429709223,66.46229460369105,82.81
12.798071826348478,407.8015046244403,1.833966735291992,36.546997997686084,30.98511041141707,155.56748027722045,36.85318628496083,49.322594325233794,80.15
53.816007389923115,205.70361761671518,10.923091507891847,38.27797868507792,87.91553326412502,263.54656268267206,83.70913457668061,38.638395420483036,88.65
10.104524962580419,379.4109938583151,8.279510283961567,45.426408324459345,71.3923720308696,63.79286605717238,61.765440664541885,51.275808115748056,90.8
29.820324560907075,22.96195387236,4.1511743337389495,85.12613814078703,51.62284876671105,127.72877223679092,86.62119376032076,89.82728508705617,97.88
50.36793236112314,84.91080428458575,10.457132910946243,86.09860565935806,61.747964184034856,86.37006556985594,10.206905789260945,42.76500574626046,85.37
27.545112744994004,392.8101926115741,11.580290640308055,97.29089944669454,83.22410674224314,226.99533788307193,36.656235303008586,82.57699931765563,82.7
1.129565979830227,561.0761597257128,1.044265330943639,9.575790698781672,85.16106551201675,98.34941198067393,5.010676059121987,29.557147566258408,91.22
6.863620778602087,366.6184414260569,0.2093118789938453,54.68624223841102,30.260792141362636,229.5160196276077,90.36017362279765,86.61633802575957,86.6
64.92192074744428,131.0850065646224,3.5022920461297846,15.322714161996453,64.52088664840282,136.82509467069204,96.511368983144,22.806896351339788,80.72
12.916287091378532,885.1152308367115,15.196321258325973,97.16369768777847,50.11961011022371,191.16418800916335,92.13231443532169,27.908635897620584,84.64
2.6178375067226867,920.6025477986019,16.43274817612882,37.33595609364436,67.01650006658862,287.2162652756768,45.278108034582296,56.53597482806545,87.28
9.902376982703254,116.99670658297678,18.956692739541957,93.20769355616059,98.34369081825928,266.4914755259099,60.23780554063932,43.529624056277285,100.0
2.563119913942735,732.475304967487,0.7735818310503295,63.71859709258588,44.621413149517686,102.3390223121392,25.337942756984212,27.84587486789067,84.87
6.464842487254074,15.51346153842259,14.025536209781963,30.991275067748592,54.77050065619654,116.61808021459174,61.13698949024501,42.32466253285574,100.0
20.77493127662183,413.6038104274403,6.493891402537577,68.07139887595493,60.61959056096208,265.35911483416197,21.156155961284583,52.030871597350135,80.05
4.100992129159875,551.8384724523303,17.912866849114206,99.84393607309296,58.163956285281685,56.071692419246034,22.81941229966463,87.36143596163433,82.68
4.079955637736477,198.80149851107865,0.5289099843443057,97.6222302813206,90.52188105732814,136.78689383006503,86.93642728108787,34.39346642004431,100.0
40.458448734055274,71.21265530815324,1.635371914028716,33.55743643688742,83.53021397955084,55.88932260602908,29.98780555871875,46.195115854846364,90.75
4.852983946011113,286.2387148361609,9.215249032974416,42.414294921642025,77.31205322208565,132.50054054751016,87.0958051071877,41.51589960215007,100.0
64.90746902127545,64.95506273976592,9.686941677767514,45.76494849838689,80.43239840354697,135.512202521467,82.786913485774,85.41015566677798,80.5
1.0927541735430313,322.0644277109349,2.8446571092343276,48.56334892685214,14.580693470460604,222.58208549711077,38.356991447558585,70.96246059283956,82.28
20.900039046819753,341.53881420195984,9.1778848414225,15.713625440975909,50.38787098133001,299.7034650614707,40.82755560918335,80.812728336719,87.51
0.7824171605795849,154.93677799212958,7.247737575478808,36.19719354201405,49.11220774412814,118.56093445251415,34.26878610887657,63.801367683775766,100.0
1.520087357439992,322.70218706825335,18.282485704488394,62.09145460032305,18.673718458608445,269.3524899224309,4.716973238598355,38.77067249853017,89.7
18.094792933162307,101.1318833692798,18.83264374262408,72.45514243951501,73.63129604608635,234.13317510988108,67.42869961791844,74.46148517044315,100.0
1.3587502305915433,582.6159523696723,4.454644238762162,65.11328415116253,31.772699523747526,285.31715059427364,0.8136889743183051,78.1047134800248,84.65
31.204574630824577,248.30801724343954,6.019282496050438,61.22952318131289,95.21927648453081,83.77222796398287,72.1638961617626,41.474958579272,96.02
19.511703070057496,2.6984656104547255,4.704854735060049,79.71912359416618,36.54224514466344,163.74769985841675,2.183873015490456,51.15688554188011,100.0
27.154890419608723,123.81828905657844,11.978418919462985,75.22498331130865,36.6676547022484,254.62026408500648,76.46687390119963,20.194492460465874,91.28
49.59385463831243,22.313786045650264,3.09750304356059,70.54097893098312,23.415495370690486,279.1788740240112,16.92846580212166,64.77574241890176,87.72
2.2942594066360122,589.0728605613602,0.2835672669161071,20.450864339795793,33.74636187794107,176.62354216225208,46.877747665285554,92.96998189526404,81.79
9.094639233000112,153.86976949344654,11.710349357135108,74.00259902100224,27.926466792856207,231.4214219877353,30.42314302696829,24.24781360503924,92.77
89.54588617858666,4.847869404383198,18.308499243476884,27.079091273289592,46.9438988839426,272.9503371596531,66.74432010272315,61.4602208049874,80.26
38.86302577429054,77.55307334479456,17.74892762813478,30.29665404636538,32.989330338181354,132.06019178907368,52.04936041832566,97.54525592908338,93.79
47.457455680714375,213.79057549886414,11.990833730131866,61.57699175663467,62.10525102873693,129.97312167608644,18.99750285693189,22.793531128488837,83.97
31.424176192497765,286.2902092053259,17.238875462052185,70.81064489806207,77.43739754687095,17.116185292060827,1.250307353796698,86.34165082820286,89.71
62.566132112435646,270.7911720973092,2.2516929869571323,4.789326090616575,62.78748883403746,215.14777552190577,73.7973656297559,80.3803538480824,81.62
50.51101503277982,181.939027934249,4.528353905690585,71.25629437175327,68.88739996413227,46.489447129077874,15.972137646447626,85.11574378054044,84.33
17.306426073454816,101.9940703111819,13.901271163518402,56.55763416198765,90.49482739538273,6.448393024839905,79.71327515893111,32.38278096730093,100.0
11.514116494238824,194.30785206742806,1.260752702028245,10.670612479597441,65.61453185854637,204.05826775118652,99.08871386925048,22.27744804242432,100.0
8.099168499215148,559.4968635665484,1.9077358373634001,0.17212614669600557,58.24057738526006,263.71735385753004,90.43034331791549,66.48871344847751,83.45
29.485669870960297,118.72685470486356,10.395751017764853,36.02429045247836,68.23004438025518,146.0835506463021,96.00758829782681,23.091846668358478,98.76
12.702858098414726,964.0450288831169,2.1802443302688546,65.55809277260408,70.97721307779055,218.03579098245095,93.96693154865989,94.02184118333453,81.4
2.6685271687461376,314.102353603988,9.147636828531025,56.796629445374755,22.583413289962028,129.64900885657204,61.334690818181315,68.29847710593374,89.12
0.7696615913215576,509.7721895732635,17.540754719570174,47.455078124524356,73.01498928988396,144.56977242066293,0.8786101445990013,87.82387355233664,89.44
2.535129052413354,672.2174829932964,14.935633862888242,49.87597198410975,63.730459281959284,44.66673167985669,32.07524940146478,74.250960917192,81.75
2.142138085739087,290.94823807785974,18.475971667426883,84.60065994523872,60.449606192147264,230.1887546903929,36.490711893452676,66.63460586201697,96.63
27.805230006418558,6.478296436323139,11.54854881450843,3.937474717170264,86.52139030359571,22.52598689619201,46.11918861825826,46.186546749594505,96.26
1.405259154265459,916.3908905714452,15.45142480310634,67.88317713802326,53.99912105216965,90.87947415849396,10.703396904427176,31.568021264582498,89.15
46.630790611630104,396.1196622335436,11.26827734630982,25.54054131014376,94.90919269684686,132.91836846779935,24.899926571274367,84.62160677508093,87.57
38.57033349383136,254.09194176215865,14.102059846444636,39.391637593841125,78.56996165139073,169.54128164692116,96.31523093646553,48.11421773462398,94.26
26.4832132447413,172.34376765929227,17.162371281540356,74.2199650293032,30.634886739547206,232.26841264951747,23.52175982651389,81.46783189683173,85.47
6.99721949004185,73.71337428910762,14.14481164578203,98.70174737090096,49.8656588085304,286.75431613588296,92.81908433380109,43.38871515290919,100.0
6.208249266603638,969.3676601129118,8.16460280121155,91.70495531011791,62.233667380504386,75.04652341190898,17.932122616901037,82.65892850077452,88.31
9.589356483494804,36.42188001967605,9.465101881387339,8.832278635548318,70.05757312278375,164.47998437631227,50.583791301161384,50.3729172263182,100.0
27.89032672563647,368.8857489130707,6.9933880929613395,22.52334838468798,58.506316025496766,288.96372941536544,25.24661075470529,94.80886309547301,84.73
14.862824188547574,466.0636879148,2.6939228146936056,11.282268859978394,83.37289510943671,203.16415158854173,27.038096103527266,21.342556938468622,92.6
14.213019112946535,628.6875107972435,12.551429725310504,53.053860288994755,97.94662679163541,196.16233111321378,81.98710532724547,75.25497692757821,83.99
11.167887420052436,433.60630580422867,3.9167200179775485,14.151995098895542,38.20214424689997,147.26569127951095,34.45531913766972,85.5864669680833,80.98
23.800606177145767,487.55277736592416,18.120109421122134,7.685550850720368,69.45713038202265,245.3094140050194,42.01423278190971,20.731833528168274,82.62
43.75669808830409,21.448748629125824,14.491242329194709,79.70369990035951,62.366656578010506,211.23784314692995,4.50423377601179,80.2820115919451,92.58
13.165621945989002,537.5850812522505,11.854847930018241,74.22590212271278,72.24773825809892,281.53308573530103,48.4243110640979,83.8390182078898,82.81
23.07935156526979,223.2097742210013,6.473640407449899,85.2099882738686,23.836998363729045,201.8165716387832,44.2739892028695,41.54475905943197,82.88
12.76008330483851,282.52471847912375,1.5611733995982147,8.92434206604894,93.97754525821068,160.5841918909976,76.73748707303248,83.12468630254602,100.0
50.78030723489017,297.8260554306844,10.142756372245499,67.91387459986795,73.98052718481526,276.0596436574673,62.103287112239194,24.67782200459217,80.77
27.701536724897924,535.4413710278398,18.457952476257724,55.63456367784476,93.2508325241965,246.2934446853058,48.867257932503826,73.27275662507498,81.85
59.31915005890425,106.01473521642768,7.967110176063718,10.26744953353883,50.346335185263605,180.16562525834956,75.62163960654387,49.44328199281635,84.45
34.710221404137,123.61886639090103,10.29139181054286,82.9277027361893,91.49620947575406,174.48881998277255,8.134188803621045,65.0185821028575,95.46
31.09940470468787,244.65321681061414,8.938769978174932,4.05540797443148,46.19475237088836,254.02024794991428,68.13747962456462,95.5574174257008,91.92
29.014838684200363,514.1128338714424,16.747976186656622,76.65983811548323,96.76603916922379,298.90509438864177,36.18066781322836,71.5315691443152,81.82
39.041694636344374,10.777382072839735,17.066654810715043,25.292991120283858,36.263557388077395,137.55746608463548,82.82650524013074,20.803518388553286,94.49
0.6701424830519387,488.5843740808045,6.837936140264156,27.303629946415676,91.95898935770806,16.37403694929973,11.676541419146425,75.24320090398294,97.17
20.40151637409201,321.80744426534346,17.200484334371737,20.988787197468106,65.739053972027,46.61253019220668,46.488682355306146,80.75005345735124,93.34
32.15349084353295,413.91107314701594,11.855861694155701,18.445033408411614,76.62069554932516,225.26415240266638,43.49263108081828,34.50852462982723,86.07
53.27476262387761,15.44639572755191,14.180120285779196,1.139388155494836,34.51334954495625,101.35530311138197,16.092840760649597,44.944553942883886,86.64
46.83162706685401,9.66036357223976,16.677502867473983,56.102379648590514,31.432176128730127,133.71170719873894,15.22844936706801,38.664986030240925,89.6
27.72587891494688,190.97429207689498,7.691067605702095,55.54140654517291,35.90722232348564,36.86116613747592,48.98030079129361,71.97405929796577,81.89
22.237022722650956,135.835482856847,12.310251328210098,78.93617672050868,22.846277738480424,215.16309469444707,79.19229965371981,56.98277834491059,87.74
2.6743764027994943,839.4040784576032,9.634578408988236,8.05311780510458,68.88979273905181,153.64730239346358,34.231558548133954,27.18879004135049,81.62
17.65514629952826,28.880235207573655,6.793585426791104,70.67824045557242,17.06797052722485,24.680185594294855,88.5105665116575,90.31112548719408,94.89
5.885354510886199,199.63404818714835,14.165244768418573,35.381025643940234,71.17808412252053,156.40064946413557,14.065598153523428,93.64537670662004,100.0
39.09068222262354,177.63007402390986,16.65033984307549,79.44690048443164,77.9043010372974,124.38593860869973,16.836028601448703,39.6291533359392,91.88
40.420170386634425,90.27777587878339,8.6153067268261,5.439481362648413,66.71218176800397,262.2023944823132,43.23283551658525,70.2803073142949,95.19
13.675910968461402,85.08522823269482,18.20087928107572,74.841929591672,54.06333345542112,197.22203007529927,92.39536404030929,80.74938926709036,100.0
25.86342868142657,99.20085577830717,1.26906984431715,76.73321153662572,59.159265541078355,225.6610118033694,88.03131786862146,29.1202584750678,99.12
50.08851997733799,61.00663100508397,15.366001052302448,0.5365701094662279,24.340690155740297,37.57993698673767,76.3723634165912,71.964944822733,84.65
4.851756802971341,516.6525186743809,19.871563849354313,36.354086735077686,96.98265838727579,212.88129270788247,10.201169742381023,64.76183606503936,97.88
47.15323257894821,304.40275794289516,12.682837880713048,51.4474826804179,80.41917304302689,11.29584214519297,9.834267040149559,62.352295468627695,83.34
1.5318778573288672,463.75178795736247,2.392312953342479,73.53410216960441,66.33327021773073,123.93159245632378,13.005261781188537,65.89010559904415,85.88
29.976037926344755,364.3138540225824,7.1905662407868,14.717016671230787,83.81003315090621,198.32463775796904,97.69766562804429,98.93798610485736,96.91
3.0929535817462273,984.8962122393748,16.44512351054678,76.90365426761628,82.79972804027528,22.502738819377257,12.012514884957337,83.70683999532261,81.28
6.472181515807652,298.70974725647227,0.9778639751653939,4.358101174342033,54.699155746579045,39.44844528589242,83.53569507597662,40.88168765882841,95.9
53.01181965462531,282.2891390028519,18.368658400734027,41.833628853567404,73.38734359832964,248.37618244034076,42.5996503961881,86.14279821334695,86.32
59.52904524493554,180.48010441940988,14.5931338033365,65.85937330729527,72.67021671440006,170.12170448322829,27.12235847431326,64.45404916365538,83.16
22.105040143117105,228.71244237504106,6.778100558807399,74.65494225387592,72.42690631039122,164.51515684840112,83.78688664723356,82.21484707174221,98.97
22.164894228967526,28.894136010315762,4.486038333452747,24.547540249776578,35.19806464134504,96.78020784982434,59.427477190500056,90.8432537657359,100.0
20.39476972577804,326.86752962331957,2.1319159654233033,94.28085720836258,18.07939742722612,299.81300283745503,43.78590976406972,92.47073458783659,82.7
3.1376402084928867,831.6027950181267,16.55805665218071,53.354864910593435,52.027236766780035,265.24184077245405,58.77770226172516,79.27503151575152,90.48
27.588199996558373,233.18032614513928,19.35905468470335,26.799187917514764,93.16667510076549,115.55849460333212,56.89573506683859,79.61038319498117,100.0
5.446807529833264,504.6152014162838,16.362067044790596,90.83442175329156,74.61512544723786,66.11512087472948,37.02660124349124,41.73685351939913,83.05
4.097388126127443,785.5299454930616,8.972828771301423,59.20853144195344,48.91369422306806,197.9502286197331,89.7090580974773,82.66431416892314,88.26
26.026575596722967,99.8875321283933,12.442898964754912,87.05325483851215,54.70277016591927,182.22788750108154,20.53473828620159,56.507438894714596,98.36
9.581066731487587,112.15399963859218,2.8627201749729103,40.351611027902,27.487231330363937,139.59615403856318,37.371146681857766,73.71928066004334,98.5
4.747400355123988,166.1091547606156,16.634039499634532,98.10293010816996,78.40447917408564,279.16555615180505,19.562529450162103,85.92905150189989,100.0
3.351196868765538,506.3209077194557,16.95136413830357,57.78589222905099,33.80212809799473,35.8352838789977,90.78947090324131,30.7454076604948,84.0
8.063261748199658,593.0483017140385,2.508673750245316,69.5691489210845,47.634679527910116,13.943066261017268,34.50597758168797,92.73791980949841,80.43
60.009042405851346,66.41066955923446,6.002954536401739,60.60955218115897,77.63825303997403,90.75246077622535,36.25051129317536,46.39827094655723,81.68
65.11913774379553,176.343972876576,19.96255488133254,75.23597176491707,97.68348930134248,116.11523688235059,64.15646168808149,60.397519040836805,80.85
22.956891606100093,109.34869565571236,8.599023909500414,2.578133883235556,12.286156080829436,28.79172148202469,12.285078021992879,96.73175037412535,83.58
15.104245548583172,215.16706776823068,16.220606869774745,16.50590147808585,89.47554297306989,79.99437131668252,96.9659871825627,66.4599870525845,100.0
5.860757074374456,430.36998009010074,1.6755051741285443,60.72541274833407,25.731672153765505,279.04912465659504,32.40357754110567,49.23052528750943,85.09
36.02841298227744,367.91882742638325,15.275382612568789,75.47964186716284,92.39052832302548,58.007467193923134,0.9497102096008181,59.47343080681753,85.09
10.45665514650025,190.861102592077,17.84405819804159,89.55118058126213,14.46365282924027,293.7566734801029,30.603009994104056,67.79151440137117,94.2
11.376795357794467,71.21990934624844,16.89925110008724,14.71700703060529,99.08986669224261,241.7195308169413,55.7228225348305,83.07165984925754,100.0
21.177694500710253,37.87015229081159,18.55269662175165,67.98637559907004,66.21031422333678,105.37579101990057,25.063217419142138,32.67855117548282,100.0
32.31654793036303,19.825888844914097,10.919520449969555,19.363053666272467,69.69095089139134,45.536804884601324,64.49285570387288,85.95444542958317,95.66
1.9913517136406877,106.55309349867825,14.942006850068024,93.3201724443619,52.10673889782138,181.5040740353836,6.5109322303405275,55.12479246607236,100.0
50.580219498979176,47.37712056351051,15.62945821669376,97.49205740905842,29.387154729158826,80.18341470162538,30.93633892768105,67.53632743241386,82.87
3.7939006036517453,98.49402639135096,14.586423457457565,51.5439292134389,52.04938691435712,87.7998345033647,77.4526253489571,31.020465700827238,100.0
8.149660126490165,379.8232365983067,9.967146287323015,71.71145378228788,85.68974977330873,186.32314574400743,84.77432078137423,21.975834888747066,96.13
12.128247589634311,110.12121045973655,6.831581166550715,79.16752235471701,44.661757847187786,236.82309280432668,38.95830029334145,57.72340641180891,100.0
40.67523196282256,186.97346498780465,8.174050586002757,3.6772954773985345,54.66314202328846,187.34700169938046,60.12162115739644,42.0958124025271,93.9
53.351914311975136,354.15678250466476,18.581910498120656,56.83321777026811,90.22278317490338,78.73545119880076,70.33105455402399,72.56923681747878,80.8
64.4937944261944,186.83027373188267,7.2523954192964535,84.01663572894988,96.14316386420931,202.0894438846733,72.85898158337073,37.63862250616826,81.45
58.56543216432477,271.7860129312467,11.041865550680875,75.40738293169052,85.45827573005336,159.995424730599,83.36876212073612,74.37487291447954,81.87
37.72091279017944,14.993838338229093,3.0655758474198436,86.59774721840243,89.02773861870597,237.71495711968737,8.500627526201043,77.12733261428795,93.35
13.138558585936956,566.3649526515991,15.595617663598748,40.434057097092726,98.02764838068548,254.805517311417,29.091913937972446,32.253937577993185,89.7
37.22250226941812,191.55831162766103,14.556716424723826,95.10296074642714,66.81201437551127,175.2963587074814,21.306196059140138,64.61872785596864,90.83
32.91329972278446,231.64885818811132,2.443605830979978,98.13976017775093,87.83316036608373,50.65884240967233,3.149835351190855,86.02752986076253,92.08
97.61396458724393,189.21911198644136,11.676783892057308,15.49294472460696,74.95946204859591,287.55112532646297,21.874717220185357,45.58549283358771,80.09
0.25583438886488397,215.408413688127,8.02383727155015,60.199551409999465,45.345282998241046,133.88261959993451,89.92423193472268,81.0594921619749,99.42
11.48671088386497,114.77946171333586,3.6100108340379355,87.25318401504092,62.258047526867344,191.49303609294986,56.783859431114244,36.976381196538455,100.0
3.669027767972821,233.40148754368929,0.8844316765122207,84.2469270053917,79.55182059097532,97.01879732864526,7.276019243137643,47.79063337733901,100.0
32.67745983630957,29.353192404820927,0.15221107653707877,41.1137429729386,12.582391382088131,47.97294088836024,67.41468171871303,89.16022358463093,82.43
7.69395670948918,183.2395771917703,17.740830539145726,17.44099930168951,18.421648159222272,189.52208412381978,94.84569109737932,35.73921953871688,90.74
51.0758638578939,289.1112476629474,6.173549970381476,20.630945095216312,91.50850665970583,241.09324564657075,28.835941442543067,62.33182291537855,89.39
22.783442575226953,13.879019662577985,17.384810570444987,8.6195427860307,92.70239305969692,113.02479710878943,19.35318476353032,23.78359546261138,100.0
16.424521133136782,228.4677723260894,4.0565903671553,50.43657209316209,89.44801243337294,26.977872813664373,83.73318072113986,32.03804577157519,100.0
28.18542072399588,401.18217661726186,3.255305420640464,4.680553392195286,76.40415629515086,258.8649220424213,23.632072246003144,41.27172303826593,92.05
56.68158519888975,241.67590688653527,12.007559415658486,64.39112271075788,95.48159339187373,294.8808946321504,42.57599446643505,21.911195092059728,87.2
18.464705969194096,45.27428098897302,10.816672511539515,44.03516154420011,12.254256438541978,3.5869711797050785,57.04773543121212,57.40238654193516,86.13
17.861660960678773,978.8448429427474,14.997341513393758,84.94024366529834,56.5043814102553,152.81230497315923,87.37015636460364,21.834807496494193,83.13
36.627352934119486,77.51657322470906,0.35031197004865566,70.98123966616635,58.26318996616501,32.816598524251226,63.39230659705115,70.64726308978227,91.95
2.930273839552855,307.9260348954652,5.062320549391497,68.73791640459751,39.36947145118728,19.655656611522907,0.6283040341122481,95.32891154224238,86.35
16.294885690541328,243.88799627375514,14.359594143595922,81.5489629282938,17.735720409427024,81.15966941528619,61.619819950819064,51.575371325217944,85.53
31.128606959888096,396.3771895970418,6.416811227747276,11.370695600218605,98.91732474090587,271.28162328541305,64.85202387141003,24.78956233329665,99.84
45.93052247666818,8.545505202182113,3.252892037558297,74.88244329870804,82.24616997666523,75.38936142484809,47.55251307914406,22.136207831047436,87.15
4.046260904173405,607.8929996816368,7.629853888925309,28.478637892487303,47.612067719878624,253.75357417197085,46.631810689305574,35.59751375360857,84.01
9.698263676721396,745.5064301933032,6.623689072616978,76.14180091486276,85.97295631379225,244.29051951698798,1.4857318634205363,52.14624733085557,80.93
10.471383557013702,239.37818917059306,10.343519540871693,68.96570333180239,30.683738190487432,156.83593749433876,35.11492306267322,99.0322845349271,88.69
13.05011538545604,123.45601750999246,1.61004550368401,48.61123737153952,97.46265537253382,267.47067882383834,83.29973409962975,88.82510665020216,100.0
37.281030409038415,6.2500778659349,9.784061490009,78.9017794155408,70.59383999475281,214.96340061206143,38.86887392604203,66.75472682545295,94.8
5.090581864139255,419.47297592853596,18.48969426291346,89.93974473456308,96.86819828283487,255.72734150307795,8.205328188581994,91.06359227256468,99.23
4.90669566098939,83.357422806008,12.798934156279607,22.88876285751812,80.93295268057813,257.4915834805135,13.507043422533426,24.95761356963734,100.0
55.064855673310205,14.223778383353537,14.488057384379937,95.76580046091819,89.00846866555645,220.18906199299425,1.038439309229089,79.47645172221134,85.09
17.487166061145874,186.1264544613237,15.937658951859678,9.481407862860902,43.453550529639394,199.45720849809788,99.36839841105227,55.169925788404285,100.0
63.608034153496675,182.13002150689474,19.878679208373494,14.684609807156479,87.48727496621925,166.02016404569252,50.59830470414733,36.16802285172351,82.81
24.46959362150315,194.89400380252863,6.281567715328562,14.093861336567116,28.0606730494789,188.70263126553644,79.12370539705267,76.67897229426289,86.53
17.186193155826878,270.5391573209977,2.931803750119466,27.447396371672063,41.94560933717756,236.5451489035857,32.060209517438075,46.56995877525668,87.62
2.7780403883781335,20.680094855930253,6.090261647049699,66.27958202371893,93.05395972840273,33.50078284940572,99.53590961068593,56.22693598979255,100.0
33.12895237995266,421.9446043970448,17.3011573987492,9.544803652702516,73.57284738050636,202.78390934659018,27.876018021120817,20.1800354611919,83.96
15.700601701616323,246.60526206649868,4.427465954274313,71.23759271713075,62.09807377542012,201.2320373473999,52.140893846332844,95.97385863567916,97.41
5.577321504241295,813.0929133860719,11.444827789384904,61.33873922546618,88.44275088322885,223.69333042669138,39.864737157440054,96.12096331805479,82.81
4.7029996329889245,293.6111792107944,6.749731952246707,2.671744778188734,25.495489731364707,284.1187017074687,90.16447959280666,62.374517278625305,89.08
21.73102010345055,82.62904118747427,2.367904350972916,32.97067909714595,48.692330495051216,238.822814138009,42.856621383904795,55.85280097066824,100.0
45.537470452919024,40.78236520069467,14.538401848692494,66.83345704493445,99.12788801848092,160.39857098979903,15.494178215382238,53.9291732199091,89.01
23.48802765903779,146.86117389824506,17.4862050313485,87.21264210580333,87.45807728958539,63.29443311377225,51.01306354088001,89.12214304856836,99.96
18.935866733314377,328.18712867818834,7.274404102322995,36.27808086770244,40.49649665570085,194.80780909196537,17.930186409325188,68.09778036460321,81.73
7.169686416189592,443.02715854865284,19.59513458825899,45.39729071472427,51.299016459167824,19.522074608003702,57.127678228853526,27.095151548428547,81.58
23.638220313883206,194.640835141488,1.3931994068119735,27.64932876494698,27.16030149690506,48.32563861403882,25.577230936565886,99.07170689916383,83.67
1.5516144207305516,397.944231741724,16.1962970798192,4.821317366352817,46.79792375771499,212.112112776346,88.95867648913878,49.97332966913479,90.74
3.8884149734274454,521.6629302413975,2.0397699197063024,44.26052312617546,41.51104749764632,104.70755713173662,40.12301892537033,25.9231246903892,82.14
60.713528721547796,164.46459843560467,7.017516221577624,3.241733233319355,69.13225076514897,187.08150633695232,39.72418685596026,94.76647929453424,83.8
8.404864953413982,553.2558978519825,13.671988128493041,82.7121272569316,49.00501932975047,39.60377584777408,48.69902832910044,82.22544888215937,81.17
25.967042723367108,125.95099083792638,13.489718614516422,99.28938879787309,36.70683602884651,148.01958765966972,7.2352659202982945,72.26005725557181,89.95
15.62634382593978,138.37776499573496,17.014753547659023,88.33482537387208,33.42899932833041,58.565623205898085,4.101477649249063,26.77785966632524,89.09
33.65587296497511,68.47503680039257,11.261722277840924,23.25810129259065,44.65971234205496,244.57184259087163,32.01938396720654,71.07111177928522,98.46
7.964838906486493,138.42159925977305,18.206272554161927,71.02074173635118,79.22720794226301,143.71904387148638,68.05020280190791,90.63518298475601,100.0
11.154249861449983,323.83818601309366,1.904894695819026,46.817202076654674,63.20944542360909,150.36476539837807,86.3560266284561,77.82401821713111,93.53
42.717843928191215,143.5836857212096,8.456148016090237,40.00914559357275,74.13657739782907,170.38132878551227,21.12110608737563,59.65487620986126,92.63
6.415759221279805,42.13596027752475,19.67073186260602,86.59898596815275,40.86269175753037,293.94788252172145,28.607178351491157,63.90301363611512,100.0
62.101664458354634,140.1034260503077,2.5496213209632246,22.33312158118069,56.87195133588503,81.31064075504646,34.29810486995869,39.136244996545535,81.23
11.270277764998148,264.96718230906936,3.488135785495794,27.566959215796892,91.98746567928772,221.25030135212742,14.048102708383281,50.98935712215395,100.0
21.90621086896616,185.28756017812475,10.901754799551933,57.22234425886262,69.13282351219476,94.82233073654334,97.01482035202773,45.74737639001101,99.98
50.40362914208363,277.0409473447757,14.95886331894517,57.643205482319814,77.83859555754951,154.27975968225093,43.55229097806702,82.16791685916884,85.6
7.924386807265227,813.6529409261051,1.7984499967280798,93.47147780188955,71.27546392679422,278.92603653599093,19.198688866858006,90.75232801610089,82.27
63.21236766157945,122.33292146985598,2.8945449595434214,80.47899654740385,53.81260139909793,228.1349637797071,23.550581944402037,88.93496107332489,80.88
4.010887741003366,6.415141459468976,4.098736091485378,43.74084965622581,69.50663643318256,74.73073538836405,25.758144136867354,59.26845883489481,100.0
25.760823157567923,288.5655623267229,4.820675993004919,21.314167721467435,65.47601216218901,280.64429946812976,22.185833255408994,68.61106437067491,97.66
36.57064194387446,63.86792167416944,10.658592661215916,93.70111158176177,71.58210613454749,131.90475083623855,80.05205344552924,64.77990923342193,93.79
40.91480764274904,45.1295043251031,7.141312194186755,11.53648768818064,93.42582585972352,246.14373905933783,76.38149531415023,55.51819677838445,93.26
0.7858230133802269,867.735412519495,7.092362400769858,63.07903579020982,92.01055291518799,97.42411208843372,52.18955096469092,91.59791189695858,82.42
36.83777700949189,193.54640505159117,17.055780399933106,9.875228483371822,77.15416502784207,26.324345890844313,58.23617577568672,80.1689716490154,93.89
1.2788131482911802,528.3596438475299,10.579544777825323,41.31643195478163,79.6449899930971,238.31647559348812,33.449755365591436,97.2946516645062,91.87
16.592365849420542,490.2939208270164,0.5853068492095659,21.939531940734426,99.6571216575782,119.00007360997078,54.772805230056534,35.370822013609256,94.52
15.994545245466607,114.21672979152208,0.5445608456583373,26.765404144762783,25.614895562457175,172.7439393093535,78.9541041386112,27.248131120519723,93.21
0.8280975003548519,237.95216963119103,19.805224031932422,0.4843517626758609,50.71150805804051,270.2141097060243,63.813198521493085,69.39266574777986,100.0
4.953159752417557,897.8294082468166,11.931102063414356,67.8832306539713,93.1757241300191,111.85453933504874,48.50451779414608,45.24468552984173,80.22
17.645817031674305,566.5250678742433,9.802763435820427,24.895285623399456,80.30590062952925,242.647105703085,17.830688022603237,76.60986040296169,83.72
19.31695723505419,39.60872337577393,8.37080127298413,2.6160868632149947,99.23008684492851,160.79742317567224,55.74654229940544,60.84317572059143,100.0
11.68474982154395,512.89730091163,11.723955921620021,49.58410735277492,64.33167836146096,179.07193585733071,56.60317767517736,87.3125421294894,82.42
16.103533274584137,146.78249396691524,9.353803223355284,69.54997008481193,44.24074990294975,219.36753699586197,64.00432335917098,99.86125748535322,100.0
25.593897614820328,99.58007922316526,2.455204814617662,21.866836153094326,98.67688954564352,119.83049051288441,32.119091777790786,83.95675341072655,99.08
71.40563403177292,284.1598805848161,7.998394462793346,23.101348304244084,88.42569630560517,293.76162847582276,56.939955493679825,26.696352242840604,80.14
26.910008234864257,216.8013354413796,6.022033919437342,50.06226313757814,40.91696081399465,200.38476803182738,19.94985508913645,45.51144648718976,84.46
5.517324081637753,48.06781145756944,18.295465560563862,76.0588645471884,99.48400818404333,225.45212553004512,30.26476090844494,80.46549839259302,100.0
11.244852323190225,43.67738580240144,9.585109445699624,34.55478279013586,25.336559937738524,275.6796288167044,62.14475209357925,46.39611447979061,100.0
55.382865964518416,102.13223789574954,7.945507196110024,71.10295371275375,85.13989925503641,211.0113891407742,3.5678909929285574,36.94900060151105,85.83
4.863455883428913,24.47001133551563,18.93887430035225,28.83971106748645,80.23259505805922,35.509053596641806,95.01160180756473,95.46351396674127,100.0
14.483168775155864,347.6738363437071,1.152100931672173,53.33998529631751,43.63062193397349,274.65081715563156,30.197083978407726,62.99306406522071,83.51
1.8159388060312698,105.64659830836875,13.68714335561979,55.7363914224845,45.42201709309302,278.39652738802835,36.25269586895256,96.3095192825998,100.0
55.06074416196862,235.98610955743027,0.6567678617483752,20.889273227774872,60.9763317458719,19.08216105645433,91.61536097079865,35.43043156175295,80.47
4.107040864882983,342.4538009662823,0.6390405880015715,75.07019564724088,72.89511258754953,56.131387343822055,73.26774803658142,62.471585157824315,92.97
21.40217302180104,671.5231309504301,15.133418508353923,8.413152421314651,98.71488344956384,208.5495290803975,47.72552516196692,76.73592118382459,82.95
26.679060222229246,145.66537161743065,17.76860441429656,13.60420785548062,79.0690047656846,53.67840337130458,32.02837239314087,65.54083246674867,99.43
5.218467971540164,269.65175202246326,7.063900026533776,3.029428053356953,44.47303373402748,49.80012504173415,37.87860258410392,49.93782307013785,94.62
46.852748103063746,265.45665778672736,14.729705160358787,3.9723463902635703,82.70197295844079,1.9969359413165577,29.942211534771445,79.47746770534025,88.37
19.831620860185307,60.65655171971984,11.313739826389824,20.146474663196866,84.01766159590022,256.8667057825048,49.5418967814891,27.21346808472239,100.0
22.613125380763144,570.9333599652768,19.361972423416073,1.1275654868865725,84.39960446579057,124.78180159199847,16.660478882547203,23.648136941064184,82.29
25.338574095784306,365.8448719048657,19.233256253810037,20.144925588854466,60.33141409191556,265.9093319320436,35.48260832302799,80.82380331357489,87.53
8.187073247941557,35.924539813670606,11.055222212861416,1.6846664715350568,84.68128692984357,15.120286203968769,79.14111065124439,42.47553548909248,100.0
45.58086146878168,151.39286520230732,14.13181167006562,17.74651687923876,61.65243356530987,57.784247574167445,92.29975148321324,85.79477534146781,89.82
61.564224361384156,169.11931436204853,3.4902249724967915,32.70418334614001,76.21480767012801,166.92368307075367,77.8517473005259,39.64700788318373,82.86
40.25680556744632,286.2852889822791,13.229842183796903,43.71401188396349,73.44699533304167,224.90698847012214,47.84654655605656,58.47622088195277,90.58
68.62445569519353,117.05570762029005,19.814937218995997,51.982496989201856,57.397414528673494,258.5154448380762,18.536748589581354,49.339970703626705,81.23
19.488780590340337,188.7708237946768,19.045000491076948,75.95168824521171,76.7266984498424,152.91460672804035,75.69370717135658,48.34660487626779,100.0
31.268301092994612,259.4906195169867,13.501055614137435,42.895563739833875,48.43967562183109,187.67010037766096,66.18443266251883,75.53462313809305,84.16
13.560437312224227,250.93999187737148,15.095838293790564,40.106541320989564,15.548994601589039,9.189514378240338,11.439721322400764,25.740464056224212,80.18
43.502231527063316,66.64190934407965,16.539090777213616,49.46737363170429,17.88713262102799,218.90012959699078,49.859890498263205,59.91910363531037,81.01
67.85090292048713,16.122686234316564,10.903592272241614,9.351306508934554,99.09554527830126,298.4594159551048,41.83277180465082,65.76758042977062,80.22
6.791209401462428,752.3972546043076,18.227004788464928,97.7839093750582,98.60073063359738,107.94722851061312,50.97944085936953,32.429194723175954,81.99
6.489252639722376,454.30282482630366,10.20200843132908,81.43414784180443,37.895802317856045,127.29725934266745,79.80924969837682,82.50655182233234,85.11
8.571158905350472,225.62257951509667,7.226589675868789,65.08200469744641,77.12264139268132,70.99817481185656,64.94631325462186,48.21306587983888,100.0
14.742982687625494,158.09878543481693,2.5653189342248806,75.18161502887718,53.132499774530295,73.99854939345984,26.605397006957453,85.99206993146879,100.0
41.189293968614635,48.55435615096304,10.953729408427082,98.44303228821475,30.1887136338023,64.35755473299842,54.18762011576299,63.879869000937866,86.88
14.014540851438962,903.4454238295045,2.9610919776213107,51.265490239793756,50.103128206211046,223.60995669872986,91.21101790236965,74.91310183532187,81.46
52.021634953813525,350.683278142256,9.452437671132586,46.81843536200591,85.67624843529309,113.20391257512918,85.40907230965573,76.83212002758319,81.44
4.195737397687738,647.4880594039428,14.785708981372835,34.68387778336176,78.41861454048504,174.00804270007586,45.97869683220216,96.18566155426058,85.3
7.7108806295904,25.303437397887652,2.715159452190574,21.740868699716643,89.91072004331204,180.7557362186749,4.0055185457220865,44.36861581477995,100.0
23.734703561650306,388.8175810649701,7.1390557396061265,67.76502132781607,82.190635924391,72.95945384477476,72.98273112636983,91.91465475650149,85.95
7.023138691745256,93.84085056683456,2.379059928895111,74.06823057106782,83.9541041376109,113.83214479315684,24.400685887499975,80.04260877118955,100.0
9.855123245328933,147.35424366735873,10.352700495861333,18.911279495843537,27.78927133481719,231.74541938931682,22.48811640747379,80.15352947368827,98.88
22.867424713310758,179.43466020976174,4.74450065604044,1.7122488217821363,46.23693394678167,189.92091067568018,44.16656170531784,21.161761869069224,99.71
55.69906866793417,105.71227114256843,5.498624969075616,20.834695589677853,63.84297072235088,167.6883348100423,42.7949599283799,83.06394407492053,85.92
39.252001889031874,249.56468244465836,8.437548293016173,48.137206035676336,59.34794515728633,188.11819300568456,41.65296497268225,58.27583910279456,86.13
15.01340888318008,180.04382845433688,11.761264224692647,15.627345154403049,42.85274368578376,65.72562726958064,33.116190248843424,67.3433246751287,99.72
24.83311646689067,56.58780598417235,13.850115005029817,13.907921466014228,45.53175086245555,132.37265169198642,81.1624918676815,90.37388386581499,100.0
15.920388774580395,410.23712350444976,3.867691922869787,25.185025683348105,74.66963925529353,295.7928939248693,83.04123696495331,50.04621948281959,93.41
4.9002483409894,293.2782276398784,5.011922447869088,95.19704568017265,81.31168745612578,150.1898561184859,17.06007461623942,92.61712247916836,100.0
26.409873003875116,14.794805163747537,5.042507355981918,42.38803900542075,80.29705477634477,204.01711067280948,60.29916683088712,81.36133938410197,99.58
41.62180436958158,336.93830497923625,7.430117154639526,29.061521393205936,83.61324174663338,35.90062343343136,17.447725622516842,21.667738155667884,86.85
10.82782100776959,426.63061869276544,7.591772089617921,11.48704005192812,88.16437715836715,135.3452968343386,23.395875485322783,27.08317848314629,100.0
57.86679352022207,165.03281396033054,15.415063246916738,26.761763046765243,89.94470300318572,258.1732843512746,77.43868575107075,66.24220178243668,86.81
62.46760322915368,261.33109176544934,14.138173207401394,33.006898743112146,85.1477332461868,82.96014245966398,14.49118870878553,65.89723473304815,81.76
11.19651360799816,905.1624322807271,7.016228843404592,53.558902441198654,60.41855179092018,109.94957062198363,5.045169456108511,43.96774199572894,81.98
6.26274186478144,532.3536459541007,10.717961251336593,24.05483451928594,56.556185690452324,67.17533878035087,43.380763520651335,47.15111937829179,81.44
2.336764763391741,160.7956364024681,1.9960635156385242,53.42442173107445,59.25309046087046,34.76221382726386,53.76667529446001,99.26992991056484,100.0
8.130984639793882,582.4798132589781,11.026881913048515,91.01662672192776,92.39546445271336,93.29287343297044,45.473686098207544,65.21268930608207,82.4
29.916107432006143,195.71334580331035,1.3838269852539775,62.841148185836545,45.3028042118624,205.74247748452223,99.11574767784339,97.1733617902392,88.85
8.960259713579399,521.7412539974817,8.47780207144323,4.169210993174788,64.52910090176003,42.03433060025763,26.310673995638812,43.22330691162047,82.51
18.479122234286393,103.71735390445491,0.703377999384136,86.54527098147192,36.07546468329079,99.61317140200087,95.19076810371878,51.62843758310209,94.68
16.397667221473867,494.8590495916002,13.75671845305666,13.718639874825556,66.08907927007883,222.05879994415056,41.57043286371794,86.9709438452111,84.61
18.3281680509533,213.82504694593274,12.803811010853504,26.66352853112367,31.94180304955603,41.06999762821062,25.96349901777839,60.38912356898298,85.53
14.345931673197043,80.39178749108001,16.843413927865527,98.614187292153,69.36200056149819,2.0790614683603437,17.406783353273404,66.70031812027625,100.0
19.943898712831665,131.8404395047654,4.958048680830873,52.25866902345779,70.56499334641147,3.9492970359661372,55.109113133053214,25.747611503620433,99.98
35.268944018095894,175.5268964241967,8.344249715831275,37.91100498539956,73.50694229149781,82.6501637148438,91.89075280914865,92.10123302129676,95.01
33.01072516217448,352.61453074551343,4.941942310930703,17.28945017155601,80.29739887533668,277.70955060022663,76.22219284286322,36.690107182751895,94.84
27.78468794071586,69.02570901255179,0.37008913931447784,93.52397841407779,18.933330170463403,222.46111673484782,42.22540585986613,80.67000816875576,89.33
13.647240949565742,328.0137704042376,1.500425372839509,54.87277964999615,92.41310224753877,1.7852355434170297,59.456295333954344,99.04853635758917,100.0
13.209959088626766,187.05202479349504,16.463719674444167,74.36524699418237,90.09361962127333,118.98765713451908,55.905828683251734,63.00823668824269,100.0
32.7913143464168,227.19914001667308,0.8976458014551381,58.040055047645644,59.08823212378395,206.12371453106138,71.74876304969473,98.81643299220177,91.71
12.820317976909957,438.0617897736986,19.60221498045541,76.30165810005735,69.90946391619337,77.58410694024288,61.23642176510488,76.38891469188181,82.2
8.077931904940005,148.76228580422668,10.63611729731172,42.192045269595056,36.21123626647178,180.65291133752314,93.35963719736752,44.23756728741783,99.85
13.838749281712314,944.2902726828567,9.549185409732697,88.98482173037769,63.81666101484825,177.57401473427103,23.36206973559434,67.07095874058689,83.93
14.965519578431962,421.26831547792597,12.234892723336943,32.58886005414921,75.76714158550845,251.45092011916125,99.0212503053468,65.09920026614012,92.48
41.85669543653613,107.77725907336556,18.29149119380452,58.02314380390019,99.29679419704033,178.0508470358929,94.33887321915905,30.92116394933468,92.58
12.213218630479405,197.62685695382487,9.549334842051415,35.72747084253379,49.88184107004082,89.84623455410402,28.703199471253193,22.2438977414914,98.82
30.68071919770572,125.08919059661395,16.809232237765336,4.38408218223355,44.52343537085361,129.91687700181066,17.39467116635587,69.10114771399046,98.53
41.42109635250157,30.745287997139272,9.98615436302417,53.275257928632655,56.103542886928096,279.0120420243133,94.67586589412885,52.54095529477442,95.03
23.83061827251012,313.72101595122257,8.647103019971357,89.64847691652321,99.48893452662229,104.89778693803953,72.83921420510163,42.637010383900495,97.04
24.74638524494456,189.2097788780558,19.552424669998047,72.44976136243925,55.34240466396641,87.07250918763077,77.91538864886125,28.47625009532763,92.45
59.73006962997558,6.373800810800301,16.911751646286543,37.43230577784662,36.6938331979849,115.51194656270513,27.95901498434741,25.688439442613678,83.78
6.245573286756601,427.7332472843004,15.468860630404436,79.45556284449641,58.719429082933615,175.25482446459796,60.90853876529978,59.95678349781542,84.89
22.47649648431174,393.4137054473259,17.171340550402846,79.14057523860366,75.54636830953555,203.3171549226137,33.97958022028105,34.06314661351541,83.73
35.4911288791147,91.30062616799317,2.836538043357495,58.602147977985354,61.687929320214906,64.09367788254339,68.23114873978516,96.5725359382334,94.2
23.13379827294324,109.85081647483153,5.470215204699713,43.712761499427,57.11987544756896,212.00084070439829,47.95013001077404,52.66589461039183,100.0
13.33529606121554,244.5021847944111,14.161441634703042,74.16252654087543,94.34141399267232,207.17340466337853,28.52260284649385,40.79820765335786,100.0
0.27752643359101326,97.63549422308748,3.841447932217279,38.478999649046955,63.98362617646547,166.5622220032158,7.974583505567812,92.49873677725202,100.0
12.008796295193157,912.0509258398998,18.018171902378743,13.57565176389216,59.90495708365911,272.3888953970609,98.97502771850091,51.87780319983081,83.74
66.08373994364771,232.82779527676246,5.383527941861033,81.4139762794805,92.32015556942953,222.85987116244232,61.950047652229046,66.71232117621287,80.31
15.124790847011592,201.06693093545957,9.402109070579778,71.07270279836435,30.46779616532721,155.81667977716984,51.96201238819188,98.60494063148656,88.1
38.06293624009855,24.793022402489484,6.42031129418138,76.27203824448682,88.93365984678209,21.510687539572636,11.362820924065387,68.97218155632729,90.21
23.954451133760912,85.32377663481749,2.095308205220947,44.22776026336778,43.21344780477163,89.50844698766869,91.47207213767058,32.948038102420185,98.31
42.660174065918234,173.4649321472942,16.571512862110904,49.4404243407422,42.856278314355144,60.227442671265784,34.136631703271014,65.39484717497584,82.79
9.468634240209894,458.64972684933315,1.1980597782809133,5.413159182064053,61.80346707565382,240.66108432301547,74.47026907255324,88.88336965467181,88.94
62.252062955874266,256.4846146137375,18.536859218734524,67.75481583264865,98.46796506261718,286.0724385522626,69.86231467519166,30.54041465275935,84.65
67.76714240336533,203.39958515091672,2.80729795371375,7.444474496962816,69.04142981822497,234.22445082608257,34.6673344780888,86.49989321393488,80.74
18.21190117561775,325.84888629688345,4.6064096224591955,88.95224842686136,60.711638695652056,221.3138920729103,81.26217809043612,35.850346006520255,83.37
43.24121273884233,95.13044819601302,6.4270690774428925,9.268576981391174,92.72716446799006,224.67164793678973,24.107818192952692,99.01840232063282,92.66
26.26726292414804,29.263262679032344,17.478839847717474,53.18200377886346,64.55924464924932,271.8194924909936,7.023600543494712,98.58864039116739,100.0
18.76892168407619,143.83530885431674,0.2380105729910431,52.92681875890105,93.02410229377058,129.027961725813,77.48411240168157,36.82989270011983,100.0
63.14419239949211,71.97126045904778,1.3677364073820364,66.25635915375815,48.02202659451441,254.9920042325593,18.64925097087413,85.33710236760297,83.0
45.807122808503976,387.0203296712103,14.922889449651311,29.786947110349125,95.79627849629738,63.956772380117876,99.35660297836706,93.04995009405135,87.62
27.397153044561783,197.00958004766102,13.809713147228708,54.146094032194355,78.16223760124441,62.42785923961658,59.86536302903478,71.15548683858728,98.05
25.27729239006754,249.97094504942595,7.470298430827627,66.96860420573692,74.9670773535774,239.62965577715124,70.02661447378706,33.01077317339447,98.39
3.024175884653646,926.6012381520037,19.2924007637003,23.515303357973572,76.85858592425802,205.3931730275125,4.371970536504,71.26208782761512,83.73
22.574393683783534,58.99689115825901,0.038413426956573904,14.088357181966893,97.44730760048533,101.36639559523275,11.876136604439258,79.53490191854554,99.58
4.068811816634144,183.6352073911629,6.217493353494829,46.858082557523225,93.60451184701407,229.2325615584666,5.9967188200818144,41.1584098116186,100.0
13.770103591496529,183.9134462127624,16.532529609055867,5.052344599084901,12.762538563909875,175.50433255537135,14.17460530689697,51.69406649462367,84.65
19.392914326949086,36.040993672157626,4.860492718759202,9.611103054510684,78.00657621863216,290.95317582458404,28.404473091364558,61.89624322136738,100.0
1.5922916085847505,212.89166607906395,8.460207981435651,18.63082080708637,77.91180043954789,127.07730901952085,30.243000740887428,92.24995639251509,100.0
60.917160267395545,183.51838808772757,7.6731589570467555,72.75425694304761,83.55547166295388,49.91187830913668,91.60762525730439,38.607571639192656,80.21
5.443813302104516,426.2386702500167,8.652124822246643,1.842182436905404,74.79172085011211,115.96254013873187,25.015336704706392,53.333306135041276,97.52
21.224508659883877,363.01127963237144,0.6057301722604547,65.04032025658336,75.21660124106617,47.591287636152614,7.242042077765376,31.031947455747932,84.21
1.447815064689928,481.68460874931793,9.560443665443529,84.10950054158079,72.68978950982049,202.81213329703886,97.24423830757351,39.41627704602702,87.62
62.374122358058074,13.787855572369722,0.41402018411358377,6.117317857260218,34.3410162771537,231.16527077739678,78.95590954596557,45.67528429480733,83.25
17.470327138955255,448.0550671792657,0.25769859464170874,22.12406310588585,97.36423693301668,62.80729482463787,2.0966575222450157,56.46644000185982,96.09
2.4792266452823064,96.23427452538469,10.425100836306555,93.58391995837968,15.580760212193168,231.57166468440582,71.81494464991458,46.166870707474736,98.59
22.395367141038115,78.53613040119556,13.242560595308394,28.049121054775117,26.056175927375158,166.81238959587697,67.2760698490222,91.02357876686276,98.98
20.375119221859862,70.92022340479964,7.397378201225635,6.611222421037743,70.51560403731139,92.15913221426175,55.49055202361808,58.29775871662808,100.0
24.87685834720733,214.7563159843795,5.017513588215083,14.446189673590526,30.602726999721142,173.90416702239054,41.17554538109732,74.08645542190862,85.19
9.945586148792607,559.6030224776828,3.991566623359055,41.595369930007884,90.06059353741149,38.61115934926607,10.291857000251149,35.27490849288836,84.35
62.97691585268822,128.26060679220785,3.918922883846654,36.98967019124208,80.26721474774328,96.66866691610309,4.954188309302254,78.56730423980395,81.11
8.137385060502634,511.69452204795584,10.188617352730178,82.45418383794217,70.558297051338,151.34515485627153,73.64574351791276,41.86055503102278,82.62
46.34867186830894,34.38574230955594,0.516992243830583,90.14521735747945,22.293586470691583,2.606975346485796,94.12630438570383,89.38840048936477,82.02
49.31632972310659,172.84848173517818,15.755358465178638,71.1899108898401,53.215829871854815,251.7345103654264,81.57919249333783,43.46129496535643,84.9
8.748848859551096,47.093901341539905,16.53771832839518,63.55651564656578,73.8505273046564,10.363142564034478,84.32243675824148,22.811151823195715,100.0
63.313923255225944,45.06477909737194,11.520237206457962,75.66717221543655,94.19042779808491,203.06864988780427,6.613625193908501,67.13183304233522,80.9
9.959881095959233,141.04229499392173,2.173607531541477,37.81840608977441,67.89169668624933,30.73254349058896,80.345745092754,42.22286136729575,100.0
34.37117810820279,342.81783115011234,8.325135318884168,37.787476869749334,94.86187526719502,73.3049138056906,8.820507840113557,99.138190341872,94.23
8.622785591796022,398.9116225860662,6.718360976478099,77.80504268025086,95.95670569498034,117.32091735566152,85.19548035660391,92.39316313880506,97.91
5.911592093270501,876.2771658225806,16.022574184463245,36.88129206728627,64.45502790754132,287.9161785231682,71.87269013847035,56.32622340200139,85.36
51.608951402359835,254.01132649123792,12.70798337846849,36.58611021851005,60.36492217447667,18.517152199151397,81.56617901069086,99.64259480112295,80.45
37.92864813894792,63.634162799034,4.835107028584062,93.91211029024194,97.58222494068835,271.016952321129,81.03584530001811,25.42059114192928,93.89
1.7684806988437218,322.8488535706001,4.935068789203223,49.815607015467336,94.94702517290277,13.460938841529767,46.03372602525829,99.9058897579855,100.0
19.263669656555727,57.310982723693286,4.4063156740783205,98.75676798557058,78.87309551650621,41.41324794222933,9.585424138978826,64.72722201945872,100.0
3.0189907440283603,680.6863747080594,5.777220691393847,36.70737517769861,68.57353253033737,54.303121453889716,45.89315886548133,40.2769610275621,80.37
8.27720913861979,573.805369035154,7.733483273920538,50.0746763153424,66.14645842203085,81.76712117458452,21.722264620875208,41.913862637348444,80.14
5.243783421808235,356.9720106284866,13.492682990997917,64.30191734469952,43.51983209963384,202.42194535267964,46.05620520001177,39.537852493159,86.54
13.615707514175579,317.1982186150419,13.657280176784358,48.34332608188302,69.09646301851463,123.43144194114375,5.464252220102028,82.83290792039436,96.05
28.39656951802364,269.60831125953456,11.952740792038618,88.38259655660927,55.77087467528769,276.4304617326077,77.27367432088842,68.35383452960279,83.95
13.399257406230259,371.1502247070767,5.398492928128384,26.334135558986027,90.44675905371797,187.04503615618273,10.400627503199011,72.27559492699282,100.0
34.59784587839927,1.9551390287687598,1.6887615726540073,13.189274127878948,55.90681328281789,245.22107463817255,65.91814724964892,63.82092169627161,97.43
26.776519241468343,316.2661208341645,4.560754747122386,51.092295010979186,55.029524220156226,275.43624932625363,83.7475783472297,88.06862911334366,84.24
28.927946154688833,94.32238350180222,15.521026558801355,29.590697971112856,83.9098280002533,178.2590564286749,25.57070663530864,20.946430474939916,99.68
63.434751749234174,152.6852437158197,8.693602029001834,43.47803192719534,86.9628126943388,124.4515013084574,67.44116175666726,51.4240748697021,81.59
13.12907250559261,853.8436830676371,15.498736246166455,41.35290431294833,49.345739141019415,99.34497429045031,2.001050318716746,80.83898824725694,81.63
68.69579620481787,42.73628766467608,13.752305447391288,90.03567490381587,71.93573658424405,240.7177154758613,49.165318847234985,94.13129302011826,80.08
33.11863826802966,108.28951462843494,1.9963808337384314,34.76139151213253,54.11351267648923,142.6423658558792,99.57940630252486,64.53283006755356,96.62
21.128822728793196,1.549118429474583,12.178313134551445,58.03193040436988,40.906085254495785,189.61324205225927,86.69495597016838,23.26184347502256,100.0
42.26823100082243,242.60534408136536,5.752287736359396,17.591832108654348,50.807719764219115,232.626959476413,87.23649031450769,61.773061492820986,85.81
23.690018809031454,44.36532345645261,9.29662215013838,1.7139569126729426,25.287635193738524,182.06840432230155,8.816950397699763,96.86612806817433,100.0
3.667154129724459,753.4963637540834,2.549842283566739,53.84162151704152,51.80292046862955,185.94643259487742,67.04947263012987,91.26860826568164,86.19
51.130500940686666,121.8937348201804,10.650907704359502,51.796243208379934,55.3579902056571,197.73040628683168,81.51759472810272,35.32631670649957,87.9
46.885154207015404,364.7535812316577,9.051233795021997,70.20780889501944,96.79493537455328,254.53082382723713,80.25015170509259,35.57830510364514,85.96
4.830823054736233,231.91326255831802,7.637399535669742,13.531194690385984,51.69961985548588,158.89402986247435,77.2135406868467,74.90653700409055,100.0
52.42391153307583,339.88385795618825,10.112865069590493,15.677346224983568,88.01029676790797,65.76886170179009,14.392882676169682,55.342589911815296,85.77
53.354332964907655,85.5290387697446,9.62295868187769,28.693690645225967,32.2188131386011,61.06343585823515,44.96728495878721,58.71277875888329,83.46
16.904006231414627,181.71615817379018,11.334002638059093,91.20881432438756,77.35992204306068,293.0517345923207,27.301364557643893,26.931163480034684,100.0
45.29728499725574,153.05136544029074,4.510462558880857,64.3043269013932,47.70656654009658,15.117955883419576,66.97511544690535,52.42985595424082,82.43
31.353804289026055,198.17146401002572,14.48436217021647,50.901520756334904,98.12619131765892,80.36772099042999,14.506226500153884,48.588281319187914,97.3
7.729829454338288,650.117385192243,3.8248135273698303,97.23826087748743,36.31545218974601,124.36868140053514,78.88943014970327,64.5756406780667,82.75
31.806068572526968,430.4008633545662,2.1436253767043945,30.394364868406953,69.84439311353712,259.98622830160457,31.16435693881113,99.80930577379621,81.03
14.49270702241603,976.7079953062256,0.524280210233885,77.19250933949795,60.268239491598266,195.65084042157,75.84176066434559,23.358141075300118,84.58
5.079755334484615,820.1617601511324,12.075445605203006,28.167150383734896,58.15323853845524,176.367672062388,37.7778947535236,29.235281206810775,83.44
45.59823354217992,175.94160812782457,2.780057208704434,4.627312904120052,76.87381108760223,299.95236401074567,45.842633031202894,89.48656991176817,92.83
37.3026432934804,111.534760382197,6.035313002620734,71.24663876231017,86.19650044015971,282.9500243962262,28.8999759920908,36.93091529272487,95.89
34.97951534346805,331.2941639478597,16.104494823549885,10.078939934019548,71.23330229204554,198.6355079296893,97.62725876841552,51.609139298131254,91.87
41.83756114765791,309.2223753405822,10.812282922237127,58.003371837176175,85.56106891542899,186.63880670105215,43.27560109657932,26.816642112267424,89.28
0.005760704143586981,706.3922474415774,13.600134634014383,98.46491952477996,55.696654378867606,96.15304895618016,11.541388237374505,66.47838744233727,86.7
56.91199488287655,320.4253677540795,17.033257818624847,11.788379508738156,88.83439003058527,37.07260432828863,47.02376947852329,87.41254289685625,84.02
4.792826187097498,253.97325597493568,19.176897642960157,15.556349369426126,58.24362454419444,231.76437671073145,50.31438945571636,24.796351850586866,100.0
36.5897864769099,171.49584581686906,15.943570562555164,48.22604213007398,41.133813992859736,223.6011801619462,81.37318622481541,47.67953514386285,86.99
18.447356259758905,174.4372406295489,16.93061991768837,80.48664277125717,23.38091728713112,186.64683453888887,64.39276038864529,69.1665515710906,88.18
43.551340264000906,87.03023745508187,3.830063082968338,26.036562652904806,19.17518653491784,171.50747689861146,89.4236161541792,95.87325132561809,81.68
26.383275434612663,156.1864496911769,5.706774463692521,52.31746537422354,12.740187097822231,107.6183551465646,44.21627187106131,70.63947139698143,80.66
22.0266472890177,100.37476225119812,0.8911914852734348,73.70691595439851,84.78416025467189,134.58137555274007,61.31662937312805,58.22490488023273,100.0
8.855439926304697,514.6052453521559,19.88466377470195,89.1236519461658,55.89679682487395,230.37015708431142,9.287170603540073,71.43993766609721,83.35
37.8265092173182,141.01203377671,9.548111740165965,85.37409872668213,54.30718846687863,76.69726677887323,87.2960615457724,77.39174102122891,89.61
46.92010589609378,221.21481190598192,8.501205213054098,18.061714355859372,47.928912499485,3.5644394380660582,7.593066130122095,69.76356401110158,80.63
10.908698020875573,517.4063132584315,5.855583262308284,44.770887478608856,30.58802152385408,203.80157646549924,24.77201947523502,93.76277931465327,81.2
10.054134715529162,296.0478001304051,1.8092008650636204,22.35087408974873,33.96059581856703,43.20937423452342,43.39796918954515,78.8386183692607,84.47
8.619481187643752,248.10659789952837,7.841878198880259,97.34012877869868,97.9151221897535,289.2930082505294,26.448011019234063,33.555104059657175,100.0
42.88762327038066,295.89441044005116,11.148646502939208,12.287673110806441,65.00476615031877,184.70450524627014,72.49874545177055,41.64936525239642,87.17
11.261993005191261,172.09483755273735,12.805429309470217,82.86503642694682,10.910067048951166,246.34424977058234,58.61874945409992,92.28651504955786,89.28
26.188617083153886,354.5072374487972,18.55021004114802,40.9471423555546,99.99119925160367,38.02090535305558,61.60471680870212,63.95641581184199,98.34
53.58617626402514,285.93080130949113,17.137107207630475,99.23239198891821,89.91084064281661,97.98112388876645,39.529410321668514,35.74972223773935,81.09
17.88494117013355,580.9892596153816,7.7337531906212735,81.65430541744007,87.21836480937117,261.0813858989371,14.209483193055528,88.68859280683695,80.38
39.60418666354323,483.20006624801016,5.110935262349592,16.55958841039964,96.38978701999281,52.72251972670139,30.52193133086376,46.29138264829465,82.53
28.864372286196183,256.2095687835997,18.428359881540224,6.032347988122844,33.89114061729851,238.00939163016065,77.88044918530332,47.00679223308998,82.86
27.391133999622873,71.72077504659835,13.231026552103852,99.07969940474042,41.03525567087763,283.8069765790694,32.02707397938646,31.88252996669793,97.04
6.107735717473128,311.9758111106784,16.554566494852352,19.248547335806244,27.662991558932703,278.2014188617303,33.5796565610705,95.22619039766175,89.68
47.757633425801615,76.98226682376108,7.053955476123042,10.946618936132147,70.83375964894681,288.12196490023956,6.340786566441681,77.30321185503882,91.82
47.54061117261716,248.80200452224875,13.28414410699662,9.878754795996269,67.9993837967487,151.49770641078308,93.42089204418772,56.248530883115066,90.22
59.122847311166396,301.011302162567,8.543499404508525,69.27368979742805,84.52342107109912,292.56438302315,97.20503894553794,35.00255756585622,81.61
34.08246243001928,234.4582253270887,15.472636683992613,9.601842919717063,82.75518674347597,87.81758452752841,97.49967692121393,85.301004338557,96.11
1.5293368684202502,160.5187703440325,9.315657930844367,46.08105483732411,83.7727903342261,58.30107785180005,20.48457796654416,51.126074123312364,100.0
34.70642416815824,29.947920989367937,13.241220129388054,98.67221938972457,21.264061678898937,238.10522511671684,16.08760072438018,70.17502418356938,91.55
25.86902825682601,289.60516364500245,15.621007566796386,94.15328877833069,82.58745526168583,253.12078346540247,67.40462603601135,36.05640557699098,94.22
2.2691091833332067,463.7207577275828,19.056309773147674,27.211454670542178,81.9252883869124,106.78172923584783,31.594722843836198,40.44679455574613,95.57
18.408180137702036,552.776770858464,8.69544458727911,19.200455362096303,98.10569370955477,65.45017768851736,52.92325597583461,47.33186204803182,87.51
4.199471766767071,181.8735696964253,9.471442460171819,3.1515092824602298,39.4424943429486,232.52724611130216,58.761036732740415,25.03783237546284,100.0
8.111055244940502,247.06593614610583,15.521358315448797,61.415490847693555,72.09335197475326,284.7781185617018,55.38210079583096,73.35167621634687,100.0
42.25560300511234,242.38016466956958,15.375990237345382,60.49620794960147,59.15274023313556,273.0123876949935,70.13964271766861,96.42162251457587,87.0
0.8040309720733996,815.4088951806889,9.874333633477105,43.797896179890984,44.96825105747324,98.73406492694026,67.13544187284832,64.86327462516425,83.57
14.131604236503225,76.53684909731417,11.576655889118559,8.265401180406961,15.787297298950776,81.6134534106,14.604521532031944,84.8776700078034,93.73
36.37151873917639,68.7433288662176,8.539695300375193,61.50265807396106,88.41324520131579,212.91059030628367,66.98572580015754,92.46671024905227,95.15
60.800806686264494,137.46169503136375,6.489154900317551,0.5582569804581605,60.491896866203035,216.32675670672185,86.65787643796324,84.47213365542117,84.17
6.1663757211295795,708.441397084697,11.825383006227842,24.26756446354219,50.85809700082466,152.20748205510003,53.11540680694235,55.54157842468776,82.52
30.346685635484207,27.11976700844032,13.284592886611524,45.373405981490876,63.18204192841282,52.83322323516837,60.52940487616137,86.67773781244442,97.27
29.03366527421891,443.87738079670316,13.182381581603897,6.851544080013417,81.68486256787139,3.1264160736416136,98.6644723771288,92.10458967602226,86.75
8.615427709533785,58.890090329610125,6.0058089309037666,88.72658377962621,72.31787679903778,109.49908892096438,90.14722814568444,27.038225292163595,100.0
11.404866702288196,87.5890466735364,11.502500618045374,16.256857194356677,38.46347402836155,276.845078052816,51.77186144248367,71.89429710799666,100.0
7.81825506766336,182.5264081842931,12.555512959412262,65.90558314493668,40.684465016522864,262.10066381289596,65.3751897784401,47.31079529390125,97.5
1.1681842960928446,762.9360001216513,12.638718707975915,22.859423332919437,77.06900354786188,145.56159561192118,3.52340045450239,27.592940972930595,82.63
22.76153410708548,478.95962779927123,14.051449199472088,65.57095896144718,81.64472165671421,153.66784192163817,41.77979237648317,77.7461875279451,80.71
52.72847611450163,130.58279064614086,17.232994013442703,85.72566339068571,88.23570688765417,85.81772796584919,28.85174629092251,35.37931054004244,85.62
10.973798283525937,926.7272169346576,10.587837588046312,52.93177892763205,60.64676831100094,162.6970279555795,64.98312811323693,20.491684811009687,83.38
61.699377898550935,36.4538782549223,8.953209940607486,51.00008000910646,49.99505698741211,46.52471439519723,76.86947857912138,27.635571317945082,81.03
8.8466918549703,352.01376813855944,4.8591569885495955,46.32453514093031,66.2593374838959,282.52038494488454,60.99904517535701,60.88597873669404,95.45
47.35892815611103,250.39136110251735,3.06679056622553,94.66175571677495,98.6043693879156,49.11659738369789,34.50922785923542,97.4813846161157,86.4
13.365178563708646,251.3281806705524,10.600863516353588,36.800385091834066,99.34777251311601,91.41197704554183,24.721862874288526,33.142811891433894,100.0
57.50336826423609,142.68570250880353,10.332786858974552,79.89196279004099,81.5153799919558,95.71323891712824,40.68053612896685,62.644540280466515,83.18
6.237240959210732,651.0019885107073,3.799647586836219,16.774627653032038,58.64483452585414,200.04292923733001,51.32389493653032,44.49223736635542,81.09
3.7987114236473385,651.262580785425,10.590651338601376,11.408589376562606,40.33115949223208,221.35031958056305,79.13740979005152,94.48348725549907,84.77
2.5483279628301325,115.5665529166452,7.5276483460193555,96.05258965963793,20.57959493262921,199.37382601519295,51.43582257866331,24.29771390678214,96.89
65.66512302225136,260.02941379169,18.731212031365928,51.7491756794434,92.20758890003017,107.11457137072556,78.5412560176659,83.02325993608856,80.7
2.8989836079499787,67.45853894375253,19.502254850391832,29.273535439469278,43.6068079161007,24.60899054153609,89.59572503100024,31.30870838960461,100.0
40.03166722518128,89.05056499004382,3.844500682362584,33.546663633271955,28.15050684951418,58.37654588674823,23.54466191748008,50.808064238207976,85.34
14.810737382825657,271.92896452922236,18.685473785539997,27.072264225145837,28.69003965867637,164.51872936370228,22.786965412684125,97.48751240075723,85.87
11.57761605132459,999.634956141317,12.157244683314715,28.82893589723282,72.17409351880556,147.6777324568793,75.4070865557547,55.39881717747264,80.44
20.82120834522736,262.91552801570197,0.8520967038294747,35.021308796910645,51.52741318451846,82.99042429107983,84.81371884711747,35.81782006623519,87.23
38.680255429547685,83.30389035861707,9.024523300008436,28.995038400139517,56.31763283370829,260.3367722408424,4.332039971111213,96.53048233045934,96.06
4.9112910936587095,140.72352412770283,2.650087191136097,80.81986610851077,99.5083726780383,237.125742917219,19.688845909758466,50.89208518922848,100.0
2.094085332897899,854.4198762372565,2.4074153408214283,47.635546395971076,75.68804247065498,234.6292282193404,19.645331414739786,35.37398642784382,82.68
3.29995423675864,288.8362794000614,0.9066506467500624,93.52624137500759,12.643453092078882,240.40456594962757,66.00997044436497,53.08476494825889,84.8
15.653548419380659,452.183055915131,12.346786551433453,29.279974821105515,99.8243005698459,107.01670496374128,76.1939235895893,38.97551509995615,97.72
29.281596746392434,245.40929095666397,7.623912796656063,43.34812275356909,26.97074517165815,276.4696786487697,24.69960048418428,87.33341079264754,80.64
11.856631916412574,820.6412724141001,9.515488345260515,14.519592360554833,58.31068532215388,230.6942983085113,75.6066133173468,87.55188810296188,81.26
41.3087393879526,94.344735583471,8.624032446855301,69.07034534499438,38.53532922617578,206.99736003454183,57.55943465152431,72.04985418720102,90.17
1.9158493545527344,72.82130106229378,8.249211713118033,96.34797982519716,88.92127560259155,52.476971657917204,2.19608548319552,47.779668244413635,100.0
5.300235959080235,61.318417789288596,13.493240312697663,36.036738022253104,22.821829938204775,67.23197684777249,18.245446456357882,22.61028654226522,100.0
15.193687565766167,156.03457104707186,9.005833962000642,33.922996331997425,59.47619029577182,230.0824049249647,67.78489451867043,91.30839735284952,100.0
25.299164043138255,31.85531725132018,10.134218025827302,9.275846908160846,22.87291957319476,159.06086807904995,35.977065645112646,56.87091713334364,99.32
46.03568099115487,305.052713914867,2.6624854012755828,55.51974078949179,68.36098689802395,293.48927916270173,80.23866608330844,20.233009899480116,80.52
39.59136099804247,133.50232210255763,11.41366571939969,96.00334258162987,46.35522798097795,103.7401103994604,93.79925960400989,87.53979640710868,86.17
43.39637517077427,115.5663359393485,8.4698346321596,98.29604978799621,64.84240068043721,277.6820897843171,99.15408013663937,81.45468239882314,91.53
1.6774272055397055,103.89649385658251,15.375672818792541,15.278102641676728,37.89727851186686,251.27280425757624,43.68396477100933,45.88174649254582,100.0
43.61624020207371,87.4835970673885,0.7233578034259724,73.24216300107953,45.944122563199954,244.39199952713898,91.84499854757033,45.38154736398742,89.9
9.57422205593943,764.4169576608971,5.045260279680075,7.408706163819801,99.70179342117062,186.10028468701367,30.15411407704749,94.28790076910195,83.76
10.198141838846887,344.5193500430591,11.645613918522624,54.54996078012749,53.0306329568639,271.29493914540114,96.5869869756004,64.23645565884804,88.46
16.034321928823992,88.72945298060874,16.30393639468585,76.27613124811435,93.91531354704358,169.09730094208297,68.28276466861475,21.988854061835106,100.0
8.684619770117575,585.9944864910675,11.073781924518167,66.79431085078463,65.7967796706327,111.09937362316835,55.502643940162436,52.013259099328415,80.28
6.341959721506463,454.98659941249485,2.0419134773246195,92.79451825483456,95.04652161691811,223.2974606113043,14.987860936322361,30.911350786140233,91.34
59.7814309640709,168.02911916750173,7.515489780132789,48.779833870252396,78.58137898275429,254.43172054999806,77.56122719767298,23.267871061106273,85.11
9.75551637460259,53.7206453361202,5.997676317105272,24.981002568009036,34.80106288929336,95.31416778968926,28.66534499186827,60.43554652257644,100.0
32.83594181718078,292.1429210507709,19.980005093370046,80.0694782493484,60.339820377083775,256.9103376062044,94.61340813353806,99.60257669321761,83.61
58.22737731896527,175.14188508004293,3.608002018417411,35.276402076206416,80.56411180642871,280.39404962492574,51.77419869170402,63.18382263935787,86.26
6.20650427394912,392.8416592884956,0.6051066330598376,90.11252897826397,48.31988513219353,127.37903137030082,95.08148200128377,73.49264446656773,83.14
19.33757066795504,343.8882204232284,2.8176780992060224,31.459749979197216,48.80177792607627,190.23445115920902,81.7887691437171,47.31094989608661,82.49
1.159866826263889,681.1474062619156,9.280058940494474,0.9671229760412126,89.01201590776725,227.1949631971083,22.426250330863784,56.443148280299276,89.43
31.12413333423779,165.75542946286248,6.57760989486701,79.13000879799638,79.41450249969334,52.982139828409494,22.270748419614193,50.526623276901546,94.54
15.468042142511196,298.05421155137293,18.322362271564273,82.90430041066492,18.602295119902866,3.117406546582102,23.14257434585736,35.329418220989446,82.56
55.58017164460605,182.64653883121073,1.0963583178958514,3.6095965459809753,60.451128830676424,243.33486061900356,97.38938623565274,44.01127901372874,86.87
42.14996561286697,67.44868041152374,7.663214898444304,85.45877381565437,38.76456879921989,60.55521750669446,12.774273106666524,38.01170032706642,86.55
35.98675114021884,36.49846668159184,4.1924386331594565,38.25828381006937,70.84150977656223,11.308991634847443,81.6075137770287,61.21781400694344,92.69
39.003285387203825,154.38287967003274,8.703428666514256,53.686944126419235,47.380279574705,42.75717837929571,44.09369126150374,93.92765715965933,88.67
22.85117281451534,292.73970868179464,14.916334152883104,34.33115251441353,95.57755478816887,146.19526270450024,19.005041592826288,98.25807854689424,100.0
34.46698988006022,76.59730997544901,4.43773411168662,89.4659066917024,83.21542103773712,34.7055776419708,94.18170297747533,40.85547032022632,92.49
0.9244551920740474,179.826666366545,13.618589653188007,53.861308662617624,31.33597781963926,101.23422706048912,27.21074503489248,59.27535368974943,95.73
10.787945602171122,361.5310678797835,19.526233237424485,51.6181695919416,92.69665580989819,257.569104828928,2.5798691481759506,31.51979013628882,100.0
19.005434945234335,130.87263361589507,11.701075777568882,7.067030234488625,20.070192498453675,281.74464326656556,12.846259106817925,34.542293344599656,91.27
5.763732743525107,311.0817490203375,19.762931501643312,96.85892287251954,60.20734417996634,104.83948304213064,27.395548409969706,70.4801186849063,89.76
62.25937379396645,375.4871183799363,9.16580790383944,5.822037482090858,76.94882329763819,293.7156787045504,36.75843285548688,97.32622096762077,80.55
53.496582466755314,58.300392743540264,15.699874000967263,30.68445635642304,67.38056259976777,254.1905826502997,49.561835229065686,27.895280066351773,88.96
4.032089748562884,952.7569966446548,13.016625541111138,53.256680732783224,76.5524909769486,37.495824862767144,66.78947686684444,66.79980641592779,81.06
1.8799193601423347,869.7470640998902,14.56317457070898,53.11203380895356,65.37337940219008,294.3499401059992,76.87981527424917,61.36926852069773,87.61
25.792847630156047,165.18751441377245,1.127710719495667,92.53854288685186,22.0076559018491,187.4356462495863,63.15638757058203,66.34802422751069,84.06
2.8665588252117624,70.88012338247896,8.74321305512521,14.338466402537254,34.45759549351776,52.45524348609132,26.995887625498415,23.46552311688456,100.0
8.312115796375409,274.97449942588383,17.732913045444544,18.282368814421844,62.79455680162614,114.88338415287281,72.80630172696834,45.77816226563066,100.0
4.0038480823388785,47.69254084322816,17.384640136017225,24.019452335612733,89.27057012898278,49.55008719706322,50.19673306343435,21.750802282934494,100.0
21.160631774850614,210.14987688134678,17.55161051221673,65.06588653181038,39.1737281985359,97.43582293022313,20.003128838697283,58.37000500284934,84.94
30.992867420867043,114.12013134270404,8.033382235692354,84.56828256996457,45.75213390581111,111.8213337559999,73.15774395332966,64.92854670196783,92.54
22.176642371967237,70.96259085405954,16.794515374010686,27.240623123137397,93.24328898853574,112.91837903950619,28.773376478879875,37.07788584171687,100.0
38.9934756198741,22.014397782240124,17.893683872834732,11.261095306558545,58.273212593587054,170.41711880188026,78.0692867341568,60.47736391840729,95.06
32.06594600725546,454.0064351081022,3.054291972510037,66.1356799611877,93.44888358444292,258.78221901644747,87.59570223440355,80.45849463941586,83.98
59.035054894664995,161.67470070619794,8.539522791497124,38.799874649551484,87.07695817177641,83.32543437845108,60.23020131157385,56.77761677268809,83.15
2.788190568637783,93.94885442407386,17.349231939187703,64.59437866012192,83.44140999017365,101.75475464374895,87.65792748751282,81.37000905937906,100.0
10.511371254497526,129.95358331686157,7.547848951246472,71.98384829965025,68.73754153622532,179.5489489483153,48.606615740685335,55.086992743884025,100.0
0.9541316720000803,47.27153199795786,18.251624157629,6.142983226043553,59.88407536070021,266.0030362374405,29.020191607383737,88.6346354692765,100.0
3.157855371554763,313.80838062041073,12.952922837770252,95.3623427123946,54.737835424080906,79.66713276567927,80.22884051239704,97.10174236734811,88.6
7.016416296125616,493.2373071598984,16.42238292788334,94.53002334765253,97.48041039889483,200.68791915189132,32.75614964358747,51.58249151029427,89.67
30.65835486432774,316.07912743343,10.414895960423188,46.395193137069434,53.915119442695804,190.52895302158512,43.96877573113235,62.866366569898815,80.37
3.267225134343421,506.348328101325,4.401855726224735,12.64779084562736,43.843198434604005,132.30845655949463,83.13046148772587,28.328203593949315,82.33
31.367802560927927,216.25513107907523,10.984476975750612,48.66115312163634,99.99286122896733,288.5826743477686,92.56985060353597,32.98343097263356,100.0
45.50172413628495,108.88362767601333,16.55744291145229,22.122086124683303,47.122599534571144,196.2516026504829,95.79118330672391,70.67529375614797,92.12
16.15369053924953,526.2784815029884,1.7355004290902754,86.84868735783569,99.18371965659044,75.3457854452173,59.79114738376816,59.951534428518244,81.64
23.304375542789057,79.4232103721404,4.792482933385978,52.682867263414494,89.40510974937807,262.5696034850923,8.781868133701076,98.90263443472654,100.0
19.342717659905507,325.29448621700675,0.32369099146427605,15.727127480412362,89.55191816853673,44.59654834045346,96.64644491213926,22.28192208176292,100.0
6.054709436308292,26.174815156734475,12.716285599981935,68.41170684503902,78.22257547273372,45.91855990163285,44.64387461655001,48.16305128546735,100.0
5.146087953335254,687.9667345953869,4.6009795619913145,2.16251280447326,78.6235151565906,40.890109009419476,77.61518331548511,35.454003280989426,80.64
17.48577513773314,386.0847768011122,13.922862135282676,10.356422091908346,58.5029541988515,264.94179537476015,19.19324617479744,96.07969181387665,89.88
61.89419609970134,150.5482031304807,4.1346616787312,83.85726883339527,88.41771043331718,105.90068435606258,19.81724085442307,60.73898710283097,80.86
63.357854493848855,85.9379940765912,7.022196477719078,7.527609462020301,78.64423207453866,108.9916055546124,77.54644003702835,25.975505711953897,81.29
13.234284757471782,207.9345812102249,10.225952754219625,93.77892070224512,15.649811049209305,277.5630285443963,49.894295522505516,34.67381157679621,91.74
4.927966984817511,708.6649063636233,16.87282553859046,74.41062996793046,53.39516338435995,215.4684846784599,13.074093839662225,35.05208452446672,85.44
49.339987652901094,254.13386895778788,0.1535888803768759,18.79215123604454,72.52986407233108,44.166413067284196,24.558557043805852,35.003067802672454,86.47
32.78329571769343,67.49933828532495,8.734605044570042,91.57581736248187,38.83783128150481,191.07212155428155,69.38153607506324,95.19525025501915,94.7
14.10359558911689,2.9344934220894014,5.839885540791212,56.913561010011534,54.87995587746845,100.8143131178586,59.953998261770906,53.311687202702075,100.0
80.94541156433996,1.1526471905165536,15.46692226967079,54.216179293557644,28.8148807427543,291.82112158536574,58.74487514115152,47.721572943502906,80.38
15.756775528712662,40.85411580744469,18.364864647057765,75.33695337774951,20.430993079695735,232.14906488952926,93.82484598635263,42.840749175318685,98.63
0.21121563758091932,147.8079661755044,6.787374604266105,66.50177745949868,50.10349620139376,249.0789518071842,14.3591150319345,69.9585163227101,100.0
53.3952277072784,236.18868190494092,15.0692406889401,28.780489412677046,86.92412633559545,15.156601489328736,0.1654285612971651,92.74287531321274,85.32
10.558774760700928,965.1009326705773,9.330353696641058,31.79393854647148,72.3447129532408,235.44581070113136,0.6020206662282979,28.461265193196972,80.84
39.99236491704708,164.81335978256405,19.171370265255906,99.16798160139506,48.62058091322764,264.4699528817782,94.06723749765484,45.672723407055365,84.8
58.96901393149072,46.409489301110554,3.608116549957352,44.95431329509737,94.86369186972021,132.106491277161,37.24607151597464,91.66214875368897,81.87
10.06228273781219,490.88533085488996,13.486699447647021,3.917554722199179,31.929258068192034,240.16894589904902,39.36585638070393,98.15354305431818,81.92
25.707201574268133,33.035330455237435,4.9401285667979415,32.03182847031278,67.95947386921918,75.80827283788605,89.39133276587702,30.001030447226988,99.02
21.59283035132521,224.87300979356695,7.888057548446648,40.297999396859154,48.41603885357835,9.894708590336254,50.46175033344856,31.149053679910025,87.72
44.924835988610845,276.7798807491945,18.013919334768648,60.93837809202562,93.55209394774822,211.61144935421427,21.779586117052663,40.74670634503123,91.49
1.591888950718623,390.9721435996856,2.5812678474500417,92.87540594119534,26.467464256300175,24.696713577632146,36.4736207739901,28.182418039362407,87.84
34.321768578859725,167.9468332332036,2.459908726139537,72.46196141232247,82.37429715302491,39.04593733918671,71.52959914127086,46.677281677797765,93.03
9.151257234975919,252.2655793300076,15.834939798351687,44.177860173146755,16.968269203563114,278.3580343026204,24.857947269905058,29.755414523984925,88.36
37.13132540630676,59.26624644453759,3.373793191539609,15.380696559979501,17.909146423108226,141.65501242953016,5.647978390102237,27.85922638565081,82.85
34.1415553122159,199.86049416972628,17.169625285731925,38.56554416059884,78.3962710113002,294.4440225238675,23.570164539567774,78.8387565545103,99.34
15.761155968998885,563.1384959239546,4.2913835922197,81.18095064655168,98.18672734997435,174.34930591862198,22.23125195185708,70.7352212209488,82.61
22.536565463578885,17.44491946668414,15.973853388376035,92.88600449398952,79.91321553515294,268.80817513568513,22.26242804042664,59.3943718330252,100.0
0.8920827793456598,214.57243578390182,18.226133634507292,66.42212370323638,28.810367787356572,17.36729083360078,53.48260363689153,66.06194172856006,91.89
11.548516992146517,233.30158046523974,2.7121017460090213,18.041871704166212,57.0187435012212,276.55871174879576,54.80150021163364,86.82724174848373,100.0
4.68956926299694,271.50418297175537,13.428123997322539,50.959163649522345,78.45176434501894,195.68596688192298,47.02319576442204,72.8171383928856,100.0
29.024954777482826,393.1994952975729,2.660086175332177,15.587106841853938,58.463339917094906,208.44568379424578,97.87535170452931,56.727799810327184,80.3
13.269069532211653,444.8980335718843,11.564303002281484,92.93157311986104,47.666235836711536,127.8013791659931,44.43613712955007,76.14371264779378,80.03
