Timestamp,Target_Node,Query_Strategy,Rows_Scanned,Latency_ms,System_Status
2026-04-16 14:00:00.000,NODE_1230,COMPOSITE_BTREE_INDEX,4,0.237,FASTAPI_SYNC_SUCCESS
2026-04-16 14:00:00.049,NODE_0515,COMPOSITE_BTREE_INDEX,3,0.477,FASTAPI_SYNC_SUCCESS
2026-04-16 14:00:00.065,NODE_1931,COMPOSITE_BTREE_INDEX,3,0.686,FASTAPI_SYNC_SUCCESS
2026-04-16 14:00:00.052,NODE_1439,COMPOSITE_BTREE_INDEX,3,0.398,FASTAPI_SYNC_SUCCESS
2026-04-16 14:00:00.199,NODE_0178,COMPOSITE_BTREE_INDEX,4,0.309,FASTAPI_SYNC_SUCCESS
2026-04-16 14:00:00.128,NODE_1034,COMPOSITE_BTREE_INDEX,3,0.536,FASTAPI_SYNC_SUCCESS
2026-04-16 14:00:00.257,NODE_0256,COMPOSITE_BTREE_INDEX,4,0.308,FASTAPI_SYNC_SUCCESS
2026-04-16 14:00:00.335,NODE_0904,COMPOSITE_BTREE_INDEX,4,0.259,FASTAPI_SYNC_SUCCESS
2026-04-16 14:00:00.273,NODE_1294,COMPOSITE_BTREE_INDEX,3,0.72,FASTAPI_SYNC_SUCCESS
2026-04-16 14:00:00.412,NODE_1101,COMPOSITE_BTREE_INDEX,5,0.482,FASTAPI_SYNC_SUCCESS
2026-04-16 14:00:00.241,NODE_0993,COMPOSITE_BTREE_INDEX,3,0.426,FASTAPI_SYNC_SUCCESS
2026-04-16 14:00:00.322,NODE_0234,COMPOSITE_BTREE_INDEX,3,0.435,FASTAPI_SYNC_SUCCESS
2026-04-16 14:00:00.079,NODE_0258,COMPOSITE_BTREE_INDEX,3,0.545,FASTAPI_SYNC_SUCCESS
2026-04-16 14:00:00.578,NODE_1173,COMPOSITE_BTREE_INDEX,4,0.611,FASTAPI_SYNC_SUCCESS
2026-04-16 14:00:00.622,NODE_2013,COMPOSITE_BTREE_INDEX,5,0.331,FASTAPI_SYNC_SUCCESS
2026-04-16 14:00:00.440,NODE_0586,COMPOSITE_BTREE_INDEX,5,0.777,FASTAPI_SYNC_SUCCESS
2026-04-16 14:00:00.213,NODE_1385,COMPOSITE_BTREE_INDEX,4,0.215,FASTAPI_SYNC_SUCCESS
2026-04-16 14:00:00.487,NODE_0470,COMPOSITE_BTREE_INDEX,3,0.64,FASTAPI_SYNC_SUCCESS
2026-04-16 14:00:00.667,NODE_0738,COMPOSITE_BTREE_INDEX,5,0.731,FASTAPI_SYNC_SUCCESS
2026-04-16 14:00:00.660,NODE_1841,COMPOSITE_BTREE_INDEX,5,0.779,FASTAPI_SYNC_SUCCESS
2026-04-16 14:00:00.579,NODE_0419,COMPOSITE_BTREE_INDEX,5,0.457,FASTAPI_SYNC_SUCCESS
2026-04-16 14:00:00.169,NODE_0744,COMPOSITE_BTREE_INDEX,3,0.51,FASTAPI_SYNC_SUCCESS
2026-04-16 14:00:00.420,NODE_1144,COMPOSITE_BTREE_INDEX,3,0.405,FASTAPI_SYNC_SUCCESS
2026-04-16 14:00:00.356,NODE_2021,COMPOSITE_BTREE_INDEX,3,0.614,FASTAPI_SYNC_SUCCESS
2026-04-16 14:00:00.575,NODE_1966,COMPOSITE_BTREE_INDEX,3,0.279,FASTAPI_SYNC_SUCCESS
2026-04-16 14:00:01.023,NODE_1934,COMPOSITE_BTREE_INDEX,5,0.703,FASTAPI_SYNC_SUCCESS
2026-04-16 14:00:00.307,NODE_1897,COMPOSITE_BTREE_INDEX,3,0.375,FASTAPI_SYNC_SUCCESS
2026-04-16 14:00:00.733,NODE_1575,COMPOSITE_BTREE_INDEX,5,0.244,FASTAPI_SYNC_SUCCESS
2026-04-16 14:00:00.631,NODE_1659,COMPOSITE_BTREE_INDEX,3,0.582,FASTAPI_SYNC_SUCCESS
2026-04-16 14:00:01.076,NODE_0795,COMPOSITE_BTREE_INDEX,4,0.698,FASTAPI_SYNC_SUCCESS
2026-04-16 14:00:00.551,NODE_0055,COMPOSITE_BTREE_INDEX,5,0.225,FASTAPI_SYNC_SUCCESS
2026-04-16 14:00:00.819,NODE_1288,COMPOSITE_BTREE_INDEX,3,0.658,FASTAPI_SYNC_SUCCESS
2026-04-16 14:00:00.341,NODE_1116,COMPOSITE_BTREE_INDEX,4,0.537,FASTAPI_SYNC_SUCCESS
2026-04-16 14:00:01.619,NODE_0615,COMPOSITE_BTREE_INDEX,3,0.439,FASTAPI_SYNC_SUCCESS
2026-04-16 14:00:00.553,NODE_1955,COMPOSITE_BTREE_INDEX,4,0.734,FASTAPI_SYNC_SUCCESS
2026-04-16 14:00:00.579,NODE_1528,COMPOSITE_BTREE_INDEX,5,0.549,FASTAPI_SYNC_SUCCESS
2026-04-16 14:00:01.721,NODE_1862,COMPOSITE_BTREE_INDEX,4,0.263,FASTAPI_SYNC_SUCCESS
2026-04-16 14:00:01.502,NODE_1609,COMPOSITE_BTREE_INDEX,4,0.299,FASTAPI_SYNC_SUCCESS
2026-04-16 14:00:01.819,NODE_0843,COMPOSITE_BTREE_INDEX,3,0.608,FASTAPI_SYNC_SUCCESS
2026-04-16 14:00:01.827,NODE_0312,COMPOSITE_BTREE_INDEX,5,0.705,FASTAPI_SYNC_SUCCESS
2026-04-16 14:00:01.707,NODE_1410,COMPOSITE_BTREE_INDEX,3,0.632,FASTAPI_SYNC_SUCCESS
2026-04-16 14:00:01.305,NODE_0007,COMPOSITE_BTREE_INDEX,5,0.333,FASTAPI_SYNC_SUCCESS
2026-04-16 14:00:00.381,NODE_0590,COMPOSITE_BTREE_INDEX,4,0.522,FASTAPI_SYNC_SUCCESS
2026-04-16 14:00:00.766,NODE_0523,COMPOSITE_BTREE_INDEX,5,0.753,FASTAPI_SYNC_SUCCESS
2026-04-16 14:00:01.495,NODE_0892,COMPOSITE_BTREE_INDEX,4,0.557,FASTAPI_SYNC_SUCCESS
2026-04-16 14:00:01.781,NODE_0206,COMPOSITE_BTREE_INDEX,5,0.593,FASTAPI_SYNC_SUCCESS
2026-04-16 14:00:01.478,NODE_0459,COMPOSITE_BTREE_INDEX,4,0.227,FASTAPI_SYNC_SUCCESS
2026-04-16 14:00:00.756,NODE_0654,COMPOSITE_BTREE_INDEX,4,0.326,FASTAPI_SYNC_SUCCESS
2026-04-16 14:00:01.159,NODE_0332,COMPOSITE_BTREE_INDEX,5,0.228,FASTAPI_SYNC_SUCCESS
2026-04-16 14:00:00.676,NODE_1973,COMPOSITE_BTREE_INDEX,5,0.506,FASTAPI_SYNC_SUCCESS
2026-04-16 14:00:01.905,NODE_0538,COMPOSITE_BTREE_INDEX,5,0.438,FASTAPI_SYNC_SUCCESS
2026-04-16 14:00:01.956,NODE_1310,COMPOSITE_BTREE_INDEX,5,0.202,FASTAPI_SYNC_SUCCESS
2026-04-16 14:00:00.996,NODE_1793,COMPOSITE_BTREE_INDEX,4,0.324,FASTAPI_SYNC_SUCCESS
2026-04-16 14:00:01.062,NODE_0631,COMPOSITE_BTREE_INDEX,5,0.245,FASTAPI_SYNC_SUCCESS
2026-04-16 14:00:01.534,NODE_0241,COMPOSITE_BTREE_INDEX,3,0.646,FASTAPI_SYNC_SUCCESS
2026-04-16 14:00:00.454,NODE_1949,COMPOSITE_BTREE_INDEX,4,0.304,FASTAPI_SYNC_SUCCESS
2026-04-16 14:00:02.477,NODE_0286,COMPOSITE_BTREE_INDEX,4,0.538,FASTAPI_SYNC_SUCCESS
2026-04-16 14:00:01.064,NODE_1680,COMPOSITE_BTREE_INDEX,4,0.488,FASTAPI_SYNC_SUCCESS
2026-04-16 14:00:02.847,NODE_1062,COMPOSITE_BTREE_INDEX,3,0.617,FASTAPI_SYNC_SUCCESS
2026-04-16 14:00:01.364,NODE_1929,COMPOSITE_BTREE_INDEX,5,0.297,FASTAPI_SYNC_SUCCESS
2026-04-16 14:00:02.123,NODE_1428,COMPOSITE_BTREE_INDEX,4,0.724,FASTAPI_SYNC_SUCCESS
2026-04-16 14:00:01.938,NODE_1683,COMPOSITE_BTREE_INDEX,4,0.268,FASTAPI_SYNC_SUCCESS
2026-04-16 14:00:01.651,NODE_1252,COMPOSITE_BTREE_INDEX,4,0.565,FASTAPI_SYNC_SUCCESS
2026-04-16 14:00:02.520,NODE_0573,COMPOSITE_BTREE_INDEX,5,0.53,FASTAPI_SYNC_SUCCESS
2026-04-16 14:00:00.610,NODE_1453,COMPOSITE_BTREE_INDEX,3,0.374,FASTAPI_SYNC_SUCCESS
2026-04-16 14:00:01.985,NODE_1675,COMPOSITE_BTREE_INDEX,3,0.244,FASTAPI_SYNC_SUCCESS
2026-04-16 14:00:01.555,NODE_0808,COMPOSITE_BTREE_INDEX,3,0.604,FASTAPI_SYNC_SUCCESS
2026-04-16 14:00:00.462,NODE_0335,COMPOSITE_BTREE_INDEX,4,0.721,FASTAPI_SYNC_SUCCESS
2026-04-16 14:00:00.976,NODE_0832,COMPOSITE_BTREE_INDEX,4,0.385,FASTAPI_SYNC_SUCCESS
2026-04-16 14:00:01.871,NODE_1879,COMPOSITE_BTREE_INDEX,4,0.374,FASTAPI_SYNC_SUCCESS
2026-04-16 14:00:03.276,NODE_1963,COMPOSITE_BTREE_INDEX,4,0.717,FASTAPI_SYNC_SUCCESS
2026-04-16 14:00:01.210,NODE_1917,COMPOSITE_BTREE_INDEX,5,0.729,FASTAPI_SYNC_SUCCESS
2026-04-16 14:00:01.487,NODE_0434,COMPOSITE_BTREE_INDEX,3,0.697,FASTAPI_SYNC_SUCCESS
2026-04-16 14:00:00.506,NODE_0930,COMPOSITE_BTREE_INDEX,3,0.232,FASTAPI_SYNC_SUCCESS
2026-04-16 14:00:01.456,NODE_1675,COMPOSITE_BTREE_INDEX,5,0.723,FASTAPI_SYNC_SUCCESS
2026-04-16 14:00:00.505,NODE_1466,COMPOSITE_BTREE_INDEX,4,0.211,FASTAPI_SYNC_SUCCESS
2026-04-16 14:00:01.451,NODE_1443,COMPOSITE_BTREE_INDEX,4,0.31,FASTAPI_SYNC_SUCCESS
2026-04-16 14:00:00.888,NODE_0477,COMPOSITE_BTREE_INDEX,5,0.725,FASTAPI_SYNC_SUCCESS
2026-04-16 14:00:03.304,NODE_2024,COMPOSITE_BTREE_INDEX,3,0.787,FASTAPI_SYNC_SUCCESS
2026-04-16 14:00:02.773,NODE_0377,COMPOSITE_BTREE_INDEX,4,0.756,FASTAPI_SYNC_SUCCESS
2026-04-16 14:00:00.530,NODE_0513,COMPOSITE_BTREE_INDEX,3,0.465,FASTAPI_SYNC_SUCCESS
2026-04-16 14:00:02.470,NODE_0992,COMPOSITE_BTREE_INDEX,5,0.393,FASTAPI_SYNC_SUCCESS
2026-04-16 14:00:03.504,NODE_1813,COMPOSITE_BTREE_INDEX,4,0.353,FASTAPI_SYNC_SUCCESS
2026-04-16 14:00:02.407,NODE_1785,COMPOSITE_BTREE_INDEX,5,0.395,FASTAPI_SYNC_SUCCESS
2026-04-16 14:00:03.885,NODE_1912,COMPOSITE_BTREE_INDEX,4,0.512,FASTAPI_SYNC_SUCCESS
2026-04-16 14:00:02.182,NODE_0442,COMPOSITE_BTREE_INDEX,4,0.573,FASTAPI_SYNC_SUCCESS
2026-04-16 14:00:00.958,NODE_1804,COMPOSITE_BTREE_INDEX,4,0.549,FASTAPI_SYNC_SUCCESS
2026-04-16 14:00:02.000,NODE_1627,COMPOSITE_BTREE_INDEX,5,0.559,FASTAPI_SYNC_SUCCESS
2026-04-16 14:00:00.904,NODE_1843,COMPOSITE_BTREE_INDEX,3,0.749,FASTAPI_SYNC_SUCCESS
2026-04-16 14:00:04.403,NODE_0159,COMPOSITE_BTREE_INDEX,4,0.245,FASTAPI_SYNC_SUCCESS
2026-04-16 14:00:02.469,NODE_1521,COMPOSITE_BTREE_INDEX,3,0.576,FASTAPI_SYNC_SUCCESS
2026-04-16 14:00:03.579,NODE_0053,COMPOSITE_BTREE_INDEX,5,0.408,FASTAPI_SYNC_SUCCESS
2026-04-16 14:00:01.380,NODE_0473,COMPOSITE_BTREE_INDEX,5,0.638,FASTAPI_SYNC_SUCCESS
2026-04-16 14:00:02.346,NODE_1869,COMPOSITE_BTREE_INDEX,4,0.774,FASTAPI_SYNC_SUCCESS
2026-04-16 14:00:02.783,NODE_1070,COMPOSITE_BTREE_INDEX,3,0.514,FASTAPI_SYNC_SUCCESS
2026-04-16 14:00:04.323,NODE_1826,COMPOSITE_BTREE_INDEX,4,0.522,FASTAPI_SYNC_SUCCESS
2026-04-16 14:00:02.241,NODE_0877,COMPOSITE_BTREE_INDEX,3,0.601,FASTAPI_SYNC_SUCCESS
2026-04-16 14:00:01.212,NODE_0624,COMPOSITE_BTREE_INDEX,4,0.703,FASTAPI_SYNC_SUCCESS
2026-04-16 14:00:04.281,NODE_1796,COMPOSITE_BTREE_INDEX,3,0.515,FASTAPI_SYNC_SUCCESS
2026-04-16 14:00:01.355,NODE_1700,COMPOSITE_BTREE_INDEX,5,0.385,FASTAPI_SYNC_SUCCESS
2026-04-16 14:00:02.030,NODE_0889,COMPOSITE_BTREE_INDEX,5,0.452,FASTAPI_SYNC_SUCCESS
2026-04-16 14:00:04.239,NODE_1413,COMPOSITE_BTREE_INDEX,3,0.723,FASTAPI_SYNC_SUCCESS
2026-04-16 14:00:05.051,NODE_0743,COMPOSITE_BTREE_INDEX,4,0.591,FASTAPI_SYNC_SUCCESS
2026-04-16 14:00:00.870,NODE_2006,COMPOSITE_BTREE_INDEX,5,0.614,FASTAPI_SYNC_SUCCESS
2026-04-16 14:00:01.244,NODE_0827,COMPOSITE_BTREE_INDEX,3,0.759,FASTAPI_SYNC_SUCCESS
2026-04-16 14:00:01.911,NODE_1746,COMPOSITE_BTREE_INDEX,4,0.379,FASTAPI_SYNC_SUCCESS
2026-04-16 14:00:04.855,NODE_0916,COMPOSITE_BTREE_INDEX,3,0.554,FASTAPI_SYNC_SUCCESS
2026-04-16 14:00:05.097,NODE_0752,COMPOSITE_BTREE_INDEX,4,0.32,FASTAPI_SYNC_SUCCESS
2026-04-16 14:00:03.603,NODE_0216,COMPOSITE_BTREE_INDEX,3,0.728,FASTAPI_SYNC_SUCCESS
2026-04-16 14:00:04.824,NODE_0334,COMPOSITE_BTREE_INDEX,5,0.762,FASTAPI_SYNC_SUCCESS
2026-04-16 14:00:01.363,NODE_0003,COMPOSITE_BTREE_INDEX,5,0.349,FASTAPI_SYNC_SUCCESS
2026-04-16 14:00:01.895,NODE_1576,COMPOSITE_BTREE_INDEX,4,0.691,FASTAPI_SYNC_SUCCESS
2026-04-16 14:00:02.579,NODE_1765,COMPOSITE_BTREE_INDEX,4,0.402,FASTAPI_SYNC_SUCCESS
2026-04-16 14:00:02.073,NODE_0847,COMPOSITE_BTREE_INDEX,5,0.74,FASTAPI_SYNC_SUCCESS
2026-04-16 14:00:04.783,NODE_0477,COMPOSITE_BTREE_INDEX,4,0.39,FASTAPI_SYNC_SUCCESS
2026-04-16 14:00:04.989,NODE_0913,COMPOSITE_BTREE_INDEX,4,0.491,FASTAPI_SYNC_SUCCESS
2026-04-16 14:00:03.450,NODE_1053,COMPOSITE_BTREE_INDEX,3,0.451,FASTAPI_SYNC_SUCCESS
2026-04-16 14:00:00.644,NODE_1026,COMPOSITE_BTREE_INDEX,4,0.348,FASTAPI_SYNC_SUCCESS
2026-04-16 14:00:04.091,NODE_1304,COMPOSITE_BTREE_INDEX,4,0.538,FASTAPI_SYNC_SUCCESS
2026-04-16 14:00:05.667,NODE_0598,COMPOSITE_BTREE_INDEX,3,0.45,FASTAPI_SYNC_SUCCESS
2026-04-16 14:00:02.314,NODE_0028,COMPOSITE_BTREE_INDEX,4,0.655,FASTAPI_SYNC_SUCCESS
2026-04-16 14:00:02.733,NODE_0417,COMPOSITE_BTREE_INDEX,5,0.309,FASTAPI_SYNC_SUCCESS
2026-04-16 14:00:01.356,NODE_0030,COMPOSITE_BTREE_INDEX,4,0.71,FASTAPI_SYNC_SUCCESS
2026-04-16 14:00:02.720,NODE_1564,COMPOSITE_BTREE_INDEX,4,0.289,FASTAPI_SYNC_SUCCESS
2026-04-16 14:00:02.699,NODE_1767,COMPOSITE_BTREE_INDEX,4,0.215,FASTAPI_SYNC_SUCCESS
2026-04-16 14:00:04.202,NODE_1742,COMPOSITE_BTREE_INDEX,3,0.296,FASTAPI_SYNC_SUCCESS
2026-04-16 14:00:02.373,NODE_0880,COMPOSITE_BTREE_INDEX,4,0.587,FASTAPI_SYNC_SUCCESS
2026-04-16 14:00:00.729,NODE_0822,COMPOSITE_BTREE_INDEX,4,0.629,FASTAPI_SYNC_SUCCESS
2026-04-16 14:00:03.122,NODE_1165,COMPOSITE_BTREE_INDEX,4,0.482,FASTAPI_SYNC_SUCCESS
2026-04-16 14:00:05.907,NODE_0721,COMPOSITE_BTREE_INDEX,5,0.56,FASTAPI_SYNC_SUCCESS
2026-04-16 14:00:02.384,NODE_1028,COMPOSITE_BTREE_INDEX,4,0.56,FASTAPI_SYNC_SUCCESS
2026-04-16 14:00:06.364,NODE_0882,COMPOSITE_BTREE_INDEX,4,0.704,FASTAPI_SYNC_SUCCESS
2026-04-16 14:00:02.893,NODE_1473,COMPOSITE_BTREE_INDEX,4,0.311,FASTAPI_SYNC_SUCCESS
2026-04-16 14:00:03.564,NODE_1376,COMPOSITE_BTREE_INDEX,3,0.495,FASTAPI_SYNC_SUCCESS
2026-04-16 14:00:00.950,NODE_0772,COMPOSITE_BTREE_INDEX,5,0.563,FASTAPI_SYNC_SUCCESS
2026-04-16 14:00:05.124,NODE_0676,COMPOSITE_BTREE_INDEX,3,0.484,FASTAPI_SYNC_SUCCESS
2026-04-16 14:00:05.234,NODE_0928,COMPOSITE_BTREE_INDEX,3,0.374,FASTAPI_SYNC_SUCCESS
2026-04-16 14:00:02.331,NODE_1556,COMPOSITE_BTREE_INDEX,3,0.515,FASTAPI_SYNC_SUCCESS
2026-04-16 14:00:03.344,NODE_1235,COMPOSITE_BTREE_INDEX,4,0.221,FASTAPI_SYNC_SUCCESS
2026-04-16 14:00:06.154,NODE_0238,COMPOSITE_BTREE_INDEX,3,0.764,FASTAPI_SYNC_SUCCESS
2026-04-16 14:00:03.925,NODE_1753,COMPOSITE_BTREE_INDEX,3,0.305,FASTAPI_SYNC_SUCCESS
2026-04-16 14:00:01.781,NODE_0644,COMPOSITE_BTREE_INDEX,4,0.283,FASTAPI_SYNC_SUCCESS
2026-04-16 14:00:06.179,NODE_1105,COMPOSITE_BTREE_INDEX,4,0.246,FASTAPI_SYNC_SUCCESS
2026-04-16 14:00:04.202,NODE_1380,COMPOSITE_BTREE_INDEX,4,0.771,FASTAPI_SYNC_SUCCESS
2026-04-16 14:00:03.984,NODE_1322,COMPOSITE_BTREE_INDEX,5,0.385,FASTAPI_SYNC_SUCCESS
2026-04-16 14:00:04.292,NODE_1121,COMPOSITE_BTREE_INDEX,5,0.681,FASTAPI_SYNC_SUCCESS
2026-04-16 14:00:01.990,NODE_0464,COMPOSITE_BTREE_INDEX,3,0.751,FASTAPI_SYNC_SUCCESS
2026-04-16 14:00:02.527,NODE_0704,COMPOSITE_BTREE_INDEX,3,0.714,FASTAPI_SYNC_SUCCESS
2026-04-16 14:00:01.497,NODE_0854,COMPOSITE_BTREE_INDEX,4,0.369,FASTAPI_SYNC_SUCCESS
2026-04-16 14:00:03.691,NODE_0976,COMPOSITE_BTREE_INDEX,5,0.301,FASTAPI_SYNC_SUCCESS
2026-04-16 14:00:01.365,NODE_1404,NAIVE_FULL_TABLE_SCAN,83986875,4160.236,EVENT_LOOP_BLOCKED
2026-04-16 14:00:07.028,NODE_0212,COMPOSITE_BTREE_INDEX,5,0.611,FASTAPI_SYNC_SUCCESS
2026-04-16 14:00:04.145,NODE_0539,COMPOSITE_BTREE_INDEX,4,0.792,FASTAPI_SYNC_SUCCESS
2026-04-16 14:00:04.467,NODE_2021,COMPOSITE_BTREE_INDEX,3,0.514,FASTAPI_SYNC_SUCCESS
2026-04-16 14:00:07.601,NODE_0525,COMPOSITE_BTREE_INDEX,5,0.594,FASTAPI_SYNC_SUCCESS
2026-04-16 14:00:03.415,NODE_1981,COMPOSITE_BTREE_INDEX,4,0.551,FASTAPI_SYNC_SUCCESS
2026-04-16 14:00:03.306,NODE_0348,COMPOSITE_BTREE_INDEX,5,0.325,FASTAPI_SYNC_SUCCESS
2026-04-16 14:00:06.547,NODE_1837,COMPOSITE_BTREE_INDEX,4,0.698,FASTAPI_SYNC_SUCCESS
2026-04-16 14:00:06.533,NODE_0647,COMPOSITE_BTREE_INDEX,3,0.675,FASTAPI_SYNC_SUCCESS
2026-04-16 14:00:07.568,NODE_0295,COMPOSITE_BTREE_INDEX,5,0.566,FASTAPI_SYNC_SUCCESS
2026-04-16 14:00:06.853,NODE_1731,COMPOSITE_BTREE_INDEX,4,0.372,FASTAPI_SYNC_SUCCESS
2026-04-16 14:00:03.339,NODE_1921,COMPOSITE_BTREE_INDEX,4,0.512,FASTAPI_SYNC_SUCCESS
2026-04-16 14:00:07.629,NODE_1613,COMPOSITE_BTREE_INDEX,3,0.608,FASTAPI_SYNC_SUCCESS
2026-04-16 14:00:01.080,NODE_0432,COMPOSITE_BTREE_INDEX,5,0.361,FASTAPI_SYNC_SUCCESS
2026-04-16 14:00:03.162,NODE_0779,COMPOSITE_BTREE_INDEX,5,0.337,FASTAPI_SYNC_SUCCESS
2026-04-16 14:00:05.797,NODE_1921,COMPOSITE_BTREE_INDEX,5,0.53,FASTAPI_SYNC_SUCCESS
2026-04-16 14:00:08.056,NODE_0837,COMPOSITE_BTREE_INDEX,5,0.636,FASTAPI_SYNC_SUCCESS
2026-04-16 14:00:01.524,NODE_0540,COMPOSITE_BTREE_INDEX,4,0.374,FASTAPI_SYNC_SUCCESS
2026-04-16 14:00:07.177,NODE_1549,COMPOSITE_BTREE_INDEX,4,0.333,FASTAPI_SYNC_SUCCESS
2026-04-16 14:00:06.632,NODE_1711,COMPOSITE_BTREE_INDEX,5,0.452,FASTAPI_SYNC_SUCCESS
2026-04-16 14:00:06.432,NODE_1412,COMPOSITE_BTREE_INDEX,3,0.705,FASTAPI_SYNC_SUCCESS
2026-04-16 14:00:07.722,NODE_0236,COMPOSITE_BTREE_INDEX,5,0.216,FASTAPI_SYNC_SUCCESS
2026-04-16 14:00:01.816,NODE_1233,COMPOSITE_BTREE_INDEX,5,0.664,FASTAPI_SYNC_SUCCESS
2026-04-16 14:00:04.046,NODE_1183,COMPOSITE_BTREE_INDEX,4,0.469,FASTAPI_SYNC_SUCCESS
2026-04-16 14:00:04.616,NODE_0298,COMPOSITE_BTREE_INDEX,5,0.744,FASTAPI_SYNC_SUCCESS
2026-04-16 14:00:04.778,NODE_0684,COMPOSITE_BTREE_INDEX,5,0.503,FASTAPI_SYNC_SUCCESS
2026-04-16 14:00:07.685,NODE_0991,COMPOSITE_BTREE_INDEX,4,0.642,FASTAPI_SYNC_SUCCESS
2026-04-16 14:00:08.071,NODE_0625,COMPOSITE_BTREE_INDEX,5,0.343,FASTAPI_SYNC_SUCCESS
2026-04-16 14:00:03.704,NODE_0437,COMPOSITE_BTREE_INDEX,4,0.264,FASTAPI_SYNC_SUCCESS
2026-04-16 14:00:07.734,NODE_1457,COMPOSITE_BTREE_INDEX,5,0.362,FASTAPI_SYNC_SUCCESS
2026-04-16 14:00:08.672,NODE_0379,COMPOSITE_BTREE_INDEX,4,0.338,FASTAPI_SYNC_SUCCESS
2026-04-16 14:00:05.363,NODE_1182,COMPOSITE_BTREE_INDEX,3,0.504,FASTAPI_SYNC_SUCCESS
2026-04-16 14:00:05.794,NODE_1258,COMPOSITE_BTREE_INDEX,3,0.413,FASTAPI_SYNC_SUCCESS
2026-04-16 14:00:08.690,NODE_0304,COMPOSITE_BTREE_INDEX,4,0.692,FASTAPI_SYNC_SUCCESS
2026-04-16 14:00:08.839,NODE_0517,COMPOSITE_BTREE_INDEX,3,0.704,FASTAPI_SYNC_SUCCESS
2026-04-16 14:00:06.101,NODE_1959,COMPOSITE_BTREE_INDEX,3,0.756,FASTAPI_SYNC_SUCCESS
2026-04-16 14:00:03.382,NODE_0143,COMPOSITE_BTREE_INDEX,4,0.486,FASTAPI_SYNC_SUCCESS
2026-04-16 14:00:01.106,NODE_1210,COMPOSITE_BTREE_INDEX,3,0.607,FASTAPI_SYNC_SUCCESS
2026-04-16 14:00:08.698,NODE_0566,COMPOSITE_BTREE_INDEX,4,0.336,FASTAPI_SYNC_SUCCESS
2026-04-16 14:00:06.403,NODE_1605,COMPOSITE_BTREE_INDEX,3,0.322,FASTAPI_SYNC_SUCCESS
2026-04-16 14:00:08.592,NODE_0450,COMPOSITE_BTREE_INDEX,3,0.471,FASTAPI_SYNC_SUCCESS
2026-04-16 14:00:05.853,NODE_0289,COMPOSITE_BTREE_INDEX,3,0.611,FASTAPI_SYNC_SUCCESS
2026-04-16 14:00:00.981,NODE_0637,COMPOSITE_BTREE_INDEX,4,0.678,FASTAPI_SYNC_SUCCESS
2026-04-16 14:00:02.756,NODE_1704,COMPOSITE_BTREE_INDEX,5,0.565,FASTAPI_SYNC_SUCCESS
2026-04-16 14:00:06.914,NODE_1996,COMPOSITE_BTREE_INDEX,4,0.739,FASTAPI_SYNC_SUCCESS
2026-04-16 14:00:04.565,NODE_0385,COMPOSITE_BTREE_INDEX,4,0.767,FASTAPI_SYNC_SUCCESS
2026-04-16 14:00:02.881,NODE_1210,COMPOSITE_BTREE_INDEX,5,0.697,FASTAPI_SYNC_SUCCESS
2026-04-16 14:00:08.870,NODE_1790,COMPOSITE_BTREE_INDEX,5,0.778,FASTAPI_SYNC_SUCCESS
2026-04-16 14:00:06.463,NODE_1228,COMPOSITE_BTREE_INDEX,3,0.593,FASTAPI_SYNC_SUCCESS
2026-04-16 14:00:06.760,NODE_0209,COMPOSITE_BTREE_INDEX,3,0.207,FASTAPI_SYNC_SUCCESS
2026-04-16 14:00:07.853,NODE_0913,COMPOSITE_BTREE_INDEX,4,0.421,FASTAPI_SYNC_SUCCESS
2026-04-16 14:00:03.665,NODE_0293,COMPOSITE_BTREE_INDEX,4,0.232,FASTAPI_SYNC_SUCCESS
2026-04-16 14:00:02.304,NODE_1784,COMPOSITE_BTREE_INDEX,4,0.423,FASTAPI_SYNC_SUCCESS
2026-04-16 14:00:03.980,NODE_0054,COMPOSITE_BTREE_INDEX,3,0.657,FASTAPI_SYNC_SUCCESS
2026-04-16 14:00:03.702,NODE_0641,COMPOSITE_BTREE_INDEX,5,0.751,FASTAPI_SYNC_SUCCESS
2026-04-16 14:00:06.282,NODE_1123,COMPOSITE_BTREE_INDEX,4,0.26,FASTAPI_SYNC_SUCCESS
2026-04-16 14:00:03.932,NODE_1247,COMPOSITE_BTREE_INDEX,4,0.28,FASTAPI_SYNC_SUCCESS
2026-04-16 14:00:06.495,NODE_1595,COMPOSITE_BTREE_INDEX,4,0.618,FASTAPI_SYNC_SUCCESS
2026-04-16 14:00:08.999,NODE_1298,COMPOSITE_BTREE_INDEX,3,0.607,FASTAPI_SYNC_SUCCESS
2026-04-16 14:00:10.355,NODE_0259,COMPOSITE_BTREE_INDEX,4,0.249,FASTAPI_SYNC_SUCCESS
2026-04-16 14:00:07.267,NODE_0546,COMPOSITE_BTREE_INDEX,5,0.752,FASTAPI_SYNC_SUCCESS
2026-04-16 14:00:03.138,NODE_1886,COMPOSITE_BTREE_INDEX,3,0.317,FASTAPI_SYNC_SUCCESS
2026-04-16 14:00:05.679,NODE_0899,COMPOSITE_BTREE_INDEX,3,0.348,FASTAPI_SYNC_SUCCESS
2026-04-16 14:00:07.055,NODE_0914,COMPOSITE_BTREE_INDEX,3,0.364,FASTAPI_SYNC_SUCCESS
2026-04-16 14:00:10.231,NODE_0969,COMPOSITE_BTREE_INDEX,4,0.649,FASTAPI_SYNC_SUCCESS
2026-04-16 14:00:06.234,NODE_1505,COMPOSITE_BTREE_INDEX,3,0.69,FASTAPI_SYNC_SUCCESS
2026-04-16 14:00:07.379,NODE_0193,COMPOSITE_BTREE_INDEX,4,0.229,FASTAPI_SYNC_SUCCESS
2026-04-16 14:00:07.084,NODE_0015,COMPOSITE_BTREE_INDEX,5,0.72,FASTAPI_SYNC_SUCCESS
2026-04-16 14:00:06.365,NODE_1229,COMPOSITE_BTREE_INDEX,5,0.272,FASTAPI_SYNC_SUCCESS
2026-04-16 14:00:08.701,NODE_1247,COMPOSITE_BTREE_INDEX,5,0.647,FASTAPI_SYNC_SUCCESS
2026-04-16 14:00:01.521,NODE_0118,COMPOSITE_BTREE_INDEX,4,0.435,FASTAPI_SYNC_SUCCESS
2026-04-16 14:00:08.832,NODE_1685,COMPOSITE_BTREE_INDEX,5,0.259,FASTAPI_SYNC_SUCCESS
2026-04-16 14:00:10.347,NODE_0061,COMPOSITE_BTREE_INDEX,3,0.326,FASTAPI_SYNC_SUCCESS
2026-04-16 14:00:09.433,NODE_1488,COMPOSITE_BTREE_INDEX,3,0.223,FASTAPI_SYNC_SUCCESS
2026-04-16 14:00:02.942,NODE_2024,COMPOSITE_BTREE_INDEX,4,0.357,FASTAPI_SYNC_SUCCESS
2026-04-16 14:00:09.497,NODE_0831,COMPOSITE_BTREE_INDEX,3,0.402,FASTAPI_SYNC_SUCCESS
2026-04-16 14:00:08.584,NODE_1544,COMPOSITE_BTREE_INDEX,4,0.265,FASTAPI_SYNC_SUCCESS
2026-04-16 14:00:01.402,NODE_0567,COMPOSITE_BTREE_INDEX,4,0.22,FASTAPI_SYNC_SUCCESS
2026-04-16 14:00:01.506,NODE_0807,COMPOSITE_BTREE_INDEX,4,0.521,FASTAPI_SYNC_SUCCESS
2026-04-16 14:00:10.236,NODE_2002,COMPOSITE_BTREE_INDEX,5,0.746,FASTAPI_SYNC_SUCCESS
2026-04-16 14:00:05.338,NODE_0543,COMPOSITE_BTREE_INDEX,5,0.314,FASTAPI_SYNC_SUCCESS
2026-04-16 14:00:06.074,NODE_0441,COMPOSITE_BTREE_INDEX,4,0.781,FASTAPI_SYNC_SUCCESS
2026-04-16 14:00:07.630,NODE_1252,COMPOSITE_BTREE_INDEX,3,0.348,FASTAPI_SYNC_SUCCESS
2026-04-16 14:00:03.443,NODE_0973,COMPOSITE_BTREE_INDEX,5,0.634,FASTAPI_SYNC_SUCCESS
2026-04-16 14:00:02.991,NODE_0222,COMPOSITE_BTREE_INDEX,3,0.656,FASTAPI_SYNC_SUCCESS
2026-04-16 14:00:08.231,NODE_1007,COMPOSITE_BTREE_INDEX,5,0.23,FASTAPI_SYNC_SUCCESS
2026-04-16 14:00:04.236,NODE_1742,COMPOSITE_BTREE_INDEX,5,0.602,FASTAPI_SYNC_SUCCESS
2026-04-16 14:00:01.739,NODE_0232,COMPOSITE_BTREE_INDEX,5,0.47,FASTAPI_SYNC_SUCCESS
2026-04-16 14:00:02.180,NODE_0072,COMPOSITE_BTREE_INDEX,4,0.728,FASTAPI_SYNC_SUCCESS
2026-04-16 14:00:08.308,NODE_1134,COMPOSITE_BTREE_INDEX,5,0.32,FASTAPI_SYNC_SUCCESS
2026-04-16 14:00:08.803,NODE_1520,COMPOSITE_BTREE_INDEX,4,0.593,FASTAPI_SYNC_SUCCESS
2026-04-16 14:00:05.345,NODE_0637,COMPOSITE_BTREE_INDEX,4,0.333,FASTAPI_SYNC_SUCCESS
2026-04-16 14:00:11.413,NODE_1091,COMPOSITE_BTREE_INDEX,5,0.691,FASTAPI_SYNC_SUCCESS
2026-04-16 14:00:08.766,NODE_0942,COMPOSITE_BTREE_INDEX,4,0.472,FASTAPI_SYNC_SUCCESS
2026-04-16 14:00:03.078,NODE_1293,COMPOSITE_BTREE_INDEX,5,0.658,FASTAPI_SYNC_SUCCESS
2026-04-16 14:00:05.569,NODE_0102,COMPOSITE_BTREE_INDEX,4,0.406,FASTAPI_SYNC_SUCCESS
2026-04-16 14:00:04.725,NODE_1318,COMPOSITE_BTREE_INDEX,5,0.386,FASTAPI_SYNC_SUCCESS
2026-04-16 14:00:06.389,NODE_0628,COMPOSITE_BTREE_INDEX,4,0.629,FASTAPI_SYNC_SUCCESS
2026-04-16 14:00:02.471,NODE_0013,COMPOSITE_BTREE_INDEX,3,0.671,FASTAPI_SYNC_SUCCESS
2026-04-16 14:00:10.863,NODE_1911,COMPOSITE_BTREE_INDEX,5,0.304,FASTAPI_SYNC_SUCCESS
2026-04-16 14:00:06.576,NODE_0228,COMPOSITE_BTREE_INDEX,3,0.8,FASTAPI_SYNC_SUCCESS
2026-04-16 14:00:05.936,NODE_0173,COMPOSITE_BTREE_INDEX,5,0.468,FASTAPI_SYNC_SUCCESS
2026-04-16 14:00:09.830,NODE_1580,COMPOSITE_BTREE_INDEX,4,0.431,FASTAPI_SYNC_SUCCESS
2026-04-16 14:00:08.350,NODE_1248,COMPOSITE_BTREE_INDEX,5,0.559,FASTAPI_SYNC_SUCCESS
2026-04-16 14:00:06.318,NODE_1097,COMPOSITE_BTREE_INDEX,3,0.668,FASTAPI_SYNC_SUCCESS
2026-04-16 14:00:05.539,NODE_1368,COMPOSITE_BTREE_INDEX,3,0.607,FASTAPI_SYNC_SUCCESS
2026-04-16 14:00:03.743,NODE_1484,COMPOSITE_BTREE_INDEX,3,0.738,FASTAPI_SYNC_SUCCESS
2026-04-16 14:00:07.011,NODE_0082,COMPOSITE_BTREE_INDEX,5,0.276,FASTAPI_SYNC_SUCCESS
2026-04-16 14:00:02.905,NODE_0286,COMPOSITE_BTREE_INDEX,5,0.446,FASTAPI_SYNC_SUCCESS
2026-04-16 14:00:06.688,NODE_1470,COMPOSITE_BTREE_INDEX,5,0.753,FASTAPI_SYNC_SUCCESS
2026-04-16 14:00:10.995,NODE_1954,COMPOSITE_BTREE_INDEX,5,0.262,FASTAPI_SYNC_SUCCESS
2026-04-16 14:00:07.443,NODE_0343,COMPOSITE_BTREE_INDEX,4,0.711,FASTAPI_SYNC_SUCCESS
2026-04-16 14:00:10.206,NODE_0988,COMPOSITE_BTREE_INDEX,4,0.583,FASTAPI_SYNC_SUCCESS
2026-04-16 14:00:10.409,NODE_0153,COMPOSITE_BTREE_INDEX,4,0.473,FASTAPI_SYNC_SUCCESS
2026-04-16 14:00:06.141,NODE_0451,COMPOSITE_BTREE_INDEX,4,0.536,FASTAPI_SYNC_SUCCESS
2026-04-16 14:00:12.298,NODE_0248,COMPOSITE_BTREE_INDEX,4,0.72,FASTAPI_SYNC_SUCCESS
2026-04-16 14:00:03.439,NODE_1896,COMPOSITE_BTREE_INDEX,3,0.352,FASTAPI_SYNC_SUCCESS
2026-04-16 14:00:02.059,NODE_0908,COMPOSITE_BTREE_INDEX,5,0.328,FASTAPI_SYNC_SUCCESS
2026-04-16 14:00:01.706,NODE_0105,COMPOSITE_BTREE_INDEX,5,0.429,FASTAPI_SYNC_SUCCESS
2026-04-16 14:00:04.500,NODE_0317,COMPOSITE_BTREE_INDEX,5,0.623,FASTAPI_SYNC_SUCCESS
2026-04-16 14:00:06.350,NODE_1679,COMPOSITE_BTREE_INDEX,3,0.487,FASTAPI_SYNC_SUCCESS
2026-04-16 14:00:04.691,NODE_1268,COMPOSITE_BTREE_INDEX,5,0.634,FASTAPI_SYNC_SUCCESS
2026-04-16 14:00:04.659,NODE_0033,COMPOSITE_BTREE_INDEX,4,0.669,FASTAPI_SYNC_SUCCESS
2026-04-16 14:00:11.799,NODE_0992,COMPOSITE_BTREE_INDEX,3,0.669,FASTAPI_SYNC_SUCCESS
2026-04-16 14:00:12.144,NODE_1166,COMPOSITE_BTREE_INDEX,4,0.44,FASTAPI_SYNC_SUCCESS
2026-04-16 14:00:12.719,NODE_0113,COMPOSITE_BTREE_INDEX,3,0.216,FASTAPI_SYNC_SUCCESS
2026-04-16 14:00:05.123,NODE_0223,COMPOSITE_BTREE_INDEX,5,0.651,FASTAPI_SYNC_SUCCESS
2026-04-16 14:00:10.307,NODE_0348,COMPOSITE_BTREE_INDEX,3,0.688,FASTAPI_SYNC_SUCCESS
2026-04-16 14:00:08.646,NODE_0132,COMPOSITE_BTREE_INDEX,5,0.733,FASTAPI_SYNC_SUCCESS
2026-04-16 14:00:04.491,NODE_0579,COMPOSITE_BTREE_INDEX,4,0.526,FASTAPI_SYNC_SUCCESS
2026-04-16 14:00:01.449,NODE_0354,COMPOSITE_BTREE_INDEX,3,0.688,FASTAPI_SYNC_SUCCESS
2026-04-16 14:00:06.703,NODE_0939,COMPOSITE_BTREE_INDEX,4,0.673,FASTAPI_SYNC_SUCCESS
2026-04-16 14:00:04.030,NODE_0442,COMPOSITE_BTREE_INDEX,3,0.536,FASTAPI_SYNC_SUCCESS
2026-04-16 14:00:03.831,NODE_1195,COMPOSITE_BTREE_INDEX,5,0.519,FASTAPI_SYNC_SUCCESS
2026-04-16 14:00:06.352,NODE_1778,COMPOSITE_BTREE_INDEX,4,0.768,FASTAPI_SYNC_SUCCESS
2026-04-16 14:00:11.821,NODE_1200,COMPOSITE_BTREE_INDEX,5,0.333,FASTAPI_SYNC_SUCCESS
2026-04-16 14:00:04.706,NODE_0013,COMPOSITE_BTREE_INDEX,4,0.618,FASTAPI_SYNC_SUCCESS
2026-04-16 14:00:12.765,NODE_1897,COMPOSITE_BTREE_INDEX,3,0.416,FASTAPI_SYNC_SUCCESS
2026-04-16 14:00:10.581,NODE_0580,COMPOSITE_BTREE_INDEX,3,0.745,FASTAPI_SYNC_SUCCESS
2026-04-16 14:00:03.457,NODE_1906,COMPOSITE_BTREE_INDEX,5,0.716,FASTAPI_SYNC_SUCCESS
2026-04-16 14:00:06.211,NODE_0619,COMPOSITE_BTREE_INDEX,4,0.662,FASTAPI_SYNC_SUCCESS
2026-04-16 14:00:09.857,NODE_1109,COMPOSITE_BTREE_INDEX,4,0.349,FASTAPI_SYNC_SUCCESS
2026-04-16 14:00:06.355,NODE_0122,COMPOSITE_BTREE_INDEX,4,0.771,FASTAPI_SYNC_SUCCESS
2026-04-16 14:00:12.044,NODE_1663,COMPOSITE_BTREE_INDEX,5,0.46,FASTAPI_SYNC_SUCCESS
2026-04-16 14:00:03.923,NODE_0802,COMPOSITE_BTREE_INDEX,4,0.228,FASTAPI_SYNC_SUCCESS
2026-04-16 14:00:05.443,NODE_0140,COMPOSITE_BTREE_INDEX,5,0.721,FASTAPI_SYNC_SUCCESS
2026-04-16 14:00:03.355,NODE_1409,COMPOSITE_BTREE_INDEX,3,0.436,FASTAPI_SYNC_SUCCESS
2026-04-16 14:00:07.089,NODE_1182,COMPOSITE_BTREE_INDEX,3,0.434,FASTAPI_SYNC_SUCCESS
2026-04-16 14:00:14.063,NODE_1777,COMPOSITE_BTREE_INDEX,4,0.36,FASTAPI_SYNC_SUCCESS
2026-04-16 14:00:04.426,NODE_1192,COMPOSITE_BTREE_INDEX,4,0.231,FASTAPI_SYNC_SUCCESS
2026-04-16 14:00:12.884,NODE_1481,NAIVE_FULL_TABLE_SCAN,83986875,4359.07,EVENT_LOOP_BLOCKED
2026-04-16 14:00:10.886,NODE_0256,COMPOSITE_BTREE_INDEX,4,0.745,FASTAPI_SYNC_SUCCESS
2026-04-16 14:00:08.149,NODE_1043,COMPOSITE_BTREE_INDEX,3,0.339,FASTAPI_SYNC_SUCCESS
2026-04-16 14:00:03.764,NODE_0813,COMPOSITE_BTREE_INDEX,5,0.262,FASTAPI_SYNC_SUCCESS
2026-04-16 14:00:08.381,NODE_0803,COMPOSITE_BTREE_INDEX,3,0.309,FASTAPI_SYNC_SUCCESS
2026-04-16 14:00:03.860,NODE_1268,COMPOSITE_BTREE_INDEX,4,0.284,FASTAPI_SYNC_SUCCESS
2026-04-16 14:00:14.215,NODE_0522,COMPOSITE_BTREE_INDEX,3,0.427,FASTAPI_SYNC_SUCCESS
2026-04-16 14:00:10.841,NODE_1786,COMPOSITE_BTREE_INDEX,3,0.615,FASTAPI_SYNC_SUCCESS
2026-04-16 14:00:05.432,NODE_1283,COMPOSITE_BTREE_INDEX,3,0.469,FASTAPI_SYNC_SUCCESS
2026-04-16 14:00:03.133,NODE_1869,COMPOSITE_BTREE_INDEX,5,0.669,FASTAPI_SYNC_SUCCESS
2026-04-16 14:00:05.357,NODE_1038,COMPOSITE_BTREE_INDEX,4,0.659,FASTAPI_SYNC_SUCCESS
2026-04-16 14:00:14.365,NODE_1488,COMPOSITE_BTREE_INDEX,3,0.496,FASTAPI_SYNC_SUCCESS
2026-04-16 14:00:06.310,NODE_0501,COMPOSITE_BTREE_INDEX,5,0.438,FASTAPI_SYNC_SUCCESS
2026-04-16 14:00:08.082,NODE_1315,COMPOSITE_BTREE_INDEX,3,0.731,FASTAPI_SYNC_SUCCESS
2026-04-16 14:00:14.332,NODE_0754,COMPOSITE_BTREE_INDEX,4,0.393,FASTAPI_SYNC_SUCCESS
2026-04-16 14:00:03.933,NODE_1036,COMPOSITE_BTREE_INDEX,4,0.382,FASTAPI_SYNC_SUCCESS
2026-04-16 14:00:07.909,NODE_0367,COMPOSITE_BTREE_INDEX,5,0.202,FASTAPI_SYNC_SUCCESS
2026-04-16 14:00:13.520,NODE_1602,COMPOSITE_BTREE_INDEX,3,0.271,FASTAPI_SYNC_SUCCESS
2026-04-16 14:00:02.313,NODE_0301,COMPOSITE_BTREE_INDEX,3,0.584,FASTAPI_SYNC_SUCCESS
2026-04-16 14:00:08.442,NODE_1552,COMPOSITE_BTREE_INDEX,4,0.538,FASTAPI_SYNC_SUCCESS
2026-04-16 14:00:14.213,NODE_0876,COMPOSITE_BTREE_INDEX,5,0.783,FASTAPI_SYNC_SUCCESS
2026-04-16 14:00:04.509,NODE_0972,COMPOSITE_BTREE_INDEX,4,0.666,FASTAPI_SYNC_SUCCESS
2026-04-16 14:00:05.188,NODE_1834,COMPOSITE_BTREE_INDEX,4,0.498,FASTAPI_SYNC_SUCCESS
2026-04-16 14:00:04.414,NODE_0515,COMPOSITE_BTREE_INDEX,5,0.36,FASTAPI_SYNC_SUCCESS
2026-04-16 14:00:08.382,NODE_0168,COMPOSITE_BTREE_INDEX,3,0.396,FASTAPI_SYNC_SUCCESS
2026-04-16 14:00:03.961,NODE_0852,COMPOSITE_BTREE_INDEX,5,0.451,FASTAPI_SYNC_SUCCESS
2026-04-16 14:00:14.624,NODE_0484,COMPOSITE_BTREE_INDEX,3,0.319,FASTAPI_SYNC_SUCCESS
2026-04-16 14:00:11.017,NODE_0344,COMPOSITE_BTREE_INDEX,3,0.306,FASTAPI_SYNC_SUCCESS
2026-04-16 14:00:16.131,NODE_1468,COMPOSITE_BTREE_INDEX,3,0.553,FASTAPI_SYNC_SUCCESS
2026-04-16 14:00:06.335,NODE_1983,COMPOSITE_BTREE_INDEX,4,0.702,FASTAPI_SYNC_SUCCESS
2026-04-16 14:00:07.286,NODE_1712,COMPOSITE_BTREE_INDEX,4,0.323,FASTAPI_SYNC_SUCCESS
2026-04-16 14:00:12.763,NODE_0057,COMPOSITE_BTREE_INDEX,3,0.311,FASTAPI_SYNC_SUCCESS
2026-04-16 14:00:12.550,NODE_0787,COMPOSITE_BTREE_INDEX,5,0.413,FASTAPI_SYNC_SUCCESS
2026-04-16 14:00:11.681,NODE_1138,COMPOSITE_BTREE_INDEX,3,0.364,FASTAPI_SYNC_SUCCESS
2026-04-16 14:00:09.702,NODE_1561,COMPOSITE_BTREE_INDEX,4,0.306,FASTAPI_SYNC_SUCCESS
2026-04-16 14:00:08.487,NODE_0838,COMPOSITE_BTREE_INDEX,5,0.413,FASTAPI_SYNC_SUCCESS
2026-04-16 14:00:06.567,NODE_0200,COMPOSITE_BTREE_INDEX,3,0.499,FASTAPI_SYNC_SUCCESS
2026-04-16 14:00:06.108,NODE_1253,COMPOSITE_BTREE_INDEX,4,0.627,FASTAPI_SYNC_SUCCESS
2026-04-16 14:00:07.319,NODE_2023,COMPOSITE_BTREE_INDEX,4,0.681,FASTAPI_SYNC_SUCCESS
2026-04-16 14:00:02.397,NODE_0982,COMPOSITE_BTREE_INDEX,3,0.203,FASTAPI_SYNC_SUCCESS
2026-04-16 14:00:09.685,NODE_0880,COMPOSITE_BTREE_INDEX,3,0.304,FASTAPI_SYNC_SUCCESS
2026-04-16 14:00:14.958,NODE_0027,COMPOSITE_BTREE_INDEX,3,0.212,FASTAPI_SYNC_SUCCESS
2026-04-16 14:00:03.765,NODE_1544,COMPOSITE_BTREE_INDEX,5,0.29,FASTAPI_SYNC_SUCCESS
2026-04-16 14:00:08.349,NODE_1344,COMPOSITE_BTREE_INDEX,4,0.724,FASTAPI_SYNC_SUCCESS
2026-04-16 14:00:15.188,NODE_1173,COMPOSITE_BTREE_INDEX,4,0.646,FASTAPI_SYNC_SUCCESS
2026-04-16 14:00:09.087,NODE_1472,COMPOSITE_BTREE_INDEX,3,0.284,FASTAPI_SYNC_SUCCESS
2026-04-16 14:00:15.807,NODE_0815,COMPOSITE_BTREE_INDEX,4,0.569,FASTAPI_SYNC_SUCCESS
2026-04-16 14:00:12.224,NODE_1786,COMPOSITE_BTREE_INDEX,5,0.687,FASTAPI_SYNC_SUCCESS
2026-04-16 14:00:08.405,NODE_0794,COMPOSITE_BTREE_INDEX,3,0.573,FASTAPI_SYNC_SUCCESS
2026-04-16 14:00:04.868,NODE_0102,COMPOSITE_BTREE_INDEX,3,0.793,FASTAPI_SYNC_SUCCESS
2026-04-16 14:00:03.267,NODE_1707,COMPOSITE_BTREE_INDEX,4,0.55,FASTAPI_SYNC_SUCCESS
2026-04-16 14:00:15.866,NODE_1996,COMPOSITE_BTREE_INDEX,3,0.766,FASTAPI_SYNC_SUCCESS
2026-04-16 14:00:11.585,NODE_1668,COMPOSITE_BTREE_INDEX,5,0.27,FASTAPI_SYNC_SUCCESS
2026-04-16 14:00:15.629,NODE_0266,COMPOSITE_BTREE_INDEX,4,0.207,FASTAPI_SYNC_SUCCESS
2026-04-16 14:00:12.185,NODE_0541,COMPOSITE_BTREE_INDEX,5,0.247,FASTAPI_SYNC_SUCCESS
2026-04-16 14:00:04.660,NODE_2001,COMPOSITE_BTREE_INDEX,4,0.343,FASTAPI_SYNC_SUCCESS
2026-04-16 14:00:03.084,NODE_0519,COMPOSITE_BTREE_INDEX,4,0.674,FASTAPI_SYNC_SUCCESS
2026-04-16 14:00:04.325,NODE_1217,COMPOSITE_BTREE_INDEX,5,0.417,FASTAPI_SYNC_SUCCESS
2026-04-16 14:00:16.271,NODE_1045,COMPOSITE_BTREE_INDEX,3,0.423,FASTAPI_SYNC_SUCCESS
2026-04-16 14:00:07.077,NODE_0557,COMPOSITE_BTREE_INDEX,5,0.558,FASTAPI_SYNC_SUCCESS
2026-04-16 14:00:15.705,NODE_0600,COMPOSITE_BTREE_INDEX,3,0.642,FASTAPI_SYNC_SUCCESS
2026-04-16 14:00:02.025,NODE_1824,COMPOSITE_BTREE_INDEX,4,0.723,FASTAPI_SYNC_SUCCESS
2026-04-16 14:00:08.564,NODE_1247,COMPOSITE_BTREE_INDEX,5,0.395,FASTAPI_SYNC_SUCCESS
2026-04-16 14:00:13.746,NODE_1208,COMPOSITE_BTREE_INDEX,3,0.658,FASTAPI_SYNC_SUCCESS
2026-04-16 14:00:08.887,NODE_0362,COMPOSITE_BTREE_INDEX,4,0.468,FASTAPI_SYNC_SUCCESS
2026-04-16 14:00:16.443,NODE_0101,COMPOSITE_BTREE_INDEX,5,0.365,FASTAPI_SYNC_SUCCESS
2026-04-16 14:00:05.403,NODE_0053,COMPOSITE_BTREE_INDEX,4,0.455,FASTAPI_SYNC_SUCCESS
2026-04-16 14:00:11.252,NODE_0551,COMPOSITE_BTREE_INDEX,5,0.337,FASTAPI_SYNC_SUCCESS
2026-04-16 14:00:17.921,NODE_1277,COMPOSITE_BTREE_INDEX,3,0.205,FASTAPI_SYNC_SUCCESS
2026-04-16 14:00:15.705,NODE_0734,COMPOSITE_BTREE_INDEX,3,0.657,FASTAPI_SYNC_SUCCESS
2026-04-16 14:00:15.254,NODE_0028,COMPOSITE_BTREE_INDEX,4,0.614,FASTAPI_SYNC_SUCCESS
2026-04-16 14:00:18.100,NODE_0029,COMPOSITE_BTREE_INDEX,4,0.365,FASTAPI_SYNC_SUCCESS
2026-04-16 14:00:16.582,NODE_0754,COMPOSITE_BTREE_INDEX,4,0.394,FASTAPI_SYNC_SUCCESS
2026-04-16 14:00:13.100,NODE_0697,COMPOSITE_BTREE_INDEX,3,0.674,FASTAPI_SYNC_SUCCESS
2026-04-16 14:00:16.054,NODE_1536,COMPOSITE_BTREE_INDEX,4,0.41,FASTAPI_SYNC_SUCCESS
2026-04-16 14:00:17.065,NODE_0004,COMPOSITE_BTREE_INDEX,5,0.561,FASTAPI_SYNC_SUCCESS
2026-04-16 14:00:18.751,NODE_0592,COMPOSITE_BTREE_INDEX,4,0.683,FASTAPI_SYNC_SUCCESS
2026-04-16 14:00:11.829,NODE_0516,COMPOSITE_BTREE_INDEX,3,0.44,FASTAPI_SYNC_SUCCESS
2026-04-16 14:00:15.266,NODE_1279,COMPOSITE_BTREE_INDEX,4,0.584,FASTAPI_SYNC_SUCCESS
2026-04-16 14:00:11.373,NODE_1700,COMPOSITE_BTREE_INDEX,5,0.514,FASTAPI_SYNC_SUCCESS
2026-04-16 14:00:04.725,NODE_0433,COMPOSITE_BTREE_INDEX,4,0.269,FASTAPI_SYNC_SUCCESS
2026-04-16 14:00:03.677,NODE_0912,COMPOSITE_BTREE_INDEX,5,0.727,FASTAPI_SYNC_SUCCESS
2026-04-16 14:00:16.762,NODE_0241,COMPOSITE_BTREE_INDEX,3,0.224,FASTAPI_SYNC_SUCCESS
2026-04-16 14:00:03.459,NODE_1678,COMPOSITE_BTREE_INDEX,5,0.295,FASTAPI_SYNC_SUCCESS
2026-04-16 14:00:04.591,NODE_0098,COMPOSITE_BTREE_INDEX,3,0.23,FASTAPI_SYNC_SUCCESS
2026-04-16 14:00:02.290,NODE_0248,COMPOSITE_BTREE_INDEX,5,0.217,FASTAPI_SYNC_SUCCESS
2026-04-16 14:00:14.475,NODE_0712,COMPOSITE_BTREE_INDEX,5,0.283,FASTAPI_SYNC_SUCCESS
2026-04-16 14:00:09.628,NODE_1573,COMPOSITE_BTREE_INDEX,5,0.655,FASTAPI_SYNC_SUCCESS
2026-04-16 14:00:13.591,NODE_1061,COMPOSITE_BTREE_INDEX,3,0.251,FASTAPI_SYNC_SUCCESS
2026-04-16 14:00:07.005,NODE_0648,COMPOSITE_BTREE_INDEX,5,0.203,FASTAPI_SYNC_SUCCESS
2026-04-16 14:00:17.655,NODE_1214,COMPOSITE_BTREE_INDEX,5,0.482,FASTAPI_SYNC_SUCCESS
2026-04-16 14:00:16.386,NODE_1545,COMPOSITE_BTREE_INDEX,5,0.688,FASTAPI_SYNC_SUCCESS
2026-04-16 14:00:18.442,NODE_1744,COMPOSITE_BTREE_INDEX,5,0.415,FASTAPI_SYNC_SUCCESS
2026-04-16 14:00:08.241,NODE_1069,COMPOSITE_BTREE_INDEX,5,0.791,FASTAPI_SYNC_SUCCESS
2026-04-16 14:00:19.519,NODE_1603,COMPOSITE_BTREE_INDEX,5,0.745,FASTAPI_SYNC_SUCCESS
2026-04-16 14:00:12.369,NODE_0976,COMPOSITE_BTREE_INDEX,4,0.299,FASTAPI_SYNC_SUCCESS
2026-04-16 14:00:09.465,NODE_1623,COMPOSITE_BTREE_INDEX,4,0.377,FASTAPI_SYNC_SUCCESS
2026-04-16 14:00:02.461,NODE_0048,COMPOSITE_BTREE_INDEX,4,0.647,FASTAPI_SYNC_SUCCESS
2026-04-16 14:00:13.590,NODE_1828,COMPOSITE_BTREE_INDEX,3,0.629,FASTAPI_SYNC_SUCCESS
2026-04-16 14:00:18.266,NODE_1658,COMPOSITE_BTREE_INDEX,4,0.534,FASTAPI_SYNC_SUCCESS
2026-04-16 14:00:16.665,NODE_1223,COMPOSITE_BTREE_INDEX,5,0.53,FASTAPI_SYNC_SUCCESS
2026-04-16 14:00:17.911,NODE_0208,COMPOSITE_BTREE_INDEX,3,0.687,FASTAPI_SYNC_SUCCESS
2026-04-16 14:00:09.885,NODE_1744,COMPOSITE_BTREE_INDEX,5,0.319,FASTAPI_SYNC_SUCCESS
2026-04-16 14:00:02.694,NODE_1423,COMPOSITE_BTREE_INDEX,4,0.698,FASTAPI_SYNC_SUCCESS
2026-04-16 14:00:15.434,NODE_0557,COMPOSITE_BTREE_INDEX,5,0.398,FASTAPI_SYNC_SUCCESS
2026-04-16 14:00:10.909,NODE_1078,COMPOSITE_BTREE_INDEX,5,0.441,FASTAPI_SYNC_SUCCESS
2026-04-16 14:00:09.174,NODE_0913,COMPOSITE_BTREE_INDEX,5,0.418,FASTAPI_SYNC_SUCCESS
2026-04-16 14:00:13.761,NODE_0998,COMPOSITE_BTREE_INDEX,5,0.383,FASTAPI_SYNC_SUCCESS
2026-04-16 14:00:05.426,NODE_1061,COMPOSITE_BTREE_INDEX,3,0.655,FASTAPI_SYNC_SUCCESS
2026-04-16 14:00:15.543,NODE_0186,COMPOSITE_BTREE_INDEX,3,0.786,FASTAPI_SYNC_SUCCESS
2026-04-16 14:00:04.677,NODE_0355,COMPOSITE_BTREE_INDEX,3,0.24,FASTAPI_SYNC_SUCCESS
2026-04-16 14:00:08.257,NODE_0836,COMPOSITE_BTREE_INDEX,5,0.361,FASTAPI_SYNC_SUCCESS
2026-04-16 14:00:09.608,NODE_0041,COMPOSITE_BTREE_INDEX,5,0.395,FASTAPI_SYNC_SUCCESS
2026-04-16 14:00:05.548,NODE_1914,COMPOSITE_BTREE_INDEX,3,0.237,FASTAPI_SYNC_SUCCESS
2026-04-16 14:00:20.683,NODE_0917,COMPOSITE_BTREE_INDEX,4,0.781,FASTAPI_SYNC_SUCCESS
2026-04-16 14:00:20.033,NODE_0544,COMPOSITE_BTREE_INDEX,5,0.362,FASTAPI_SYNC_SUCCESS
2026-04-16 14:00:09.345,NODE_0744,COMPOSITE_BTREE_INDEX,5,0.249,FASTAPI_SYNC_SUCCESS
2026-04-16 14:00:05.702,NODE_1375,COMPOSITE_BTREE_INDEX,5,0.273,FASTAPI_SYNC_SUCCESS
2026-04-16 14:00:18.655,NODE_0662,COMPOSITE_BTREE_INDEX,3,0.331,FASTAPI_SYNC_SUCCESS
2026-04-16 14:00:15.717,NODE_1667,COMPOSITE_BTREE_INDEX,4,0.766,FASTAPI_SYNC_SUCCESS
2026-04-16 14:00:19.125,NODE_1508,COMPOSITE_BTREE_INDEX,5,0.704,FASTAPI_SYNC_SUCCESS
2026-04-16 14:00:02.974,NODE_1343,COMPOSITE_BTREE_INDEX,3,0.789,FASTAPI_SYNC_SUCCESS
2026-04-16 14:00:16.198,NODE_1201,COMPOSITE_BTREE_INDEX,3,0.264,FASTAPI_SYNC_SUCCESS
2026-04-16 14:00:14.761,NODE_0950,COMPOSITE_BTREE_INDEX,3,0.312,FASTAPI_SYNC_SUCCESS
2026-04-16 14:00:04.846,NODE_0850,COMPOSITE_BTREE_INDEX,3,0.741,FASTAPI_SYNC_SUCCESS
2026-04-16 14:00:03.161,NODE_0584,COMPOSITE_BTREE_INDEX,5,0.273,FASTAPI_SYNC_SUCCESS
2026-04-16 14:00:10.596,NODE_1784,COMPOSITE_BTREE_INDEX,3,0.74,FASTAPI_SYNC_SUCCESS
2026-04-16 14:00:13.626,NODE_1849,COMPOSITE_BTREE_INDEX,4,0.255,FASTAPI_SYNC_SUCCESS
2026-04-16 14:00:07.086,NODE_1147,COMPOSITE_BTREE_INDEX,3,0.327,FASTAPI_SYNC_SUCCESS
2026-04-16 14:00:13.326,NODE_0841,COMPOSITE_BTREE_INDEX,4,0.303,FASTAPI_SYNC_SUCCESS
2026-04-16 14:00:04.757,NODE_0112,COMPOSITE_BTREE_INDEX,5,0.474,FASTAPI_SYNC_SUCCESS
2026-04-16 14:00:06.410,NODE_0916,COMPOSITE_BTREE_INDEX,5,0.313,FASTAPI_SYNC_SUCCESS
2026-04-16 14:00:09.004,NODE_1245,COMPOSITE_BTREE_INDEX,5,0.684,FASTAPI_SYNC_SUCCESS
2026-04-16 14:00:09.778,NODE_0551,COMPOSITE_BTREE_INDEX,3,0.594,FASTAPI_SYNC_SUCCESS
2026-04-16 14:00:09.572,NODE_0747,COMPOSITE_BTREE_INDEX,5,0.553,FASTAPI_SYNC_SUCCESS
2026-04-16 14:00:15.551,NODE_0964,COMPOSITE_BTREE_INDEX,3,0.631,FASTAPI_SYNC_SUCCESS
2026-04-16 14:00:13.811,NODE_1092,COMPOSITE_BTREE_INDEX,4,0.775,FASTAPI_SYNC_SUCCESS
2026-04-16 14:00:07.159,NODE_0296,COMPOSITE_BTREE_INDEX,5,0.415,FASTAPI_SYNC_SUCCESS
2026-04-16 14:00:09.757,NODE_1546,COMPOSITE_BTREE_INDEX,3,0.475,FASTAPI_SYNC_SUCCESS
2026-04-16 14:00:02.358,NODE_1022,COMPOSITE_BTREE_INDEX,5,0.791,FASTAPI_SYNC_SUCCESS
2026-04-16 14:00:11.610,NODE_0525,COMPOSITE_BTREE_INDEX,4,0.26,FASTAPI_SYNC_SUCCESS
2026-04-16 14:00:20.762,NODE_0815,COMPOSITE_BTREE_INDEX,4,0.513,FASTAPI_SYNC_SUCCESS
2026-04-16 14:00:12.626,NODE_1378,COMPOSITE_BTREE_INDEX,5,0.76,FASTAPI_SYNC_SUCCESS
2026-04-16 14:00:18.274,NODE_0311,COMPOSITE_BTREE_INDEX,5,0.269,FASTAPI_SYNC_SUCCESS
2026-04-16 14:00:16.313,NODE_0969,COMPOSITE_BTREE_INDEX,5,0.609,FASTAPI_SYNC_SUCCESS
2026-04-16 14:00:13.451,NODE_0893,COMPOSITE_BTREE_INDEX,4,0.675,FASTAPI_SYNC_SUCCESS
2026-04-16 14:00:04.384,NODE_1744,COMPOSITE_BTREE_INDEX,5,0.539,FASTAPI_SYNC_SUCCESS
2026-04-16 14:00:14.121,NODE_1729,COMPOSITE_BTREE_INDEX,5,0.371,FASTAPI_SYNC_SUCCESS
2026-04-16 14:00:13.873,NODE_1485,COMPOSITE_BTREE_INDEX,4,0.651,FASTAPI_SYNC_SUCCESS
2026-04-16 14:00:22.166,NODE_1285,COMPOSITE_BTREE_INDEX,3,0.793,FASTAPI_SYNC_SUCCESS
2026-04-16 14:00:12.267,NODE_1800,NAIVE_FULL_TABLE_SCAN,83986875,4116.803,EVENT_LOOP_BLOCKED
2026-04-16 14:00:14.322,NODE_0682,COMPOSITE_BTREE_INDEX,5,0.24,FASTAPI_SYNC_SUCCESS
2026-04-16 14:00:19.345,NODE_0628,COMPOSITE_BTREE_INDEX,4,0.716,FASTAPI_SYNC_SUCCESS
2026-04-16 14:00:07.896,NODE_0430,COMPOSITE_BTREE_INDEX,4,0.354,FASTAPI_SYNC_SUCCESS
2026-04-16 14:00:05.817,NODE_1504,COMPOSITE_BTREE_INDEX,4,0.354,FASTAPI_SYNC_SUCCESS
2026-04-16 14:00:18.315,NODE_1751,COMPOSITE_BTREE_INDEX,4,0.741,FASTAPI_SYNC_SUCCESS
2026-04-16 14:00:13.608,NODE_0329,COMPOSITE_BTREE_INDEX,5,0.607,FASTAPI_SYNC_SUCCESS
2026-04-16 14:00:08.400,NODE_1441,COMPOSITE_BTREE_INDEX,3,0.738,FASTAPI_SYNC_SUCCESS
2026-04-16 14:00:16.231,NODE_0064,COMPOSITE_BTREE_INDEX,3,0.705,FASTAPI_SYNC_SUCCESS
2026-04-16 14:00:07.373,NODE_1639,COMPOSITE_BTREE_INDEX,3,0.319,FASTAPI_SYNC_SUCCESS
2026-04-16 14:00:03.621,NODE_1763,COMPOSITE_BTREE_INDEX,5,0.278,FASTAPI_SYNC_SUCCESS
2026-04-16 14:00:06.744,NODE_1172,COMPOSITE_BTREE_INDEX,4,0.793,FASTAPI_SYNC_SUCCESS
2026-04-16 14:00:19.489,NODE_0411,COMPOSITE_BTREE_INDEX,3,0.461,FASTAPI_SYNC_SUCCESS
2026-04-16 14:00:14.843,NODE_1105,COMPOSITE_BTREE_INDEX,3,0.753,FASTAPI_SYNC_SUCCESS
2026-04-16 14:00:16.048,NODE_0351,COMPOSITE_BTREE_INDEX,5,0.29,FASTAPI_SYNC_SUCCESS
2026-04-16 14:00:11.667,NODE_0355,COMPOSITE_BTREE_INDEX,5,0.668,FASTAPI_SYNC_SUCCESS
2026-04-16 14:00:18.335,NODE_1554,COMPOSITE_BTREE_INDEX,5,0.587,FASTAPI_SYNC_SUCCESS
2026-04-16 14:00:08.278,NODE_0737,COMPOSITE_BTREE_INDEX,3,0.593,FASTAPI_SYNC_SUCCESS
2026-04-16 14:00:14.829,NODE_1788,COMPOSITE_BTREE_INDEX,3,0.795,FASTAPI_SYNC_SUCCESS
2026-04-16 14:00:21.574,NODE_0679,COMPOSITE_BTREE_INDEX,5,0.34,FASTAPI_SYNC_SUCCESS
2026-04-16 14:00:05.693,NODE_1886,COMPOSITE_BTREE_INDEX,3,0.328,FASTAPI_SYNC_SUCCESS
2026-04-16 14:00:14.103,NODE_1722,COMPOSITE_BTREE_INDEX,3,0.319,FASTAPI_SYNC_SUCCESS
2026-04-16 14:00:12.143,NODE_1774,COMPOSITE_BTREE_INDEX,4,0.483,FASTAPI_SYNC_SUCCESS
2026-04-16 14:00:07.274,NODE_0026,COMPOSITE_BTREE_INDEX,5,0.512,FASTAPI_SYNC_SUCCESS
2026-04-16 14:00:09.970,NODE_0830,COMPOSITE_BTREE_INDEX,5,0.338,FASTAPI_SYNC_SUCCESS
2026-04-16 14:00:22.893,NODE_1395,COMPOSITE_BTREE_INDEX,3,0.326,FASTAPI_SYNC_SUCCESS
2026-04-16 14:00:03.144,NODE_1908,COMPOSITE_BTREE_INDEX,5,0.591,FASTAPI_SYNC_SUCCESS
2026-04-16 14:00:18.806,NODE_1135,COMPOSITE_BTREE_INDEX,5,0.653,FASTAPI_SYNC_SUCCESS
2026-04-16 14:00:11.642,NODE_0638,COMPOSITE_BTREE_INDEX,3,0.459,FASTAPI_SYNC_SUCCESS
2026-04-16 14:00:19.282,NODE_1725,COMPOSITE_BTREE_INDEX,5,0.415,FASTAPI_SYNC_SUCCESS
2026-04-16 14:00:11.248,NODE_1554,COMPOSITE_BTREE_INDEX,4,0.243,FASTAPI_SYNC_SUCCESS
2026-04-16 14:00:20.719,NODE_1489,COMPOSITE_BTREE_INDEX,3,0.47,FASTAPI_SYNC_SUCCESS
2026-04-16 14:00:10.462,NODE_1072,COMPOSITE_BTREE_INDEX,5,0.639,FASTAPI_SYNC_SUCCESS
2026-04-16 14:00:09.221,NODE_1428,COMPOSITE_BTREE_INDEX,3,0.533,FASTAPI_SYNC_SUCCESS
2026-04-16 14:00:19.218,NODE_0612,COMPOSITE_BTREE_INDEX,5,0.483,FASTAPI_SYNC_SUCCESS
2026-04-16 14:00:17.688,NODE_0043,COMPOSITE_BTREE_INDEX,5,0.726,FASTAPI_SYNC_SUCCESS
2026-04-16 14:00:03.504,NODE_1785,COMPOSITE_BTREE_INDEX,5,0.28,FASTAPI_SYNC_SUCCESS
2026-04-16 14:00:08.572,NODE_0288,COMPOSITE_BTREE_INDEX,5,0.564,FASTAPI_SYNC_SUCCESS
2026-04-16 14:00:05.831,NODE_1673,COMPOSITE_BTREE_INDEX,3,0.419,FASTAPI_SYNC_SUCCESS
2026-04-16 14:00:06.917,NODE_0428,COMPOSITE_BTREE_INDEX,3,0.47,FASTAPI_SYNC_SUCCESS
2026-04-16 14:00:09.818,NODE_0524,COMPOSITE_BTREE_INDEX,5,0.378,FASTAPI_SYNC_SUCCESS
2026-04-16 14:00:10.905,NODE_0124,COMPOSITE_BTREE_INDEX,5,0.361,FASTAPI_SYNC_SUCCESS
2026-04-16 14:00:23.580,NODE_1505,COMPOSITE_BTREE_INDEX,4,0.634,FASTAPI_SYNC_SUCCESS
2026-04-16 14:00:03.909,NODE_1072,COMPOSITE_BTREE_INDEX,5,0.258,FASTAPI_SYNC_SUCCESS
2026-04-16 14:00:21.129,NODE_0155,COMPOSITE_BTREE_INDEX,4,0.353,FASTAPI_SYNC_SUCCESS
2026-04-16 14:00:03.236,NODE_0543,COMPOSITE_BTREE_INDEX,5,0.209,FASTAPI_SYNC_SUCCESS
2026-04-16 14:00:10.980,NODE_1813,COMPOSITE_BTREE_INDEX,3,0.615,FASTAPI_SYNC_SUCCESS
2026-04-16 14:00:15.087,NODE_0411,COMPOSITE_BTREE_INDEX,4,0.317,FASTAPI_SYNC_SUCCESS
2026-04-16 14:00:03.537,NODE_1326,COMPOSITE_BTREE_INDEX,4,0.718,FASTAPI_SYNC_SUCCESS
2026-04-16 14:00:23.046,NODE_1425,COMPOSITE_BTREE_INDEX,3,0.328,FASTAPI_SYNC_SUCCESS
2026-04-16 14:00:04.304,NODE_1829,COMPOSITE_BTREE_INDEX,4,0.402,FASTAPI_SYNC_SUCCESS
2026-04-16 14:00:21.142,NODE_1924,COMPOSITE_BTREE_INDEX,3,0.721,FASTAPI_SYNC_SUCCESS
2026-04-16 14:00:11.849,NODE_1540,COMPOSITE_BTREE_INDEX,3,0.765,FASTAPI_SYNC_SUCCESS
2026-04-16 14:00:05.766,NODE_1919,COMPOSITE_BTREE_INDEX,5,0.311,FASTAPI_SYNC_SUCCESS
2026-04-16 14:00:11.592,NODE_1617,COMPOSITE_BTREE_INDEX,4,0.489,FASTAPI_SYNC_SUCCESS
2026-04-16 14:00:21.565,NODE_1650,COMPOSITE_BTREE_INDEX,3,0.296,FASTAPI_SYNC_SUCCESS
2026-04-16 14:00:12.317,NODE_0952,COMPOSITE_BTREE_INDEX,5,0.758,FASTAPI_SYNC_SUCCESS
2026-04-16 14:00:22.650,NODE_0827,COMPOSITE_BTREE_INDEX,3,0.372,FASTAPI_SYNC_SUCCESS
2026-04-16 14:00:16.945,NODE_0639,COMPOSITE_BTREE_INDEX,5,0.643,FASTAPI_SYNC_SUCCESS
2026-04-16 14:00:03.688,NODE_1130,COMPOSITE_BTREE_INDEX,5,0.29,FASTAPI_SYNC_SUCCESS
2026-04-16 14:00:16.538,NODE_0037,COMPOSITE_BTREE_INDEX,3,0.51,FASTAPI_SYNC_SUCCESS
2026-04-16 14:00:17.627,NODE_1506,COMPOSITE_BTREE_INDEX,5,0.69,FASTAPI_SYNC_SUCCESS
2026-04-16 14:00:05.083,NODE_0731,COMPOSITE_BTREE_INDEX,4,0.714,FASTAPI_SYNC_SUCCESS
2026-04-16 14:00:25.297,NODE_0527,COMPOSITE_BTREE_INDEX,4,0.655,FASTAPI_SYNC_SUCCESS
2026-04-16 14:00:10.261,NODE_0561,COMPOSITE_BTREE_INDEX,4,0.728,FASTAPI_SYNC_SUCCESS
2026-04-16 14:00:08.830,NODE_1522,COMPOSITE_BTREE_INDEX,3,0.615,FASTAPI_SYNC_SUCCESS
2026-04-16 14:00:22.807,NODE_0644,COMPOSITE_BTREE_INDEX,4,0.567,FASTAPI_SYNC_SUCCESS
2026-04-16 14:00:15.723,NODE_0669,COMPOSITE_BTREE_INDEX,3,0.431,FASTAPI_SYNC_SUCCESS
2026-04-16 14:00:25.833,NODE_1342,COMPOSITE_BTREE_INDEX,5,0.6,FASTAPI_SYNC_SUCCESS
2026-04-16 14:00:18.614,NODE_0054,COMPOSITE_BTREE_INDEX,5,0.266,FASTAPI_SYNC_SUCCESS
2026-04-16 14:00:05.615,NODE_1233,COMPOSITE_BTREE_INDEX,5,0.276,FASTAPI_SYNC_SUCCESS
2026-04-16 14:00:19.781,NODE_0662,COMPOSITE_BTREE_INDEX,3,0.583,FASTAPI_SYNC_SUCCESS
2026-04-16 14:00:17.202,NODE_1249,COMPOSITE_BTREE_INDEX,3,0.357,FASTAPI_SYNC_SUCCESS
2026-04-16 14:00:15.271,NODE_1820,COMPOSITE_BTREE_INDEX,3,0.362,FASTAPI_SYNC_SUCCESS
2026-04-16 14:00:08.917,NODE_1048,COMPOSITE_BTREE_INDEX,3,0.336,FASTAPI_SYNC_SUCCESS
2026-04-16 14:00:24.702,NODE_0815,COMPOSITE_BTREE_INDEX,5,0.345,FASTAPI_SYNC_SUCCESS
2026-04-16 14:00:08.221,NODE_1258,COMPOSITE_BTREE_INDEX,5,0.542,FASTAPI_SYNC_SUCCESS
2026-04-16 14:00:07.578,NODE_1841,COMPOSITE_BTREE_INDEX,3,0.782,FASTAPI_SYNC_SUCCESS
2026-04-16 14:00:20.491,NODE_0963,COMPOSITE_BTREE_INDEX,5,0.397,FASTAPI_SYNC_SUCCESS
2026-04-16 14:00:14.992,NODE_0703,COMPOSITE_BTREE_INDEX,5,0.675,FASTAPI_SYNC_SUCCESS
2026-04-16 14:00:12.108,NODE_1478,COMPOSITE_BTREE_INDEX,3,0.703,FASTAPI_SYNC_SUCCESS
2026-04-16 14:00:08.228,NODE_0087,COMPOSITE_BTREE_INDEX,3,0.273,FASTAPI_SYNC_SUCCESS
2026-04-16 14:00:17.000,NODE_1026,COMPOSITE_BTREE_INDEX,4,0.331,FASTAPI_SYNC_SUCCESS
2026-04-16 14:00:02.699,NODE_2024,COMPOSITE_BTREE_INDEX,4,0.501,FASTAPI_SYNC_SUCCESS
2026-04-16 14:00:09.546,NODE_1232,COMPOSITE_BTREE_INDEX,4,0.367,FASTAPI_SYNC_SUCCESS
2026-04-16 14:00:06.970,NODE_0619,COMPOSITE_BTREE_INDEX,5,0.695,FASTAPI_SYNC_SUCCESS
2026-04-16 14:00:16.216,NODE_0864,COMPOSITE_BTREE_INDEX,4,0.269,FASTAPI_SYNC_SUCCESS
2026-04-16 14:00:19.864,NODE_0608,COMPOSITE_BTREE_INDEX,5,0.645,FASTAPI_SYNC_SUCCESS
2026-04-16 14:00:14.634,NODE_0480,COMPOSITE_BTREE_INDEX,4,0.658,FASTAPI_SYNC_SUCCESS
2026-04-16 14:00:23.926,NODE_1626,COMPOSITE_BTREE_INDEX,4,0.333,FASTAPI_SYNC_SUCCESS
2026-04-16 14:00:12.665,NODE_0701,COMPOSITE_BTREE_INDEX,4,0.248,FASTAPI_SYNC_SUCCESS
2026-04-16 14:00:10.076,NODE_1760,COMPOSITE_BTREE_INDEX,4,0.744,FASTAPI_SYNC_SUCCESS
2026-04-16 14:00:16.610,NODE_0302,COMPOSITE_BTREE_INDEX,3,0.493,FASTAPI_SYNC_SUCCESS
2026-04-16 14:00:21.749,NODE_0544,COMPOSITE_BTREE_INDEX,5,0.378,FASTAPI_SYNC_SUCCESS
2026-04-16 14:00:15.668,NODE_0822,COMPOSITE_BTREE_INDEX,5,0.782,FASTAPI_SYNC_SUCCESS
2026-04-16 14:00:11.527,NODE_0974,COMPOSITE_BTREE_INDEX,5,0.607,FASTAPI_SYNC_SUCCESS
2026-04-16 14:00:03.345,NODE_0394,COMPOSITE_BTREE_INDEX,4,0.232,FASTAPI_SYNC_SUCCESS
2026-04-16 14:00:20.659,NODE_0519,COMPOSITE_BTREE_INDEX,3,0.218,FASTAPI_SYNC_SUCCESS
2026-04-16 14:00:07.056,NODE_0528,COMPOSITE_BTREE_INDEX,4,0.404,FASTAPI_SYNC_SUCCESS
2026-04-16 14:00:09.191,NODE_1266,COMPOSITE_BTREE_INDEX,3,0.459,FASTAPI_SYNC_SUCCESS
2026-04-16 14:00:13.170,NODE_1733,COMPOSITE_BTREE_INDEX,3,0.406,FASTAPI_SYNC_SUCCESS
2026-04-16 14:00:26.027,NODE_0093,COMPOSITE_BTREE_INDEX,5,0.785,FASTAPI_SYNC_SUCCESS
2026-04-16 14:00:23.354,NODE_0453,COMPOSITE_BTREE_INDEX,5,0.537,FASTAPI_SYNC_SUCCESS
2026-04-16 14:00:12.443,NODE_1819,COMPOSITE_BTREE_INDEX,5,0.652,FASTAPI_SYNC_SUCCESS
2026-04-16 14:00:15.587,NODE_0705,COMPOSITE_BTREE_INDEX,5,0.302,FASTAPI_SYNC_SUCCESS
2026-04-16 14:00:24.527,NODE_0727,COMPOSITE_BTREE_INDEX,5,0.42,FASTAPI_SYNC_SUCCESS
2026-04-16 14:00:11.190,NODE_0737,COMPOSITE_BTREE_INDEX,4,0.749,FASTAPI_SYNC_SUCCESS
2026-04-16 14:00:24.853,NODE_0360,COMPOSITE_BTREE_INDEX,5,0.647,FASTAPI_SYNC_SUCCESS
2026-04-16 14:00:22.780,NODE_0364,COMPOSITE_BTREE_INDEX,4,0.611,FASTAPI_SYNC_SUCCESS
2026-04-16 14:00:11.829,NODE_1056,COMPOSITE_BTREE_INDEX,5,0.707,FASTAPI_SYNC_SUCCESS
2026-04-16 14:00:08.418,NODE_0272,COMPOSITE_BTREE_INDEX,5,0.358,FASTAPI_SYNC_SUCCESS
2026-04-16 14:00:08.510,NODE_0254,COMPOSITE_BTREE_INDEX,3,0.659,FASTAPI_SYNC_SUCCESS
2026-04-16 14:00:21.650,NODE_0577,COMPOSITE_BTREE_INDEX,3,0.285,FASTAPI_SYNC_SUCCESS
2026-04-16 14:00:24.883,NODE_0674,COMPOSITE_BTREE_INDEX,5,0.542,FASTAPI_SYNC_SUCCESS
2026-04-16 14:00:14.989,NODE_0327,COMPOSITE_BTREE_INDEX,4,0.8,FASTAPI_SYNC_SUCCESS
2026-04-16 14:00:03.136,NODE_0281,COMPOSITE_BTREE_INDEX,5,0.358,FASTAPI_SYNC_SUCCESS
2026-04-16 14:00:26.774,NODE_0185,COMPOSITE_BTREE_INDEX,3,0.47,FASTAPI_SYNC_SUCCESS
2026-04-16 14:00:19.192,NODE_0550,COMPOSITE_BTREE_INDEX,3,0.629,FASTAPI_SYNC_SUCCESS
2026-04-16 14:00:04.513,NODE_0903,COMPOSITE_BTREE_INDEX,4,0.774,FASTAPI_SYNC_SUCCESS
2026-04-16 14:00:19.040,NODE_0555,COMPOSITE_BTREE_INDEX,4,0.234,FASTAPI_SYNC_SUCCESS
2026-04-16 14:00:09.019,NODE_1685,COMPOSITE_BTREE_INDEX,4,0.359,FASTAPI_SYNC_SUCCESS
2026-04-16 14:00:24.067,NODE_1520,COMPOSITE_BTREE_INDEX,3,0.412,FASTAPI_SYNC_SUCCESS
2026-04-16 14:00:08.731,NODE_0679,COMPOSITE_BTREE_INDEX,5,0.215,FASTAPI_SYNC_SUCCESS
2026-04-16 14:00:22.572,NODE_0445,COMPOSITE_BTREE_INDEX,4,0.447,FASTAPI_SYNC_SUCCESS
2026-04-16 14:00:12.086,NODE_1612,COMPOSITE_BTREE_INDEX,5,0.286,FASTAPI_SYNC_SUCCESS
2026-04-16 14:00:24.136,NODE_1029,COMPOSITE_BTREE_INDEX,5,0.472,FASTAPI_SYNC_SUCCESS
2026-04-16 14:00:26.516,NODE_1161,COMPOSITE_BTREE_INDEX,5,0.549,FASTAPI_SYNC_SUCCESS
2026-04-16 14:00:07.154,NODE_0042,COMPOSITE_BTREE_INDEX,5,0.667,FASTAPI_SYNC_SUCCESS
2026-04-16 14:00:08.974,NODE_1610,COMPOSITE_BTREE_INDEX,3,0.225,FASTAPI_SYNC_SUCCESS
2026-04-16 14:00:12.270,NODE_0909,COMPOSITE_BTREE_INDEX,4,0.644,FASTAPI_SYNC_SUCCESS
2026-04-16 14:00:28.851,NODE_1753,COMPOSITE_BTREE_INDEX,4,0.2,FASTAPI_SYNC_SUCCESS
2026-04-16 14:00:05.409,NODE_1195,COMPOSITE_BTREE_INDEX,5,0.752,FASTAPI_SYNC_SUCCESS
2026-04-16 14:00:09.495,NODE_0225,COMPOSITE_BTREE_INDEX,4,0.369,FASTAPI_SYNC_SUCCESS
2026-04-16 14:00:19.135,NODE_0852,COMPOSITE_BTREE_INDEX,3,0.645,FASTAPI_SYNC_SUCCESS
2026-04-16 14:00:26.169,NODE_1873,COMPOSITE_BTREE_INDEX,5,0.606,FASTAPI_SYNC_SUCCESS
2026-04-16 14:00:14.388,NODE_0217,COMPOSITE_BTREE_INDEX,5,0.505,FASTAPI_SYNC_SUCCESS
2026-04-16 14:00:20.797,NODE_0287,COMPOSITE_BTREE_INDEX,3,0.746,FASTAPI_SYNC_SUCCESS
2026-04-16 14:00:24.994,NODE_1771,COMPOSITE_BTREE_INDEX,3,0.319,FASTAPI_SYNC_SUCCESS
2026-04-16 14:00:27.010,NODE_0821,COMPOSITE_BTREE_INDEX,4,0.444,FASTAPI_SYNC_SUCCESS
2026-04-16 14:00:14.952,NODE_0659,COMPOSITE_BTREE_INDEX,3,0.288,FASTAPI_SYNC_SUCCESS
2026-04-16 14:00:24.213,NODE_1952,COMPOSITE_BTREE_INDEX,4,0.558,FASTAPI_SYNC_SUCCESS
2026-04-16 14:00:09.072,NODE_0557,COMPOSITE_BTREE_INDEX,5,0.744,FASTAPI_SYNC_SUCCESS
2026-04-16 14:00:22.110,NODE_1981,COMPOSITE_BTREE_INDEX,5,0.606,FASTAPI_SYNC_SUCCESS
2026-04-16 14:00:04.907,NODE_1069,COMPOSITE_BTREE_INDEX,5,0.557,FASTAPI_SYNC_SUCCESS
2026-04-16 14:00:04.196,NODE_0860,COMPOSITE_BTREE_INDEX,4,0.716,FASTAPI_SYNC_SUCCESS
2026-04-16 14:00:21.232,NODE_0333,COMPOSITE_BTREE_INDEX,5,0.318,FASTAPI_SYNC_SUCCESS
2026-04-16 14:00:10.084,NODE_0571,COMPOSITE_BTREE_INDEX,5,0.28,FASTAPI_SYNC_SUCCESS
2026-04-16 14:00:09.513,NODE_0034,COMPOSITE_BTREE_INDEX,5,0.224,FASTAPI_SYNC_SUCCESS
2026-04-16 14:00:19.969,NODE_0229,COMPOSITE_BTREE_INDEX,4,0.658,FASTAPI_SYNC_SUCCESS
2026-04-16 14:00:15.298,NODE_0287,COMPOSITE_BTREE_INDEX,4,0.33,FASTAPI_SYNC_SUCCESS
2026-04-16 14:00:19.515,NODE_0107,NAIVE_FULL_TABLE_SCAN,83986875,3860.307,EVENT_LOOP_BLOCKED
2026-04-16 14:00:23.650,NODE_1158,COMPOSITE_BTREE_INDEX,4,0.767,FASTAPI_SYNC_SUCCESS
2026-04-16 14:00:15.595,NODE_1510,COMPOSITE_BTREE_INDEX,5,0.396,FASTAPI_SYNC_SUCCESS
2026-04-16 14:00:24.127,NODE_0671,COMPOSITE_BTREE_INDEX,3,0.758,FASTAPI_SYNC_SUCCESS
2026-04-16 14:00:27.374,NODE_0182,COMPOSITE_BTREE_INDEX,5,0.741,FASTAPI_SYNC_SUCCESS
2026-04-16 14:00:22.140,NODE_1809,COMPOSITE_BTREE_INDEX,5,0.648,FASTAPI_SYNC_SUCCESS
2026-04-16 14:00:19.597,NODE_1152,COMPOSITE_BTREE_INDEX,3,0.491,FASTAPI_SYNC_SUCCESS
2026-04-16 14:00:24.816,NODE_0439,COMPOSITE_BTREE_INDEX,5,0.368,FASTAPI_SYNC_SUCCESS
2026-04-16 14:00:26.727,NODE_0086,COMPOSITE_BTREE_INDEX,5,0.391,FASTAPI_SYNC_SUCCESS
2026-04-16 14:00:05.514,NODE_1371,COMPOSITE_BTREE_INDEX,4,0.542,FASTAPI_SYNC_SUCCESS
2026-04-16 14:00:20.067,NODE_1084,COMPOSITE_BTREE_INDEX,5,0.768,FASTAPI_SYNC_SUCCESS
2026-04-16 14:00:08.200,NODE_1142,COMPOSITE_BTREE_INDEX,5,0.296,FASTAPI_SYNC_SUCCESS
2026-04-16 14:00:22.240,NODE_1343,COMPOSITE_BTREE_INDEX,3,0.626,FASTAPI_SYNC_SUCCESS
2026-04-16 14:00:17.210,NODE_0050,COMPOSITE_BTREE_INDEX,4,0.49,FASTAPI_SYNC_SUCCESS
2026-04-16 14:00:18.557,NODE_1252,COMPOSITE_BTREE_INDEX,5,0.581,FASTAPI_SYNC_SUCCESS
2026-04-16 14:00:11.276,NODE_1961,COMPOSITE_BTREE_INDEX,3,0.381,FASTAPI_SYNC_SUCCESS
2026-04-16 14:00:20.574,NODE_0356,COMPOSITE_BTREE_INDEX,4,0.515,FASTAPI_SYNC_SUCCESS
2026-04-16 14:00:20.009,NODE_1491,COMPOSITE_BTREE_INDEX,4,0.673,FASTAPI_SYNC_SUCCESS
2026-04-16 14:00:20.787,NODE_1782,COMPOSITE_BTREE_INDEX,5,0.253,FASTAPI_SYNC_SUCCESS
2026-04-16 14:00:10.653,NODE_1300,COMPOSITE_BTREE_INDEX,3,0.265,FASTAPI_SYNC_SUCCESS
2026-04-16 14:00:22.552,NODE_0569,COMPOSITE_BTREE_INDEX,3,0.753,FASTAPI_SYNC_SUCCESS
2026-04-16 14:00:04.270,NODE_0880,COMPOSITE_BTREE_INDEX,3,0.692,FASTAPI_SYNC_SUCCESS
2026-04-16 14:00:15.738,NODE_1899,COMPOSITE_BTREE_INDEX,5,0.777,FASTAPI_SYNC_SUCCESS
2026-04-16 14:00:18.313,NODE_0888,COMPOSITE_BTREE_INDEX,4,0.613,FASTAPI_SYNC_SUCCESS
2026-04-16 14:00:21.704,NODE_0976,COMPOSITE_BTREE_INDEX,4,0.665,FASTAPI_SYNC_SUCCESS
2026-04-16 14:00:21.940,NODE_1622,COMPOSITE_BTREE_INDEX,3,0.324,FASTAPI_SYNC_SUCCESS
2026-04-16 14:00:06.461,NODE_1938,COMPOSITE_BTREE_INDEX,3,0.539,FASTAPI_SYNC_SUCCESS
2026-04-16 14:00:15.418,NODE_1586,COMPOSITE_BTREE_INDEX,3,0.633,FASTAPI_SYNC_SUCCESS
2026-04-16 14:00:18.347,NODE_1910,COMPOSITE_BTREE_INDEX,3,0.366,FASTAPI_SYNC_SUCCESS
2026-04-16 14:00:22.131,NODE_0805,COMPOSITE_BTREE_INDEX,5,0.262,FASTAPI_SYNC_SUCCESS
2026-04-16 14:00:31.235,NODE_1058,COMPOSITE_BTREE_INDEX,3,0.507,FASTAPI_SYNC_SUCCESS
2026-04-16 14:00:27.314,NODE_0985,COMPOSITE_BTREE_INDEX,4,0.239,FASTAPI_SYNC_SUCCESS
2026-04-16 14:00:20.542,NODE_1823,COMPOSITE_BTREE_INDEX,4,0.642,FASTAPI_SYNC_SUCCESS
2026-04-16 14:00:23.927,NODE_1088,COMPOSITE_BTREE_INDEX,3,0.479,FASTAPI_SYNC_SUCCESS
2026-04-16 14:00:05.427,NODE_0127,COMPOSITE_BTREE_INDEX,4,0.243,FASTAPI_SYNC_SUCCESS
2026-04-16 14:00:09.776,NODE_1816,COMPOSITE_BTREE_INDEX,3,0.7,FASTAPI_SYNC_SUCCESS
2026-04-16 14:00:09.884,NODE_1231,COMPOSITE_BTREE_INDEX,5,0.793,FASTAPI_SYNC_SUCCESS
2026-04-16 14:00:04.417,NODE_2013,COMPOSITE_BTREE_INDEX,3,0.205,FASTAPI_SYNC_SUCCESS
2026-04-16 14:00:23.237,NODE_1045,COMPOSITE_BTREE_INDEX,5,0.617,FASTAPI_SYNC_SUCCESS
2026-04-16 14:00:16.682,NODE_0071,COMPOSITE_BTREE_INDEX,3,0.724,FASTAPI_SYNC_SUCCESS
2026-04-16 14:00:17.143,NODE_0262,COMPOSITE_BTREE_INDEX,3,0.759,FASTAPI_SYNC_SUCCESS
2026-04-16 14:00:29.184,NODE_1518,COMPOSITE_BTREE_INDEX,5,0.228,FASTAPI_SYNC_SUCCESS
2026-04-16 14:00:15.596,NODE_1700,COMPOSITE_BTREE_INDEX,3,0.591,FASTAPI_SYNC_SUCCESS
2026-04-16 14:00:06.781,NODE_1920,COMPOSITE_BTREE_INDEX,4,0.79,FASTAPI_SYNC_SUCCESS
2026-04-16 14:00:12.271,NODE_0193,COMPOSITE_BTREE_INDEX,4,0.652,FASTAPI_SYNC_SUCCESS
2026-04-16 14:00:28.968,NODE_1882,COMPOSITE_BTREE_INDEX,3,0.245,FASTAPI_SYNC_SUCCESS
2026-04-16 14:00:24.285,NODE_1801,COMPOSITE_BTREE_INDEX,5,0.778,FASTAPI_SYNC_SUCCESS
2026-04-16 14:00:29.964,NODE_0778,COMPOSITE_BTREE_INDEX,3,0.425,FASTAPI_SYNC_SUCCESS
2026-04-16 14:00:03.971,NODE_0915,COMPOSITE_BTREE_INDEX,3,0.41,FASTAPI_SYNC_SUCCESS
2026-04-16 14:00:04.057,NODE_1634,COMPOSITE_BTREE_INDEX,3,0.327,FASTAPI_SYNC_SUCCESS
2026-04-16 14:00:22.211,NODE_0480,COMPOSITE_BTREE_INDEX,3,0.728,FASTAPI_SYNC_SUCCESS
2026-04-16 14:00:03.824,NODE_0804,COMPOSITE_BTREE_INDEX,5,0.529,FASTAPI_SYNC_SUCCESS
2026-04-16 14:00:13.659,NODE_0259,COMPOSITE_BTREE_INDEX,5,0.345,FASTAPI_SYNC_SUCCESS
2026-04-16 14:00:16.455,NODE_0202,COMPOSITE_BTREE_INDEX,4,0.463,FASTAPI_SYNC_SUCCESS
2026-04-16 14:00:24.959,NODE_1433,COMPOSITE_BTREE_INDEX,4,0.214,FASTAPI_SYNC_SUCCESS
2026-04-16 14:00:31.192,NODE_0278,COMPOSITE_BTREE_INDEX,4,0.383,FASTAPI_SYNC_SUCCESS
2026-04-16 14:00:11.711,NODE_1409,COMPOSITE_BTREE_INDEX,4,0.484,FASTAPI_SYNC_SUCCESS
2026-04-16 14:00:18.425,NODE_0013,COMPOSITE_BTREE_INDEX,4,0.593,FASTAPI_SYNC_SUCCESS
2026-04-16 14:00:06.779,NODE_1913,COMPOSITE_BTREE_INDEX,3,0.67,FASTAPI_SYNC_SUCCESS
2026-04-16 14:00:18.603,NODE_0915,COMPOSITE_BTREE_INDEX,4,0.656,FASTAPI_SYNC_SUCCESS
2026-04-16 14:00:14.698,NODE_1317,COMPOSITE_BTREE_INDEX,3,0.644,FASTAPI_SYNC_SUCCESS
2026-04-16 14:00:27.170,NODE_1068,COMPOSITE_BTREE_INDEX,3,0.306,FASTAPI_SYNC_SUCCESS
2026-04-16 14:00:30.981,NODE_0778,COMPOSITE_BTREE_INDEX,5,0.76,FASTAPI_SYNC_SUCCESS
2026-04-16 14:00:27.033,NODE_0188,COMPOSITE_BTREE_INDEX,3,0.291,FASTAPI_SYNC_SUCCESS
2026-04-16 14:00:27.374,NODE_1238,COMPOSITE_BTREE_INDEX,4,0.698,FASTAPI_SYNC_SUCCESS
2026-04-16 14:00:20.173,NODE_1590,COMPOSITE_BTREE_INDEX,3,0.58,FASTAPI_SYNC_SUCCESS
2026-04-16 14:00:26.711,NODE_0278,COMPOSITE_BTREE_INDEX,4,0.686,FASTAPI_SYNC_SUCCESS
2026-04-16 14:00:12.756,NODE_0339,COMPOSITE_BTREE_INDEX,3,0.272,FASTAPI_SYNC_SUCCESS
2026-04-16 14:00:08.076,NODE_0360,COMPOSITE_BTREE_INDEX,3,0.261,FASTAPI_SYNC_SUCCESS
2026-04-16 14:00:19.015,NODE_1537,COMPOSITE_BTREE_INDEX,4,0.304,FASTAPI_SYNC_SUCCESS
2026-04-16 14:00:10.000,NODE_0115,COMPOSITE_BTREE_INDEX,5,0.531,FASTAPI_SYNC_SUCCESS
2026-04-16 14:00:30.582,NODE_1026,COMPOSITE_BTREE_INDEX,5,0.227,FASTAPI_SYNC_SUCCESS
2026-04-16 14:00:30.171,NODE_0099,COMPOSITE_BTREE_INDEX,4,0.381,FASTAPI_SYNC_SUCCESS
2026-04-16 14:00:27.930,NODE_0598,COMPOSITE_BTREE_INDEX,5,0.706,FASTAPI_SYNC_SUCCESS
2026-04-16 14:00:06.605,NODE_1979,COMPOSITE_BTREE_INDEX,5,0.419,FASTAPI_SYNC_SUCCESS
2026-04-16 14:00:33.644,NODE_1961,COMPOSITE_BTREE_INDEX,5,0.318,FASTAPI_SYNC_SUCCESS
2026-04-16 14:00:11.853,NODE_0791,COMPOSITE_BTREE_INDEX,5,0.258,FASTAPI_SYNC_SUCCESS
2026-04-16 14:00:27.112,NODE_0356,COMPOSITE_BTREE_INDEX,5,0.756,FASTAPI_SYNC_SUCCESS
2026-04-16 14:00:06.609,NODE_0351,COMPOSITE_BTREE_INDEX,5,0.505,FASTAPI_SYNC_SUCCESS
2026-04-16 14:00:25.003,NODE_1901,COMPOSITE_BTREE_INDEX,5,0.774,FASTAPI_SYNC_SUCCESS
2026-04-16 14:00:26.581,NODE_1389,COMPOSITE_BTREE_INDEX,5,0.51,FASTAPI_SYNC_SUCCESS
2026-04-16 14:00:29.860,NODE_1356,COMPOSITE_BTREE_INDEX,5,0.33,FASTAPI_SYNC_SUCCESS
2026-04-16 14:00:20.223,NODE_1706,COMPOSITE_BTREE_INDEX,5,0.64,FASTAPI_SYNC_SUCCESS
2026-04-16 14:00:04.710,NODE_1439,COMPOSITE_BTREE_INDEX,4,0.577,FASTAPI_SYNC_SUCCESS
2026-04-16 14:00:15.669,NODE_1858,COMPOSITE_BTREE_INDEX,4,0.662,FASTAPI_SYNC_SUCCESS
2026-04-16 14:00:27.254,NODE_1647,COMPOSITE_BTREE_INDEX,3,0.552,FASTAPI_SYNC_SUCCESS
2026-04-16 14:00:12.903,NODE_1690,COMPOSITE_BTREE_INDEX,4,0.636,FASTAPI_SYNC_SUCCESS
2026-04-16 14:00:19.555,NODE_1301,COMPOSITE_BTREE_INDEX,4,0.416,FASTAPI_SYNC_SUCCESS
2026-04-16 14:00:13.558,NODE_0672,COMPOSITE_BTREE_INDEX,3,0.45,FASTAPI_SYNC_SUCCESS
2026-04-16 14:00:04.218,NODE_0381,COMPOSITE_BTREE_INDEX,4,0.481,FASTAPI_SYNC_SUCCESS
2026-04-16 14:00:24.291,NODE_0835,COMPOSITE_BTREE_INDEX,5,0.73,FASTAPI_SYNC_SUCCESS
2026-04-16 14:00:09.662,NODE_1634,COMPOSITE_BTREE_INDEX,4,0.633,FASTAPI_SYNC_SUCCESS
2026-04-16 14:00:13.343,NODE_0560,COMPOSITE_BTREE_INDEX,4,0.311,FASTAPI_SYNC_SUCCESS
2026-04-16 14:00:18.040,NODE_1146,COMPOSITE_BTREE_INDEX,4,0.765,FASTAPI_SYNC_SUCCESS
2026-04-16 14:00:14.266,NODE_1498,COMPOSITE_BTREE_INDEX,5,0.208,FASTAPI_SYNC_SUCCESS
2026-04-16 14:00:12.316,NODE_1336,COMPOSITE_BTREE_INDEX,5,0.533,FASTAPI_SYNC_SUCCESS
2026-04-16 14:00:28.574,NODE_1734,COMPOSITE_BTREE_INDEX,3,0.279,FASTAPI_SYNC_SUCCESS
2026-04-16 14:00:13.767,NODE_0571,COMPOSITE_BTREE_INDEX,4,0.439,FASTAPI_SYNC_SUCCESS
2026-04-16 14:00:28.472,NODE_0559,COMPOSITE_BTREE_INDEX,3,0.775,FASTAPI_SYNC_SUCCESS
2026-04-16 14:00:08.138,NODE_1966,COMPOSITE_BTREE_INDEX,3,0.4,FASTAPI_SYNC_SUCCESS
2026-04-16 14:00:33.119,NODE_0631,COMPOSITE_BTREE_INDEX,5,0.204,FASTAPI_SYNC_SUCCESS
2026-04-16 14:00:09.067,NODE_1178,COMPOSITE_BTREE_INDEX,4,0.698,FASTAPI_SYNC_SUCCESS
2026-04-16 14:00:32.934,NODE_1457,COMPOSITE_BTREE_INDEX,5,0.524,FASTAPI_SYNC_SUCCESS
2026-04-16 14:00:07.685,NODE_0993,COMPOSITE_BTREE_INDEX,3,0.791,FASTAPI_SYNC_SUCCESS
2026-04-16 14:00:13.505,NODE_0737,COMPOSITE_BTREE_INDEX,4,0.524,FASTAPI_SYNC_SUCCESS
2026-04-16 14:00:12.858,NODE_0956,COMPOSITE_BTREE_INDEX,4,0.286,FASTAPI_SYNC_SUCCESS
2026-04-16 14:00:10.356,NODE_1649,COMPOSITE_BTREE_INDEX,3,0.239,FASTAPI_SYNC_SUCCESS
2026-04-16 14:00:22.885,NODE_0822,COMPOSITE_BTREE_INDEX,4,0.57,FASTAPI_SYNC_SUCCESS
2026-04-16 14:00:07.677,NODE_1356,COMPOSITE_BTREE_INDEX,5,0.661,FASTAPI_SYNC_SUCCESS
2026-04-16 14:00:14.801,NODE_1993,COMPOSITE_BTREE_INDEX,4,0.41,FASTAPI_SYNC_SUCCESS
2026-04-16 14:00:14.354,NODE_1439,COMPOSITE_BTREE_INDEX,5,0.361,FASTAPI_SYNC_SUCCESS
2026-04-16 14:00:23.280,NODE_1091,COMPOSITE_BTREE_INDEX,3,0.566,FASTAPI_SYNC_SUCCESS
2026-04-16 14:00:07.355,NODE_0200,COMPOSITE_BTREE_INDEX,4,0.63,FASTAPI_SYNC_SUCCESS
2026-04-16 14:00:09.434,NODE_0558,COMPOSITE_BTREE_INDEX,3,0.231,FASTAPI_SYNC_SUCCESS
2026-04-16 14:00:35.439,NODE_2009,COMPOSITE_BTREE_INDEX,5,0.583,FASTAPI_SYNC_SUCCESS
2026-04-16 14:00:17.665,NODE_1653,COMPOSITE_BTREE_INDEX,5,0.618,FASTAPI_SYNC_SUCCESS
2026-04-16 14:00:32.532,NODE_1822,COMPOSITE_BTREE_INDEX,4,0.413,FASTAPI_SYNC_SUCCESS
2026-04-16 14:00:25.980,NODE_0997,COMPOSITE_BTREE_INDEX,5,0.345,FASTAPI_SYNC_SUCCESS
2026-04-16 14:00:19.330,NODE_1535,COMPOSITE_BTREE_INDEX,4,0.207,FASTAPI_SYNC_SUCCESS
2026-04-16 14:00:13.664,NODE_0851,COMPOSITE_BTREE_INDEX,5,0.692,FASTAPI_SYNC_SUCCESS
2026-04-16 14:00:04.609,NODE_1675,COMPOSITE_BTREE_INDEX,3,0.332,FASTAPI_SYNC_SUCCESS
2026-04-16 14:00:16.123,NODE_0927,COMPOSITE_BTREE_INDEX,5,0.432,FASTAPI_SYNC_SUCCESS
2026-04-16 14:00:27.688,NODE_0626,COMPOSITE_BTREE_INDEX,3,0.783,FASTAPI_SYNC_SUCCESS
2026-04-16 14:00:33.420,NODE_1329,COMPOSITE_BTREE_INDEX,4,0.352,FASTAPI_SYNC_SUCCESS
2026-04-16 14:00:17.172,NODE_0328,COMPOSITE_BTREE_INDEX,3,0.376,FASTAPI_SYNC_SUCCESS
2026-04-16 14:00:32.753,NODE_1046,COMPOSITE_BTREE_INDEX,4,0.351,FASTAPI_SYNC_SUCCESS
2026-04-16 14:00:09.214,NODE_0524,COMPOSITE_BTREE_INDEX,5,0.551,FASTAPI_SYNC_SUCCESS
2026-04-16 14:00:07.351,NODE_1976,COMPOSITE_BTREE_INDEX,3,0.411,FASTAPI_SYNC_SUCCESS
2026-04-16 14:00:16.012,NODE_0092,COMPOSITE_BTREE_INDEX,3,0.412,FASTAPI_SYNC_SUCCESS
2026-04-16 14:00:27.552,NODE_1277,COMPOSITE_BTREE_INDEX,4,0.326,FASTAPI_SYNC_SUCCESS
2026-04-16 14:00:22.401,NODE_0784,COMPOSITE_BTREE_INDEX,3,0.339,FASTAPI_SYNC_SUCCESS
2026-04-16 14:00:21.172,NODE_1037,COMPOSITE_BTREE_INDEX,4,0.658,FASTAPI_SYNC_SUCCESS
2026-04-16 14:00:14.626,NODE_0620,COMPOSITE_BTREE_INDEX,4,0.658,FASTAPI_SYNC_SUCCESS
2026-04-16 14:00:29.839,NODE_0870,COMPOSITE_BTREE_INDEX,3,0.765,FASTAPI_SYNC_SUCCESS
2026-04-16 14:00:05.719,NODE_1195,COMPOSITE_BTREE_INDEX,5,0.699,FASTAPI_SYNC_SUCCESS
2026-04-16 14:00:36.571,NODE_1612,COMPOSITE_BTREE_INDEX,5,0.512,FASTAPI_SYNC_SUCCESS
2026-04-16 14:00:19.903,NODE_1902,COMPOSITE_BTREE_INDEX,4,0.626,FASTAPI_SYNC_SUCCESS
2026-04-16 14:00:07.931,NODE_0229,COMPOSITE_BTREE_INDEX,3,0.43,FASTAPI_SYNC_SUCCESS
2026-04-16 14:00:28.448,NODE_0648,COMPOSITE_BTREE_INDEX,5,0.523,FASTAPI_SYNC_SUCCESS
2026-04-16 14:00:35.611,NODE_0075,COMPOSITE_BTREE_INDEX,3,0.756,FASTAPI_SYNC_SUCCESS
2026-04-16 14:00:18.618,NODE_1589,COMPOSITE_BTREE_INDEX,3,0.395,FASTAPI_SYNC_SUCCESS
2026-04-16 14:00:21.876,NODE_0757,COMPOSITE_BTREE_INDEX,5,0.439,FASTAPI_SYNC_SUCCESS
2026-04-16 14:00:26.583,NODE_1686,COMPOSITE_BTREE_INDEX,5,0.388,FASTAPI_SYNC_SUCCESS
2026-04-16 14:00:29.972,NODE_1327,COMPOSITE_BTREE_INDEX,4,0.232,FASTAPI_SYNC_SUCCESS
2026-04-16 14:00:17.415,NODE_0251,COMPOSITE_BTREE_INDEX,3,0.317,FASTAPI_SYNC_SUCCESS
2026-04-16 14:00:23.011,NODE_1953,COMPOSITE_BTREE_INDEX,4,0.456,FASTAPI_SYNC_SUCCESS
2026-04-16 14:00:29.062,NODE_0015,COMPOSITE_BTREE_INDEX,3,0.683,FASTAPI_SYNC_SUCCESS
2026-04-16 14:00:35.736,NODE_1318,COMPOSITE_BTREE_INDEX,3,0.373,FASTAPI_SYNC_SUCCESS
2026-04-16 14:00:10.849,NODE_1867,COMPOSITE_BTREE_INDEX,5,0.303,FASTAPI_SYNC_SUCCESS
2026-04-16 14:00:33.643,NODE_0750,COMPOSITE_BTREE_INDEX,4,0.678,FASTAPI_SYNC_SUCCESS
2026-04-16 14:00:19.990,NODE_0912,NAIVE_FULL_TABLE_SCAN,83986875,4105.86,EVENT_LOOP_BLOCKED
2026-04-16 14:00:20.013,NODE_1426,COMPOSITE_BTREE_INDEX,3,0.651,FASTAPI_SYNC_SUCCESS
2026-04-16 14:00:23.269,NODE_0512,COMPOSITE_BTREE_INDEX,3,0.387,FASTAPI_SYNC_SUCCESS
2026-04-16 14:00:32.014,NODE_1046,COMPOSITE_BTREE_INDEX,3,0.521,FASTAPI_SYNC_SUCCESS
2026-04-16 14:00:27.386,NODE_0349,COMPOSITE_BTREE_INDEX,5,0.753,FASTAPI_SYNC_SUCCESS
2026-04-16 14:00:27.136,NODE_1596,COMPOSITE_BTREE_INDEX,5,0.702,FASTAPI_SYNC_SUCCESS
2026-04-16 14:00:16.398,NODE_0627,COMPOSITE_BTREE_INDEX,5,0.316,FASTAPI_SYNC_SUCCESS
2026-04-16 14:00:37.736,NODE_0259,COMPOSITE_BTREE_INDEX,3,0.209,FASTAPI_SYNC_SUCCESS
2026-04-16 14:00:33.036,NODE_0898,COMPOSITE_BTREE_INDEX,3,0.295,FASTAPI_SYNC_SUCCESS
2026-04-16 14:00:22.737,NODE_0258,COMPOSITE_BTREE_INDEX,4,0.507,FASTAPI_SYNC_SUCCESS
2026-04-16 14:00:31.638,NODE_0723,COMPOSITE_BTREE_INDEX,5,0.311,FASTAPI_SYNC_SUCCESS
2026-04-16 14:00:34.007,NODE_1530,COMPOSITE_BTREE_INDEX,5,0.552,FASTAPI_SYNC_SUCCESS
2026-04-16 14:00:17.498,NODE_1582,COMPOSITE_BTREE_INDEX,5,0.773,FASTAPI_SYNC_SUCCESS
2026-04-16 14:00:19.324,NODE_1930,COMPOSITE_BTREE_INDEX,5,0.743,FASTAPI_SYNC_SUCCESS
2026-04-16 14:00:35.183,NODE_1693,COMPOSITE_BTREE_INDEX,3,0.638,FASTAPI_SYNC_SUCCESS
2026-04-16 14:00:17.901,NODE_0555,COMPOSITE_BTREE_INDEX,5,0.373,FASTAPI_SYNC_SUCCESS
2026-04-16 14:00:26.991,NODE_0197,COMPOSITE_BTREE_INDEX,5,0.745,FASTAPI_SYNC_SUCCESS
2026-04-16 14:00:09.513,NODE_0710,COMPOSITE_BTREE_INDEX,4,0.573,FASTAPI_SYNC_SUCCESS
2026-04-16 14:00:13.490,NODE_0285,COMPOSITE_BTREE_INDEX,5,0.718,FASTAPI_SYNC_SUCCESS
2026-04-16 14:00:28.628,NODE_0394,COMPOSITE_BTREE_INDEX,3,0.76,FASTAPI_SYNC_SUCCESS
2026-04-16 14:00:27.805,NODE_1043,COMPOSITE_BTREE_INDEX,5,0.751,FASTAPI_SYNC_SUCCESS
2026-04-16 14:00:23.814,NODE_1920,COMPOSITE_BTREE_INDEX,5,0.44,FASTAPI_SYNC_SUCCESS
2026-04-16 14:00:07.251,NODE_0525,COMPOSITE_BTREE_INDEX,3,0.361,FASTAPI_SYNC_SUCCESS
2026-04-16 14:00:35.156,NODE_0442,COMPOSITE_BTREE_INDEX,5,0.63,FASTAPI_SYNC_SUCCESS
2026-04-16 14:00:31.267,NODE_0173,COMPOSITE_BTREE_INDEX,4,0.524,FASTAPI_SYNC_SUCCESS
2026-04-16 14:00:08.416,NODE_1536,COMPOSITE_BTREE_INDEX,3,0.445,FASTAPI_SYNC_SUCCESS
2026-04-16 14:00:37.337,NODE_1829,COMPOSITE_BTREE_INDEX,5,0.214,FASTAPI_SYNC_SUCCESS
2026-04-16 14:00:06.344,NODE_0578,COMPOSITE_BTREE_INDEX,3,0.72,FASTAPI_SYNC_SUCCESS
2026-04-16 14:00:38.584,NODE_0802,COMPOSITE_BTREE_INDEX,4,0.31,FASTAPI_SYNC_SUCCESS
2026-04-16 14:00:14.035,NODE_1598,COMPOSITE_BTREE_INDEX,3,0.441,FASTAPI_SYNC_SUCCESS
2026-04-16 14:00:15.402,NODE_0411,COMPOSITE_BTREE_INDEX,5,0.673,FASTAPI_SYNC_SUCCESS
2026-04-16 14:00:05.111,NODE_0657,COMPOSITE_BTREE_INDEX,5,0.799,FASTAPI_SYNC_SUCCESS
2026-04-16 14:00:38.975,NODE_0366,COMPOSITE_BTREE_INDEX,4,0.203,FASTAPI_SYNC_SUCCESS
2026-04-16 14:00:30.577,NODE_0471,COMPOSITE_BTREE_INDEX,5,0.614,FASTAPI_SYNC_SUCCESS
2026-04-16 14:00:11.452,NODE_0068,COMPOSITE_BTREE_INDEX,5,0.739,FASTAPI_SYNC_SUCCESS
2026-04-16 14:00:15.190,NODE_0501,COMPOSITE_BTREE_INDEX,4,0.541,FASTAPI_SYNC_SUCCESS
2026-04-16 14:00:25.220,NODE_0062,COMPOSITE_BTREE_INDEX,5,0.418,FASTAPI_SYNC_SUCCESS
2026-04-16 14:00:17.023,NODE_1507,COMPOSITE_BTREE_INDEX,4,0.318,FASTAPI_SYNC_SUCCESS
2026-04-16 14:00:26.118,NODE_1377,COMPOSITE_BTREE_INDEX,3,0.331,FASTAPI_SYNC_SUCCESS
2026-04-16 14:00:33.586,NODE_1519,COMPOSITE_BTREE_INDEX,3,0.428,FASTAPI_SYNC_SUCCESS
2026-04-16 14:00:18.442,NODE_0897,COMPOSITE_BTREE_INDEX,3,0.308,FASTAPI_SYNC_SUCCESS
2026-04-16 14:00:05.050,NODE_0154,COMPOSITE_BTREE_INDEX,4,0.731,FASTAPI_SYNC_SUCCESS
2026-04-16 14:00:10.550,NODE_0032,COMPOSITE_BTREE_INDEX,3,0.295,FASTAPI_SYNC_SUCCESS
2026-04-16 14:00:25.768,NODE_0193,COMPOSITE_BTREE_INDEX,5,0.709,FASTAPI_SYNC_SUCCESS
2026-04-16 14:00:09.870,NODE_1621,COMPOSITE_BTREE_INDEX,5,0.534,FASTAPI_SYNC_SUCCESS
2026-04-16 14:00:10.297,NODE_0662,COMPOSITE_BTREE_INDEX,5,0.487,FASTAPI_SYNC_SUCCESS
2026-04-16 14:00:20.362,NODE_1257,COMPOSITE_BTREE_INDEX,4,0.227,FASTAPI_SYNC_SUCCESS
2026-04-16 14:00:12.905,NODE_1730,COMPOSITE_BTREE_INDEX,5,0.695,FASTAPI_SYNC_SUCCESS
2026-04-16 14:00:10.522,NODE_0290,COMPOSITE_BTREE_INDEX,5,0.376,FASTAPI_SYNC_SUCCESS
2026-04-16 14:00:23.012,NODE_1155,COMPOSITE_BTREE_INDEX,4,0.717,FASTAPI_SYNC_SUCCESS
2026-04-16 14:00:38.808,NODE_1388,COMPOSITE_BTREE_INDEX,5,0.243,FASTAPI_SYNC_SUCCESS
2026-04-16 14:00:15.016,NODE_1809,COMPOSITE_BTREE_INDEX,5,0.306,FASTAPI_SYNC_SUCCESS
2026-04-16 14:00:28.234,NODE_0022,COMPOSITE_BTREE_INDEX,5,0.344,FASTAPI_SYNC_SUCCESS
2026-04-16 14:00:12.546,NODE_1992,COMPOSITE_BTREE_INDEX,3,0.203,FASTAPI_SYNC_SUCCESS
2026-04-16 14:00:12.821,NODE_1449,COMPOSITE_BTREE_INDEX,3,0.334,FASTAPI_SYNC_SUCCESS
2026-04-16 14:00:28.169,NODE_0084,COMPOSITE_BTREE_INDEX,4,0.309,FASTAPI_SYNC_SUCCESS
2026-04-16 14:00:16.424,NODE_1420,COMPOSITE_BTREE_INDEX,4,0.384,FASTAPI_SYNC_SUCCESS
2026-04-16 14:00:11.381,NODE_1471,COMPOSITE_BTREE_INDEX,4,0.489,FASTAPI_SYNC_SUCCESS
2026-04-16 14:00:08.281,NODE_0709,COMPOSITE_BTREE_INDEX,3,0.736,FASTAPI_SYNC_SUCCESS
2026-04-16 14:00:28.576,NODE_0545,COMPOSITE_BTREE_INDEX,4,0.795,FASTAPI_SYNC_SUCCESS
2026-04-16 14:00:31.275,NODE_0646,COMPOSITE_BTREE_INDEX,4,0.228,FASTAPI_SYNC_SUCCESS
2026-04-16 14:00:08.357,NODE_1308,COMPOSITE_BTREE_INDEX,4,0.317,FASTAPI_SYNC_SUCCESS
2026-04-16 14:00:21.939,NODE_0257,COMPOSITE_BTREE_INDEX,5,0.471,FASTAPI_SYNC_SUCCESS
2026-04-16 14:00:10.442,NODE_0391,COMPOSITE_BTREE_INDEX,4,0.681,FASTAPI_SYNC_SUCCESS
2026-04-16 14:00:16.602,NODE_1101,COMPOSITE_BTREE_INDEX,3,0.638,FASTAPI_SYNC_SUCCESS
2026-04-16 14:00:11.040,NODE_0910,COMPOSITE_BTREE_INDEX,5,0.633,FASTAPI_SYNC_SUCCESS
2026-04-16 14:00:33.102,NODE_1534,COMPOSITE_BTREE_INDEX,4,0.774,FASTAPI_SYNC_SUCCESS
2026-04-16 14:00:15.106,NODE_1283,COMPOSITE_BTREE_INDEX,5,0.285,FASTAPI_SYNC_SUCCESS
2026-04-16 14:00:16.965,NODE_0755,COMPOSITE_BTREE_INDEX,5,0.711,FASTAPI_SYNC_SUCCESS
2026-04-16 14:00:27.778,NODE_1667,COMPOSITE_BTREE_INDEX,4,0.694,FASTAPI_SYNC_SUCCESS
2026-04-16 14:00:17.955,NODE_1322,COMPOSITE_BTREE_INDEX,4,0.587,FASTAPI_SYNC_SUCCESS
2026-04-16 14:00:09.984,NODE_0302,COMPOSITE_BTREE_INDEX,3,0.505,FASTAPI_SYNC_SUCCESS
2026-04-16 14:00:23.041,NODE_1394,COMPOSITE_BTREE_INDEX,3,0.555,FASTAPI_SYNC_SUCCESS
2026-04-16 14:00:28.490,NODE_1837,COMPOSITE_BTREE_INDEX,4,0.207,FASTAPI_SYNC_SUCCESS
2026-04-16 14:00:17.936,NODE_0886,COMPOSITE_BTREE_INDEX,3,0.677,FASTAPI_SYNC_SUCCESS
2026-04-16 14:00:34.311,NODE_0276,COMPOSITE_BTREE_INDEX,4,0.435,FASTAPI_SYNC_SUCCESS
2026-04-16 14:00:05.484,NODE_0806,COMPOSITE_BTREE_INDEX,3,0.6,FASTAPI_SYNC_SUCCESS
2026-04-16 14:00:05.158,NODE_1780,COMPOSITE_BTREE_INDEX,5,0.261,FASTAPI_SYNC_SUCCESS
2026-04-16 14:00:34.525,NODE_1933,COMPOSITE_BTREE_INDEX,4,0.436,FASTAPI_SYNC_SUCCESS
2026-04-16 14:00:15.183,NODE_1294,COMPOSITE_BTREE_INDEX,4,0.665,FASTAPI_SYNC_SUCCESS
2026-04-16 14:00:23.224,NODE_0220,COMPOSITE_BTREE_INDEX,4,0.742,FASTAPI_SYNC_SUCCESS
2026-04-16 14:00:25.373,NODE_1267,COMPOSITE_BTREE_INDEX,5,0.539,FASTAPI_SYNC_SUCCESS
2026-04-16 14:00:30.946,NODE_0700,COMPOSITE_BTREE_INDEX,5,0.395,FASTAPI_SYNC_SUCCESS
2026-04-16 14:00:32.355,NODE_0681,COMPOSITE_BTREE_INDEX,4,0.549,FASTAPI_SYNC_SUCCESS
2026-04-16 14:00:13.252,NODE_1524,COMPOSITE_BTREE_INDEX,3,0.204,FASTAPI_SYNC_SUCCESS
2026-04-16 14:00:09.448,NODE_1855,COMPOSITE_BTREE_INDEX,4,0.581,FASTAPI_SYNC_SUCCESS
2026-04-16 14:00:09.677,NODE_0365,COMPOSITE_BTREE_INDEX,5,0.362,FASTAPI_SYNC_SUCCESS
2026-04-16 14:00:36.900,NODE_1922,COMPOSITE_BTREE_INDEX,5,0.348,FASTAPI_SYNC_SUCCESS
2026-04-16 14:00:06.999,NODE_1170,COMPOSITE_BTREE_INDEX,4,0.644,FASTAPI_SYNC_SUCCESS
2026-04-16 14:00:31.332,NODE_0319,COMPOSITE_BTREE_INDEX,4,0.372,FASTAPI_SYNC_SUCCESS
2026-04-16 14:00:23.217,NODE_0016,COMPOSITE_BTREE_INDEX,3,0.632,FASTAPI_SYNC_SUCCESS
2026-04-16 14:00:41.714,NODE_1153,COMPOSITE_BTREE_INDEX,4,0.368,FASTAPI_SYNC_SUCCESS
2026-04-16 14:00:07.336,NODE_1400,COMPOSITE_BTREE_INDEX,4,0.449,FASTAPI_SYNC_SUCCESS
2026-04-16 14:00:33.987,NODE_1369,COMPOSITE_BTREE_INDEX,5,0.255,FASTAPI_SYNC_SUCCESS
2026-04-16 14:00:19.526,NODE_0790,COMPOSITE_BTREE_INDEX,3,0.281,FASTAPI_SYNC_SUCCESS
2026-04-16 14:00:27.228,NODE_0201,COMPOSITE_BTREE_INDEX,5,0.371,FASTAPI_SYNC_SUCCESS
2026-04-16 14:00:31.081,NODE_1520,COMPOSITE_BTREE_INDEX,5,0.22,FASTAPI_SYNC_SUCCESS
2026-04-16 14:00:16.393,NODE_0358,COMPOSITE_BTREE_INDEX,4,0.276,FASTAPI_SYNC_SUCCESS
2026-04-16 14:00:37.913,NODE_1026,COMPOSITE_BTREE_INDEX,5,0.713,FASTAPI_SYNC_SUCCESS
2026-04-16 14:00:13.473,NODE_1035,COMPOSITE_BTREE_INDEX,3,0.477,FASTAPI_SYNC_SUCCESS
2026-04-16 14:00:16.180,NODE_0916,COMPOSITE_BTREE_INDEX,5,0.734,FASTAPI_SYNC_SUCCESS
2026-04-16 14:00:28.904,NODE_1564,COMPOSITE_BTREE_INDEX,5,0.683,FASTAPI_SYNC_SUCCESS
2026-04-16 14:00:24.773,NODE_1946,COMPOSITE_BTREE_INDEX,4,0.51,FASTAPI_SYNC_SUCCESS
2026-04-16 14:00:19.043,NODE_1939,COMPOSITE_BTREE_INDEX,5,0.765,FASTAPI_SYNC_SUCCESS
2026-04-16 14:00:23.619,NODE_0746,COMPOSITE_BTREE_INDEX,3,0.24,FASTAPI_SYNC_SUCCESS
2026-04-16 14:00:39.373,NODE_0048,COMPOSITE_BTREE_INDEX,3,0.771,FASTAPI_SYNC_SUCCESS
2026-04-16 14:00:30.316,NODE_0339,COMPOSITE_BTREE_INDEX,5,0.722,FASTAPI_SYNC_SUCCESS
2026-04-16 14:00:28.814,NODE_0002,COMPOSITE_BTREE_INDEX,5,0.307,FASTAPI_SYNC_SUCCESS
2026-04-16 14:00:14.964,NODE_1140,COMPOSITE_BTREE_INDEX,5,0.243,FASTAPI_SYNC_SUCCESS
2026-04-16 14:00:38.661,NODE_0397,COMPOSITE_BTREE_INDEX,3,0.434,FASTAPI_SYNC_SUCCESS
2026-04-16 14:00:20.220,NODE_1120,COMPOSITE_BTREE_INDEX,5,0.518,FASTAPI_SYNC_SUCCESS
2026-04-16 14:00:34.718,NODE_0236,COMPOSITE_BTREE_INDEX,5,0.593,FASTAPI_SYNC_SUCCESS
2026-04-16 14:00:36.802,NODE_1866,COMPOSITE_BTREE_INDEX,3,0.204,FASTAPI_SYNC_SUCCESS
2026-04-16 14:00:12.146,NODE_0532,COMPOSITE_BTREE_INDEX,4,0.448,FASTAPI_SYNC_SUCCESS
2026-04-16 14:00:20.733,NODE_1270,COMPOSITE_BTREE_INDEX,5,0.581,FASTAPI_SYNC_SUCCESS
2026-04-16 14:00:08.270,NODE_0498,COMPOSITE_BTREE_INDEX,3,0.687,FASTAPI_SYNC_SUCCESS
2026-04-16 14:00:10.708,NODE_1590,COMPOSITE_BTREE_INDEX,5,0.297,FASTAPI_SYNC_SUCCESS
2026-04-16 14:00:24.373,NODE_1741,COMPOSITE_BTREE_INDEX,5,0.491,FASTAPI_SYNC_SUCCESS
2026-04-16 14:00:10.922,NODE_0223,COMPOSITE_BTREE_INDEX,4,0.796,FASTAPI_SYNC_SUCCESS
2026-04-16 14:00:18.947,NODE_0678,COMPOSITE_BTREE_INDEX,4,0.441,FASTAPI_SYNC_SUCCESS
2026-04-16 14:00:17.073,NODE_0187,COMPOSITE_BTREE_INDEX,3,0.513,FASTAPI_SYNC_SUCCESS
2026-04-16 14:00:22.115,NODE_1618,COMPOSITE_BTREE_INDEX,4,0.679,FASTAPI_SYNC_SUCCESS
2026-04-16 14:00:12.877,NODE_0862,COMPOSITE_BTREE_INDEX,3,0.544,FASTAPI_SYNC_SUCCESS
2026-04-16 14:00:39.595,NODE_0967,COMPOSITE_BTREE_INDEX,4,0.768,FASTAPI_SYNC_SUCCESS
2026-04-16 14:00:32.781,NODE_1510,COMPOSITE_BTREE_INDEX,5,0.725,FASTAPI_SYNC_SUCCESS
2026-04-16 14:00:14.992,NODE_1785,COMPOSITE_BTREE_INDEX,5,0.663,FASTAPI_SYNC_SUCCESS
2026-04-16 14:00:28.364,NODE_0480,COMPOSITE_BTREE_INDEX,4,0.725,FASTAPI_SYNC_SUCCESS
2026-04-16 14:00:30.208,NODE_0745,COMPOSITE_BTREE_INDEX,5,0.271,FASTAPI_SYNC_SUCCESS
2026-04-16 14:00:35.164,NODE_1110,COMPOSITE_BTREE_INDEX,4,0.517,FASTAPI_SYNC_SUCCESS
2026-04-16 14:00:23.644,NODE_1811,COMPOSITE_BTREE_INDEX,4,0.24,FASTAPI_SYNC_SUCCESS
2026-04-16 14:00:39.079,NODE_0021,COMPOSITE_BTREE_INDEX,4,0.458,FASTAPI_SYNC_SUCCESS
2026-04-16 14:00:25.574,NODE_1373,COMPOSITE_BTREE_INDEX,3,0.471,FASTAPI_SYNC_SUCCESS
2026-04-16 14:00:29.454,NODE_0476,COMPOSITE_BTREE_INDEX,5,0.364,FASTAPI_SYNC_SUCCESS
2026-04-16 14:00:33.181,NODE_1146,COMPOSITE_BTREE_INDEX,5,0.328,FASTAPI_SYNC_SUCCESS
2026-04-16 14:00:26.929,NODE_0351,COMPOSITE_BTREE_INDEX,4,0.715,FASTAPI_SYNC_SUCCESS
2026-04-16 14:00:38.494,NODE_0561,COMPOSITE_BTREE_INDEX,3,0.264,FASTAPI_SYNC_SUCCESS
2026-04-16 14:00:05.945,NODE_1615,COMPOSITE_BTREE_INDEX,3,0.417,FASTAPI_SYNC_SUCCESS
2026-04-16 14:00:04.798,NODE_0501,COMPOSITE_BTREE_INDEX,4,0.596,FASTAPI_SYNC_SUCCESS
2026-04-16 14:00:15.620,NODE_1293,COMPOSITE_BTREE_INDEX,5,0.638,FASTAPI_SYNC_SUCCESS
2026-04-16 14:00:15.294,NODE_0821,COMPOSITE_BTREE_INDEX,3,0.731,FASTAPI_SYNC_SUCCESS
2026-04-16 14:00:08.119,NODE_0969,COMPOSITE_BTREE_INDEX,3,0.786,FASTAPI_SYNC_SUCCESS
2026-04-16 14:00:21.431,NODE_0586,COMPOSITE_BTREE_INDEX,4,0.637,FASTAPI_SYNC_SUCCESS
2026-04-16 14:00:32.035,NODE_0977,COMPOSITE_BTREE_INDEX,4,0.566,FASTAPI_SYNC_SUCCESS
2026-04-16 14:00:19.140,NODE_1218,COMPOSITE_BTREE_INDEX,5,0.34,FASTAPI_SYNC_SUCCESS
2026-04-16 14:00:04.521,NODE_1387,COMPOSITE_BTREE_INDEX,5,0.256,FASTAPI_SYNC_SUCCESS
2026-04-16 14:00:04.776,NODE_1191,COMPOSITE_BTREE_INDEX,5,0.323,FASTAPI_SYNC_SUCCESS
2026-04-16 14:00:36.486,NODE_0544,COMPOSITE_BTREE_INDEX,4,0.791,FASTAPI_SYNC_SUCCESS
2026-04-16 14:00:27.803,NODE_1687,COMPOSITE_BTREE_INDEX,3,0.785,FASTAPI_SYNC_SUCCESS
2026-04-16 14:00:40.890,NODE_1610,COMPOSITE_BTREE_INDEX,5,0.396,FASTAPI_SYNC_SUCCESS
2026-04-16 14:00:24.321,NODE_1204,COMPOSITE_BTREE_INDEX,5,0.794,FASTAPI_SYNC_SUCCESS
2026-04-16 14:00:14.585,NODE_0410,NAIVE_FULL_TABLE_SCAN,83986875,4467.518,EVENT_LOOP_BLOCKED
2026-04-16 14:00:32.047,NODE_0023,COMPOSITE_BTREE_INDEX,3,0.342,FASTAPI_SYNC_SUCCESS
2026-04-16 14:00:08.644,NODE_1652,COMPOSITE_BTREE_INDEX,4,0.719,FASTAPI_SYNC_SUCCESS
2026-04-16 14:00:09.566,NODE_0699,COMPOSITE_BTREE_INDEX,3,0.673,FASTAPI_SYNC_SUCCESS
2026-04-16 14:00:28.956,NODE_0365,COMPOSITE_BTREE_INDEX,3,0.628,FASTAPI_SYNC_SUCCESS
2026-04-16 14:00:41.268,NODE_0186,COMPOSITE_BTREE_INDEX,4,0.626,FASTAPI_SYNC_SUCCESS
2026-04-16 14:00:23.951,NODE_0118,COMPOSITE_BTREE_INDEX,4,0.368,FASTAPI_SYNC_SUCCESS
2026-04-16 14:00:35.909,NODE_0267,COMPOSITE_BTREE_INDEX,5,0.411,FASTAPI_SYNC_SUCCESS
2026-04-16 14:00:08.509,NODE_0849,COMPOSITE_BTREE_INDEX,5,0.699,FASTAPI_SYNC_SUCCESS
2026-04-16 14:00:13.194,NODE_0373,COMPOSITE_BTREE_INDEX,3,0.437,FASTAPI_SYNC_SUCCESS
2026-04-16 14:00:07.050,NODE_1719,COMPOSITE_BTREE_INDEX,4,0.582,FASTAPI_SYNC_SUCCESS
2026-04-16 14:00:29.207,NODE_0466,COMPOSITE_BTREE_INDEX,3,0.405,FASTAPI_SYNC_SUCCESS
2026-04-16 14:00:17.401,NODE_0478,COMPOSITE_BTREE_INDEX,3,0.276,FASTAPI_SYNC_SUCCESS
2026-04-16 14:00:30.577,NODE_1388,COMPOSITE_BTREE_INDEX,4,0.359,FASTAPI_SYNC_SUCCESS
2026-04-16 14:00:09.364,NODE_1671,COMPOSITE_BTREE_INDEX,3,0.283,FASTAPI_SYNC_SUCCESS
2026-04-16 14:00:44.303,NODE_0643,COMPOSITE_BTREE_INDEX,3,0.668,FASTAPI_SYNC_SUCCESS
2026-04-16 14:00:40.676,NODE_1108,COMPOSITE_BTREE_INDEX,4,0.634,FASTAPI_SYNC_SUCCESS
2026-04-16 14:00:17.827,NODE_0491,COMPOSITE_BTREE_INDEX,5,0.75,FASTAPI_SYNC_SUCCESS
2026-04-16 14:00:18.899,NODE_0720,COMPOSITE_BTREE_INDEX,5,0.671,FASTAPI_SYNC_SUCCESS
2026-04-16 14:00:36.055,NODE_1523,COMPOSITE_BTREE_INDEX,3,0.441,FASTAPI_SYNC_SUCCESS
2026-04-16 14:00:28.158,NODE_1568,COMPOSITE_BTREE_INDEX,4,0.352,FASTAPI_SYNC_SUCCESS
2026-04-16 14:00:41.164,NODE_0176,COMPOSITE_BTREE_INDEX,5,0.249,FASTAPI_SYNC_SUCCESS
2026-04-16 14:00:25.908,NODE_0596,COMPOSITE_BTREE_INDEX,4,0.363,FASTAPI_SYNC_SUCCESS
2026-04-16 14:00:17.535,NODE_0733,COMPOSITE_BTREE_INDEX,4,0.8,FASTAPI_SYNC_SUCCESS
2026-04-16 14:00:38.611,NODE_1177,COMPOSITE_BTREE_INDEX,3,0.458,FASTAPI_SYNC_SUCCESS
2026-04-16 14:00:21.753,NODE_0509,COMPOSITE_BTREE_INDEX,3,0.436,FASTAPI_SYNC_SUCCESS
2026-04-16 14:00:11.784,NODE_1779,COMPOSITE_BTREE_INDEX,5,0.499,FASTAPI_SYNC_SUCCESS
2026-04-16 14:00:09.151,NODE_0054,COMPOSITE_BTREE_INDEX,5,0.287,FASTAPI_SYNC_SUCCESS
2026-04-16 14:00:34.708,NODE_0081,COMPOSITE_BTREE_INDEX,5,0.296,FASTAPI_SYNC_SUCCESS
2026-04-16 14:00:16.665,NODE_0999,COMPOSITE_BTREE_INDEX,3,0.756,FASTAPI_SYNC_SUCCESS
2026-04-16 14:00:12.749,NODE_2021,COMPOSITE_BTREE_INDEX,4,0.525,FASTAPI_SYNC_SUCCESS
2026-04-16 14:00:33.707,NODE_1730,COMPOSITE_BTREE_INDEX,4,0.37,FASTAPI_SYNC_SUCCESS
2026-04-16 14:00:32.582,NODE_1081,COMPOSITE_BTREE_INDEX,4,0.461,FASTAPI_SYNC_SUCCESS
2026-04-16 14:00:25.577,NODE_1768,COMPOSITE_BTREE_INDEX,4,0.32,FASTAPI_SYNC_SUCCESS
2026-04-16 14:00:33.631,NODE_1482,COMPOSITE_BTREE_INDEX,5,0.411,FASTAPI_SYNC_SUCCESS
2026-04-16 14:00:27.570,NODE_0175,COMPOSITE_BTREE_INDEX,5,0.471,FASTAPI_SYNC_SUCCESS
2026-04-16 14:00:39.480,NODE_1582,COMPOSITE_BTREE_INDEX,3,0.224,FASTAPI_SYNC_SUCCESS
2026-04-16 14:00:39.219,NODE_0621,COMPOSITE_BTREE_INDEX,5,0.654,FASTAPI_SYNC_SUCCESS
2026-04-16 14:00:14.420,NODE_1016,COMPOSITE_BTREE_INDEX,5,0.209,FASTAPI_SYNC_SUCCESS
2026-04-16 14:00:10.679,NODE_0033,COMPOSITE_BTREE_INDEX,5,0.683,FASTAPI_SYNC_SUCCESS
2026-04-16 14:00:31.119,NODE_1873,COMPOSITE_BTREE_INDEX,3,0.435,FASTAPI_SYNC_SUCCESS
2026-04-16 14:00:38.813,NODE_1508,COMPOSITE_BTREE_INDEX,3,0.781,FASTAPI_SYNC_SUCCESS
2026-04-16 14:00:24.355,NODE_0051,COMPOSITE_BTREE_INDEX,4,0.6,FASTAPI_SYNC_SUCCESS
2026-04-16 14:00:45.082,NODE_0029,COMPOSITE_BTREE_INDEX,4,0.424,FASTAPI_SYNC_SUCCESS
2026-04-16 14:00:41.424,NODE_0957,COMPOSITE_BTREE_INDEX,5,0.642,FASTAPI_SYNC_SUCCESS
2026-04-16 14:00:37.388,NODE_0892,COMPOSITE_BTREE_INDEX,3,0.488,FASTAPI_SYNC_SUCCESS
2026-04-16 14:00:44.718,NODE_0771,COMPOSITE_BTREE_INDEX,4,0.412,FASTAPI_SYNC_SUCCESS
2026-04-16 14:00:41.951,NODE_0151,COMPOSITE_BTREE_INDEX,5,0.45,FASTAPI_SYNC_SUCCESS
2026-04-16 14:00:27.151,NODE_1980,COMPOSITE_BTREE_INDEX,3,0.434,FASTAPI_SYNC_SUCCESS
2026-04-16 14:00:14.282,NODE_1519,COMPOSITE_BTREE_INDEX,4,0.554,FASTAPI_SYNC_SUCCESS
2026-04-16 14:00:08.180,NODE_0811,COMPOSITE_BTREE_INDEX,3,0.664,FASTAPI_SYNC_SUCCESS
2026-04-16 14:00:17.261,NODE_0481,COMPOSITE_BTREE_INDEX,3,0.69,FASTAPI_SYNC_SUCCESS
2026-04-16 14:00:19.049,NODE_1627,COMPOSITE_BTREE_INDEX,3,0.75,FASTAPI_SYNC_SUCCESS
2026-04-16 14:00:39.444,NODE_1230,COMPOSITE_BTREE_INDEX,5,0.334,FASTAPI_SYNC_SUCCESS
2026-04-16 14:00:38.219,NODE_1957,COMPOSITE_BTREE_INDEX,5,0.321,FASTAPI_SYNC_SUCCESS
2026-04-16 14:00:15.263,NODE_0371,COMPOSITE_BTREE_INDEX,4,0.576,FASTAPI_SYNC_SUCCESS
2026-04-16 14:00:46.314,NODE_1368,COMPOSITE_BTREE_INDEX,5,0.662,FASTAPI_SYNC_SUCCESS
2026-04-16 14:00:26.184,NODE_0563,COMPOSITE_BTREE_INDEX,5,0.299,FASTAPI_SYNC_SUCCESS
2026-04-16 14:00:39.934,NODE_1254,COMPOSITE_BTREE_INDEX,4,0.666,FASTAPI_SYNC_SUCCESS
2026-04-16 14:00:41.762,NODE_0441,COMPOSITE_BTREE_INDEX,4,0.291,FASTAPI_SYNC_SUCCESS
2026-04-16 14:00:32.463,NODE_1368,COMPOSITE_BTREE_INDEX,4,0.51,FASTAPI_SYNC_SUCCESS
2026-04-16 14:00:36.895,NODE_0646,COMPOSITE_BTREE_INDEX,4,0.342,FASTAPI_SYNC_SUCCESS
2026-04-16 14:00:12.968,NODE_0834,COMPOSITE_BTREE_INDEX,3,0.204,FASTAPI_SYNC_SUCCESS
2026-04-16 14:00:40.567,NODE_1021,COMPOSITE_BTREE_INDEX,3,0.502,FASTAPI_SYNC_SUCCESS
2026-04-16 14:00:34.410,NODE_1959,COMPOSITE_BTREE_INDEX,5,0.299,FASTAPI_SYNC_SUCCESS
2026-04-16 14:00:04.942,NODE_1473,COMPOSITE_BTREE_INDEX,4,0.736,FASTAPI_SYNC_SUCCESS
2026-04-16 14:00:38.255,NODE_1198,COMPOSITE_BTREE_INDEX,5,0.45,FASTAPI_SYNC_SUCCESS
2026-04-16 14:00:16.600,NODE_1240,COMPOSITE_BTREE_INDEX,5,0.48,FASTAPI_SYNC_SUCCESS
2026-04-16 14:00:42.628,NODE_1247,COMPOSITE_BTREE_INDEX,3,0.655,FASTAPI_SYNC_SUCCESS
2026-04-16 14:00:36.910,NODE_0655,COMPOSITE_BTREE_INDEX,3,0.372,FASTAPI_SYNC_SUCCESS
2026-04-16 14:00:40.357,NODE_1430,COMPOSITE_BTREE_INDEX,3,0.504,FASTAPI_SYNC_SUCCESS
2026-04-16 14:00:29.624,NODE_0041,COMPOSITE_BTREE_INDEX,3,0.305,FASTAPI_SYNC_SUCCESS
2026-04-16 14:00:48.018,NODE_1915,COMPOSITE_BTREE_INDEX,4,0.213,FASTAPI_SYNC_SUCCESS
2026-04-16 14:00:44.742,NODE_1089,COMPOSITE_BTREE_INDEX,3,0.418,FASTAPI_SYNC_SUCCESS
2026-04-16 14:00:47.043,NODE_0849,COMPOSITE_BTREE_INDEX,5,0.264,FASTAPI_SYNC_SUCCESS
2026-04-16 14:00:07.094,NODE_1139,COMPOSITE_BTREE_INDEX,3,0.566,FASTAPI_SYNC_SUCCESS
2026-04-16 14:00:28.913,NODE_0274,COMPOSITE_BTREE_INDEX,3,0.219,FASTAPI_SYNC_SUCCESS
2026-04-16 14:00:48.581,NODE_0509,COMPOSITE_BTREE_INDEX,3,0.453,FASTAPI_SYNC_SUCCESS
2026-04-16 14:00:12.723,NODE_1078,COMPOSITE_BTREE_INDEX,3,0.491,FASTAPI_SYNC_SUCCESS
2026-04-16 14:00:20.348,NODE_0022,COMPOSITE_BTREE_INDEX,5,0.631,FASTAPI_SYNC_SUCCESS
2026-04-16 14:00:46.581,NODE_0196,COMPOSITE_BTREE_INDEX,4,0.276,FASTAPI_SYNC_SUCCESS
2026-04-16 14:00:38.731,NODE_0870,COMPOSITE_BTREE_INDEX,4,0.481,FASTAPI_SYNC_SUCCESS
2026-04-16 14:00:33.690,NODE_1528,COMPOSITE_BTREE_INDEX,4,0.599,FASTAPI_SYNC_SUCCESS
2026-04-16 14:00:47.858,NODE_1771,COMPOSITE_BTREE_INDEX,5,0.442,FASTAPI_SYNC_SUCCESS
2026-04-16 14:00:21.875,NODE_1810,COMPOSITE_BTREE_INDEX,5,0.704,FASTAPI_SYNC_SUCCESS
2026-04-16 14:00:47.553,NODE_0588,COMPOSITE_BTREE_INDEX,5,0.656,FASTAPI_SYNC_SUCCESS
2026-04-16 14:00:40.856,NODE_1408,COMPOSITE_BTREE_INDEX,5,0.782,FASTAPI_SYNC_SUCCESS
2026-04-16 14:00:36.601,NODE_0446,COMPOSITE_BTREE_INDEX,3,0.67,FASTAPI_SYNC_SUCCESS
2026-04-16 14:00:12.123,NODE_1903,COMPOSITE_BTREE_INDEX,5,0.53,FASTAPI_SYNC_SUCCESS
2026-04-16 14:00:06.319,NODE_1672,COMPOSITE_BTREE_INDEX,3,0.22,FASTAPI_SYNC_SUCCESS
2026-04-16 14:00:26.861,NODE_1098,COMPOSITE_BTREE_INDEX,3,0.234,FASTAPI_SYNC_SUCCESS
2026-04-16 14:00:18.146,NODE_0370,COMPOSITE_BTREE_INDEX,5,0.465,FASTAPI_SYNC_SUCCESS
2026-04-16 14:00:18.076,NODE_1630,COMPOSITE_BTREE_INDEX,5,0.7,FASTAPI_SYNC_SUCCESS
2026-04-16 14:00:31.193,NODE_0913,COMPOSITE_BTREE_INDEX,3,0.465,FASTAPI_SYNC_SUCCESS
2026-04-16 14:00:09.743,NODE_1522,COMPOSITE_BTREE_INDEX,4,0.735,FASTAPI_SYNC_SUCCESS
2026-04-16 14:00:18.612,NODE_0196,COMPOSITE_BTREE_INDEX,3,0.677,FASTAPI_SYNC_SUCCESS
2026-04-16 14:00:29.383,NODE_1389,COMPOSITE_BTREE_INDEX,3,0.246,FASTAPI_SYNC_SUCCESS
2026-04-16 14:00:11.042,NODE_1320,COMPOSITE_BTREE_INDEX,3,0.374,FASTAPI_SYNC_SUCCESS
2026-04-16 14:00:11.225,NODE_1876,COMPOSITE_BTREE_INDEX,4,0.761,FASTAPI_SYNC_SUCCESS
2026-04-16 14:00:42.619,NODE_1029,COMPOSITE_BTREE_INDEX,4,0.304,FASTAPI_SYNC_SUCCESS
2026-04-16 14:00:23.647,NODE_1672,COMPOSITE_BTREE_INDEX,4,0.325,FASTAPI_SYNC_SUCCESS
2026-04-16 14:00:32.727,NODE_1608,COMPOSITE_BTREE_INDEX,3,0.645,FASTAPI_SYNC_SUCCESS
2026-04-16 14:00:14.637,NODE_0868,COMPOSITE_BTREE_INDEX,5,0.689,FASTAPI_SYNC_SUCCESS
2026-04-16 14:00:09.806,NODE_0616,COMPOSITE_BTREE_INDEX,5,0.35,FASTAPI_SYNC_SUCCESS
2026-04-16 14:00:35.003,NODE_0281,COMPOSITE_BTREE_INDEX,5,0.669,FASTAPI_SYNC_SUCCESS
2026-04-16 14:00:42.608,NODE_1285,COMPOSITE_BTREE_INDEX,3,0.599,FASTAPI_SYNC_SUCCESS
2026-04-16 14:00:41.957,NODE_0652,COMPOSITE_BTREE_INDEX,5,0.399,FASTAPI_SYNC_SUCCESS
2026-04-16 14:00:41.141,NODE_1895,COMPOSITE_BTREE_INDEX,4,0.367,FASTAPI_SYNC_SUCCESS
2026-04-16 14:00:44.773,NODE_0798,COMPOSITE_BTREE_INDEX,4,0.437,FASTAPI_SYNC_SUCCESS
2026-04-16 14:00:25.735,NODE_2006,COMPOSITE_BTREE_INDEX,4,0.75,FASTAPI_SYNC_SUCCESS
2026-04-16 14:00:09.221,NODE_1817,COMPOSITE_BTREE_INDEX,5,0.757,FASTAPI_SYNC_SUCCESS
2026-04-16 14:00:37.835,NODE_1272,COMPOSITE_BTREE_INDEX,4,0.67,FASTAPI_SYNC_SUCCESS
2026-04-16 14:00:05.755,NODE_0770,COMPOSITE_BTREE_INDEX,5,0.391,FASTAPI_SYNC_SUCCESS
2026-04-16 14:00:45.050,NODE_0166,COMPOSITE_BTREE_INDEX,5,0.76,FASTAPI_SYNC_SUCCESS
2026-04-16 14:00:39.465,NODE_0685,COMPOSITE_BTREE_INDEX,3,0.467,FASTAPI_SYNC_SUCCESS
2026-04-16 14:00:15.695,NODE_1438,COMPOSITE_BTREE_INDEX,4,0.72,FASTAPI_SYNC_SUCCESS
2026-04-16 14:00:25.603,NODE_1130,COMPOSITE_BTREE_INDEX,4,0.274,FASTAPI_SYNC_SUCCESS
2026-04-16 14:00:45.304,NODE_0105,COMPOSITE_BTREE_INDEX,5,0.438,FASTAPI_SYNC_SUCCESS
2026-04-16 14:00:38.398,NODE_0557,COMPOSITE_BTREE_INDEX,5,0.544,FASTAPI_SYNC_SUCCESS
2026-04-16 14:00:30.204,NODE_0216,COMPOSITE_BTREE_INDEX,4,0.606,FASTAPI_SYNC_SUCCESS
2026-04-16 14:00:15.324,NODE_0500,COMPOSITE_BTREE_INDEX,3,0.595,FASTAPI_SYNC_SUCCESS
2026-04-16 14:00:24.132,NODE_1769,COMPOSITE_BTREE_INDEX,4,0.252,FASTAPI_SYNC_SUCCESS
2026-04-16 14:00:26.851,NODE_0413,COMPOSITE_BTREE_INDEX,3,0.502,FASTAPI_SYNC_SUCCESS
2026-04-16 14:00:30.976,NODE_1565,COMPOSITE_BTREE_INDEX,4,0.442,FASTAPI_SYNC_SUCCESS
2026-04-16 14:00:23.421,NODE_0059,COMPOSITE_BTREE_INDEX,4,0.748,FASTAPI_SYNC_SUCCESS
2026-04-16 14:00:17.147,NODE_1081,COMPOSITE_BTREE_INDEX,4,0.551,FASTAPI_SYNC_SUCCESS
2026-04-16 14:00:22.627,NODE_1264,COMPOSITE_BTREE_INDEX,5,0.273,FASTAPI_SYNC_SUCCESS
2026-04-16 14:00:30.506,NODE_1563,COMPOSITE_BTREE_INDEX,4,0.272,FASTAPI_SYNC_SUCCESS
2026-04-16 14:00:08.006,NODE_1872,COMPOSITE_BTREE_INDEX,3,0.675,FASTAPI_SYNC_SUCCESS
2026-04-16 14:00:35.068,NODE_1518,COMPOSITE_BTREE_INDEX,4,0.459,FASTAPI_SYNC_SUCCESS
2026-04-16 14:00:48.463,NODE_0749,COMPOSITE_BTREE_INDEX,4,0.455,FASTAPI_SYNC_SUCCESS
2026-04-16 14:00:25.307,NODE_1688,COMPOSITE_BTREE_INDEX,5,0.246,FASTAPI_SYNC_SUCCESS
2026-04-16 14:00:42.947,NODE_0869,COMPOSITE_BTREE_INDEX,3,0.649,FASTAPI_SYNC_SUCCESS
2026-04-16 14:00:09.652,NODE_0789,COMPOSITE_BTREE_INDEX,5,0.582,FASTAPI_SYNC_SUCCESS
2026-04-16 14:00:47.673,NODE_0560,COMPOSITE_BTREE_INDEX,4,0.414,FASTAPI_SYNC_SUCCESS
2026-04-16 14:00:20.324,NODE_0062,COMPOSITE_BTREE_INDEX,3,0.729,FASTAPI_SYNC_SUCCESS
2026-04-16 14:00:10.727,NODE_0452,COMPOSITE_BTREE_INDEX,4,0.464,FASTAPI_SYNC_SUCCESS
2026-04-16 14:00:30.458,NODE_1266,COMPOSITE_BTREE_INDEX,5,0.789,FASTAPI_SYNC_SUCCESS
2026-04-16 14:00:46.286,NODE_0665,COMPOSITE_BTREE_INDEX,3,0.49,FASTAPI_SYNC_SUCCESS
2026-04-16 14:00:17.279,NODE_1498,COMPOSITE_BTREE_INDEX,3,0.51,FASTAPI_SYNC_SUCCESS
2026-04-16 14:00:42.105,NODE_1084,COMPOSITE_BTREE_INDEX,4,0.258,FASTAPI_SYNC_SUCCESS
2026-04-16 14:00:20.994,NODE_1659,COMPOSITE_BTREE_INDEX,3,0.669,FASTAPI_SYNC_SUCCESS
2026-04-16 14:00:24.849,NODE_1588,COMPOSITE_BTREE_INDEX,4,0.2,FASTAPI_SYNC_SUCCESS
2026-04-16 14:00:41.933,NODE_1693,COMPOSITE_BTREE_INDEX,3,0.455,FASTAPI_SYNC_SUCCESS
2026-04-16 14:00:23.207,NODE_0492,COMPOSITE_BTREE_INDEX,4,0.797,FASTAPI_SYNC_SUCCESS
2026-04-16 14:00:23.373,NODE_1061,COMPOSITE_BTREE_INDEX,4,0.491,FASTAPI_SYNC_SUCCESS
2026-04-16 14:00:47.092,NODE_1640,COMPOSITE_BTREE_INDEX,4,0.395,FASTAPI_SYNC_SUCCESS
2026-04-16 14:00:47.054,NODE_1007,COMPOSITE_BTREE_INDEX,5,0.486,FASTAPI_SYNC_SUCCESS
2026-04-16 14:00:09.834,NODE_1842,COMPOSITE_BTREE_INDEX,4,0.675,FASTAPI_SYNC_SUCCESS
2026-04-16 14:00:14.693,NODE_1785,COMPOSITE_BTREE_INDEX,3,0.21,FASTAPI_SYNC_SUCCESS
2026-04-16 14:00:06.621,NODE_0627,NAIVE_FULL_TABLE_SCAN,83986875,4084.891,EVENT_LOOP_BLOCKED
2026-04-16 14:00:36.365,NODE_0502,COMPOSITE_BTREE_INDEX,5,0.412,FASTAPI_SYNC_SUCCESS
2026-04-16 14:00:33.845,NODE_0397,COMPOSITE_BTREE_INDEX,5,0.236,FASTAPI_SYNC_SUCCESS
2026-04-16 14:00:33.626,NODE_1423,COMPOSITE_BTREE_INDEX,5,0.798,FASTAPI_SYNC_SUCCESS
2026-04-16 14:00:09.845,NODE_1691,COMPOSITE_BTREE_INDEX,5,0.422,FASTAPI_SYNC_SUCCESS
2026-04-16 14:00:35.212,NODE_1320,COMPOSITE_BTREE_INDEX,5,0.498,FASTAPI_SYNC_SUCCESS
2026-04-16 14:00:44.905,NODE_1768,COMPOSITE_BTREE_INDEX,4,0.501,FASTAPI_SYNC_SUCCESS
2026-04-16 14:00:43.742,NODE_1461,COMPOSITE_BTREE_INDEX,3,0.73,FASTAPI_SYNC_SUCCESS
2026-04-16 14:00:14.218,NODE_1978,COMPOSITE_BTREE_INDEX,5,0.589,FASTAPI_SYNC_SUCCESS
2026-04-16 14:00:09.339,NODE_0662,COMPOSITE_BTREE_INDEX,4,0.406,FASTAPI_SYNC_SUCCESS
2026-04-16 14:00:08.556,NODE_1526,COMPOSITE_BTREE_INDEX,3,0.613,FASTAPI_SYNC_SUCCESS
2026-04-16 14:00:11.891,NODE_0322,COMPOSITE_BTREE_INDEX,3,0.468,FASTAPI_SYNC_SUCCESS
2026-04-16 14:00:10.179,NODE_0903,COMPOSITE_BTREE_INDEX,4,0.201,FASTAPI_SYNC_SUCCESS
2026-04-16 14:00:27.144,NODE_1498,COMPOSITE_BTREE_INDEX,5,0.67,FASTAPI_SYNC_SUCCESS
2026-04-16 14:00:48.762,NODE_0747,COMPOSITE_BTREE_INDEX,4,0.338,FASTAPI_SYNC_SUCCESS
2026-04-16 14:00:40.666,NODE_0520,COMPOSITE_BTREE_INDEX,4,0.732,FASTAPI_SYNC_SUCCESS
2026-04-16 14:00:36.609,NODE_1591,COMPOSITE_BTREE_INDEX,4,0.539,FASTAPI_SYNC_SUCCESS
2026-04-16 14:00:14.653,NODE_1065,COMPOSITE_BTREE_INDEX,3,0.707,FASTAPI_SYNC_SUCCESS
2026-04-16 14:00:52.954,NODE_0529,COMPOSITE_BTREE_INDEX,4,0.294,FASTAPI_SYNC_SUCCESS
2026-04-16 14:00:19.154,NODE_0333,COMPOSITE_BTREE_INDEX,5,0.766,FASTAPI_SYNC_SUCCESS
2026-04-16 14:00:31.378,NODE_1154,COMPOSITE_BTREE_INDEX,5,0.45,FASTAPI_SYNC_SUCCESS
2026-04-16 14:00:38.620,NODE_0315,COMPOSITE_BTREE_INDEX,5,0.529,FASTAPI_SYNC_SUCCESS
2026-04-16 14:00:06.538,NODE_1416,COMPOSITE_BTREE_INDEX,5,0.532,FASTAPI_SYNC_SUCCESS
2026-04-16 14:00:43.312,NODE_1666,COMPOSITE_BTREE_INDEX,5,0.21,FASTAPI_SYNC_SUCCESS
2026-04-16 14:00:43.027,NODE_1165,COMPOSITE_BTREE_INDEX,3,0.612,FASTAPI_SYNC_SUCCESS
2026-04-16 14:00:31.003,NODE_1808,COMPOSITE_BTREE_INDEX,5,0.758,FASTAPI_SYNC_SUCCESS
2026-04-16 14:00:27.261,NODE_1462,COMPOSITE_BTREE_INDEX,5,0.254,FASTAPI_SYNC_SUCCESS
2026-04-16 14:00:21.793,NODE_1797,COMPOSITE_BTREE_INDEX,3,0.596,FASTAPI_SYNC_SUCCESS
2026-04-16 14:00:08.319,NODE_0619,COMPOSITE_BTREE_INDEX,4,0.719,FASTAPI_SYNC_SUCCESS
2026-04-16 14:00:43.983,NODE_1796,COMPOSITE_BTREE_INDEX,4,0.211,FASTAPI_SYNC_SUCCESS
2026-04-16 14:00:25.951,NODE_1720,COMPOSITE_BTREE_INDEX,5,0.742,FASTAPI_SYNC_SUCCESS
2026-04-16 14:00:40.068,NODE_0496,COMPOSITE_BTREE_INDEX,3,0.294,FASTAPI_SYNC_SUCCESS
2026-04-16 14:00:47.971,NODE_0567,COMPOSITE_BTREE_INDEX,5,0.677,FASTAPI_SYNC_SUCCESS
2026-04-16 14:00:22.401,NODE_0920,COMPOSITE_BTREE_INDEX,4,0.255,FASTAPI_SYNC_SUCCESS
2026-04-16 14:00:41.656,NODE_1988,COMPOSITE_BTREE_INDEX,5,0.26,FASTAPI_SYNC_SUCCESS
2026-04-16 14:00:09.271,NODE_1997,COMPOSITE_BTREE_INDEX,5,0.63,FASTAPI_SYNC_SUCCESS
2026-04-16 14:00:10.893,NODE_1755,COMPOSITE_BTREE_INDEX,3,0.284,FASTAPI_SYNC_SUCCESS
2026-04-16 14:00:26.432,NODE_1303,COMPOSITE_BTREE_INDEX,5,0.216,FASTAPI_SYNC_SUCCESS
2026-04-16 14:00:05.608,NODE_1928,COMPOSITE_BTREE_INDEX,3,0.462,FASTAPI_SYNC_SUCCESS
2026-04-16 14:00:25.589,NODE_1897,COMPOSITE_BTREE_INDEX,4,0.506,FASTAPI_SYNC_SUCCESS
2026-04-16 14:00:30.189,NODE_1007,COMPOSITE_BTREE_INDEX,3,0.58,FASTAPI_SYNC_SUCCESS
2026-04-16 14:00:51.433,NODE_0547,COMPOSITE_BTREE_INDEX,4,0.706,FASTAPI_SYNC_SUCCESS
2026-04-16 14:00:31.244,NODE_1636,COMPOSITE_BTREE_INDEX,3,0.269,FASTAPI_SYNC_SUCCESS
2026-04-16 14:00:24.771,NODE_0766,COMPOSITE_BTREE_INDEX,5,0.295,FASTAPI_SYNC_SUCCESS
2026-04-16 14:00:28.567,NODE_2009,COMPOSITE_BTREE_INDEX,5,0.387,FASTAPI_SYNC_SUCCESS
2026-04-16 14:00:07.819,NODE_1318,COMPOSITE_BTREE_INDEX,3,0.377,FASTAPI_SYNC_SUCCESS
2026-04-16 14:00:18.943,NODE_1452,COMPOSITE_BTREE_INDEX,3,0.435,FASTAPI_SYNC_SUCCESS
2026-04-16 14:00:54.278,NODE_1522,COMPOSITE_BTREE_INDEX,3,0.246,FASTAPI_SYNC_SUCCESS
2026-04-16 14:00:07.982,NODE_1330,COMPOSITE_BTREE_INDEX,3,0.635,FASTAPI_SYNC_SUCCESS
2026-04-16 14:00:49.133,NODE_0553,COMPOSITE_BTREE_INDEX,5,0.452,FASTAPI_SYNC_SUCCESS
2026-04-16 14:00:50.713,NODE_0020,COMPOSITE_BTREE_INDEX,4,0.738,FASTAPI_SYNC_SUCCESS
2026-04-16 14:00:44.571,NODE_0781,COMPOSITE_BTREE_INDEX,5,0.559,FASTAPI_SYNC_SUCCESS
2026-04-16 14:00:15.498,NODE_0624,COMPOSITE_BTREE_INDEX,3,0.43,FASTAPI_SYNC_SUCCESS
2026-04-16 14:00:08.545,NODE_1483,COMPOSITE_BTREE_INDEX,3,0.565,FASTAPI_SYNC_SUCCESS
2026-04-16 14:00:33.497,NODE_1835,COMPOSITE_BTREE_INDEX,4,0.531,FASTAPI_SYNC_SUCCESS
2026-04-16 14:00:22.039,NODE_1786,COMPOSITE_BTREE_INDEX,3,0.698,FASTAPI_SYNC_SUCCESS
2026-04-16 14:00:30.219,NODE_1549,COMPOSITE_BTREE_INDEX,3,0.619,FASTAPI_SYNC_SUCCESS
2026-04-16 14:00:13.526,NODE_2011,COMPOSITE_BTREE_INDEX,5,0.68,FASTAPI_SYNC_SUCCESS
2026-04-16 14:00:39.098,NODE_1128,COMPOSITE_BTREE_INDEX,5,0.77,FASTAPI_SYNC_SUCCESS
2026-04-16 14:00:35.444,NODE_1018,COMPOSITE_BTREE_INDEX,3,0.476,FASTAPI_SYNC_SUCCESS
2026-04-16 14:00:15.830,NODE_1710,COMPOSITE_BTREE_INDEX,5,0.378,FASTAPI_SYNC_SUCCESS
2026-04-16 14:00:26.577,NODE_1423,COMPOSITE_BTREE_INDEX,5,0.772,FASTAPI_SYNC_SUCCESS
2026-04-16 14:00:09.147,NODE_1882,COMPOSITE_BTREE_INDEX,5,0.681,FASTAPI_SYNC_SUCCESS
2026-04-16 14:00:31.135,NODE_0798,COMPOSITE_BTREE_INDEX,5,0.722,FASTAPI_SYNC_SUCCESS
2026-04-16 14:00:35.648,NODE_1813,COMPOSITE_BTREE_INDEX,3,0.414,FASTAPI_SYNC_SUCCESS
2026-04-16 14:00:43.604,NODE_1852,COMPOSITE_BTREE_INDEX,3,0.64,FASTAPI_SYNC_SUCCESS
2026-04-16 14:00:29.672,NODE_1648,COMPOSITE_BTREE_INDEX,4,0.481,FASTAPI_SYNC_SUCCESS
2026-04-16 14:00:26.178,NODE_1861,COMPOSITE_BTREE_INDEX,4,0.635,FASTAPI_SYNC_SUCCESS
2026-04-16 14:00:35.640,NODE_1625,COMPOSITE_BTREE_INDEX,3,0.667,FASTAPI_SYNC_SUCCESS
2026-04-16 14:00:33.118,NODE_0903,COMPOSITE_BTREE_INDEX,3,0.609,FASTAPI_SYNC_SUCCESS
2026-04-16 14:00:52.454,NODE_0511,COMPOSITE_BTREE_INDEX,3,0.627,FASTAPI_SYNC_SUCCESS
2026-04-16 14:00:38.912,NODE_0326,COMPOSITE_BTREE_INDEX,5,0.396,FASTAPI_SYNC_SUCCESS
2026-04-16 14:00:18.621,NODE_0956,COMPOSITE_BTREE_INDEX,3,0.544,FASTAPI_SYNC_SUCCESS
2026-04-16 14:00:39.998,NODE_0427,COMPOSITE_BTREE_INDEX,4,0.342,FASTAPI_SYNC_SUCCESS
2026-04-16 14:00:12.723,NODE_0118,COMPOSITE_BTREE_INDEX,4,0.271,FASTAPI_SYNC_SUCCESS
2026-04-16 14:00:40.914,NODE_0082,COMPOSITE_BTREE_INDEX,4,0.588,FASTAPI_SYNC_SUCCESS
2026-04-16 14:00:07.516,NODE_0536,COMPOSITE_BTREE_INDEX,4,0.44,FASTAPI_SYNC_SUCCESS
2026-04-16 14:00:44.290,NODE_1096,COMPOSITE_BTREE_INDEX,5,0.384,FASTAPI_SYNC_SUCCESS
2026-04-16 14:00:46.131,NODE_0917,COMPOSITE_BTREE_INDEX,4,0.467,FASTAPI_SYNC_SUCCESS
2026-04-16 14:00:24.105,NODE_1372,COMPOSITE_BTREE_INDEX,4,0.332,FASTAPI_SYNC_SUCCESS
2026-04-16 14:00:05.658,NODE_1511,COMPOSITE_BTREE_INDEX,4,0.554,FASTAPI_SYNC_SUCCESS
2026-04-16 14:00:53.257,NODE_1057,COMPOSITE_BTREE_INDEX,3,0.369,FASTAPI_SYNC_SUCCESS
2026-04-16 14:00:42.931,NODE_0604,COMPOSITE_BTREE_INDEX,4,0.237,FASTAPI_SYNC_SUCCESS
2026-04-16 14:00:15.746,NODE_1289,COMPOSITE_BTREE_INDEX,5,0.348,FASTAPI_SYNC_SUCCESS
2026-04-16 14:00:08.823,NODE_0063,COMPOSITE_BTREE_INDEX,4,0.326,FASTAPI_SYNC_SUCCESS
2026-04-16 14:00:54.200,NODE_0879,COMPOSITE_BTREE_INDEX,5,0.233,FASTAPI_SYNC_SUCCESS
2026-04-16 14:00:53.331,NODE_1319,COMPOSITE_BTREE_INDEX,5,0.603,FASTAPI_SYNC_SUCCESS
2026-04-16 14:00:39.087,NODE_1743,COMPOSITE_BTREE_INDEX,5,0.764,FASTAPI_SYNC_SUCCESS
2026-04-16 14:00:29.602,NODE_1752,COMPOSITE_BTREE_INDEX,4,0.214,FASTAPI_SYNC_SUCCESS
2026-04-16 14:00:12.125,NODE_0752,COMPOSITE_BTREE_INDEX,3,0.262,FASTAPI_SYNC_SUCCESS
2026-04-16 14:00:43.669,NODE_0339,COMPOSITE_BTREE_INDEX,5,0.72,FASTAPI_SYNC_SUCCESS
2026-04-16 14:00:11.561,NODE_0118,COMPOSITE_BTREE_INDEX,5,0.631,FASTAPI_SYNC_SUCCESS
2026-04-16 14:00:41.351,NODE_1204,COMPOSITE_BTREE_INDEX,5,0.599,FASTAPI_SYNC_SUCCESS
2026-04-16 14:00:54.790,NODE_1286,COMPOSITE_BTREE_INDEX,3,0.779,FASTAPI_SYNC_SUCCESS
2026-04-16 14:00:32.248,NODE_1438,COMPOSITE_BTREE_INDEX,3,0.222,FASTAPI_SYNC_SUCCESS
2026-04-16 14:00:08.823,NODE_0117,COMPOSITE_BTREE_INDEX,4,0.487,FASTAPI_SYNC_SUCCESS
2026-04-16 14:00:41.544,NODE_1118,COMPOSITE_BTREE_INDEX,3,0.545,FASTAPI_SYNC_SUCCESS
2026-04-16 14:00:31.701,NODE_1305,COMPOSITE_BTREE_INDEX,3,0.598,FASTAPI_SYNC_SUCCESS
2026-04-16 14:00:21.380,NODE_0267,COMPOSITE_BTREE_INDEX,5,0.592,FASTAPI_SYNC_SUCCESS
2026-04-16 14:00:52.182,NODE_0656,COMPOSITE_BTREE_INDEX,3,0.381,FASTAPI_SYNC_SUCCESS
2026-04-16 14:00:14.310,NODE_0421,COMPOSITE_BTREE_INDEX,3,0.446,FASTAPI_SYNC_SUCCESS
2026-04-16 14:00:22.154,NODE_0614,COMPOSITE_BTREE_INDEX,3,0.379,FASTAPI_SYNC_SUCCESS
2026-04-16 14:00:20.675,NODE_1219,COMPOSITE_BTREE_INDEX,4,0.505,FASTAPI_SYNC_SUCCESS
2026-04-16 14:00:27.759,NODE_1767,COMPOSITE_BTREE_INDEX,3,0.308,FASTAPI_SYNC_SUCCESS
2026-04-16 14:00:22.105,NODE_1951,COMPOSITE_BTREE_INDEX,5,0.367,FASTAPI_SYNC_SUCCESS
2026-04-16 14:00:27.115,NODE_0698,COMPOSITE_BTREE_INDEX,4,0.429,FASTAPI_SYNC_SUCCESS
2026-04-16 14:00:10.534,NODE_0400,COMPOSITE_BTREE_INDEX,5,0.692,FASTAPI_SYNC_SUCCESS
2026-04-16 14:00:52.374,NODE_0677,COMPOSITE_BTREE_INDEX,3,0.502,FASTAPI_SYNC_SUCCESS
2026-04-16 14:00:50.323,NODE_1508,COMPOSITE_BTREE_INDEX,4,0.576,FASTAPI_SYNC_SUCCESS
2026-04-16 14:00:08.811,NODE_1687,COMPOSITE_BTREE_INDEX,5,0.424,FASTAPI_SYNC_SUCCESS
2026-04-16 14:00:24.678,NODE_0102,COMPOSITE_BTREE_INDEX,4,0.288,FASTAPI_SYNC_SUCCESS
2026-04-16 14:00:21.140,NODE_0815,COMPOSITE_BTREE_INDEX,3,0.645,FASTAPI_SYNC_SUCCESS
2026-04-16 14:00:14.132,NODE_1568,COMPOSITE_BTREE_INDEX,3,0.749,FASTAPI_SYNC_SUCCESS
2026-04-16 14:00:14.875,NODE_0706,COMPOSITE_BTREE_INDEX,5,0.535,FASTAPI_SYNC_SUCCESS
2026-04-16 14:00:40.236,NODE_1183,COMPOSITE_BTREE_INDEX,4,0.356,FASTAPI_SYNC_SUCCESS
2026-04-16 14:00:21.234,NODE_0903,COMPOSITE_BTREE_INDEX,3,0.335,FASTAPI_SYNC_SUCCESS
2026-04-16 14:00:19.365,NODE_1271,COMPOSITE_BTREE_INDEX,4,0.416,FASTAPI_SYNC_SUCCESS
2026-04-16 14:00:08.864,NODE_1949,COMPOSITE_BTREE_INDEX,4,0.781,FASTAPI_SYNC_SUCCESS
2026-04-16 14:00:09.819,NODE_1595,COMPOSITE_BTREE_INDEX,5,0.757,FASTAPI_SYNC_SUCCESS
2026-04-16 14:00:23.875,NODE_1509,COMPOSITE_BTREE_INDEX,3,0.342,FASTAPI_SYNC_SUCCESS
2026-04-16 14:00:12.642,NODE_0574,COMPOSITE_BTREE_INDEX,4,0.211,FASTAPI_SYNC_SUCCESS
2026-04-16 14:00:07.599,NODE_1543,COMPOSITE_BTREE_INDEX,5,0.468,FASTAPI_SYNC_SUCCESS
2026-04-16 14:00:49.835,NODE_1169,COMPOSITE_BTREE_INDEX,3,0.27,FASTAPI_SYNC_SUCCESS
2026-04-16 14:00:06.948,NODE_0602,COMPOSITE_BTREE_INDEX,4,0.355,FASTAPI_SYNC_SUCCESS
2026-04-16 14:00:17.172,NODE_0092,COMPOSITE_BTREE_INDEX,3,0.245,FASTAPI_SYNC_SUCCESS
2026-04-16 14:00:15.937,NODE_0715,COMPOSITE_BTREE_INDEX,5,0.595,FASTAPI_SYNC_SUCCESS
2026-04-16 14:00:48.874,NODE_1040,COMPOSITE_BTREE_INDEX,5,0.479,FASTAPI_SYNC_SUCCESS
2026-04-16 14:00:49.749,NODE_2022,COMPOSITE_BTREE_INDEX,4,0.669,FASTAPI_SYNC_SUCCESS
2026-04-16 14:00:41.653,NODE_0858,COMPOSITE_BTREE_INDEX,3,0.36,FASTAPI_SYNC_SUCCESS
2026-04-16 14:00:33.074,NODE_1862,COMPOSITE_BTREE_INDEX,5,0.57,FASTAPI_SYNC_SUCCESS
2026-04-16 14:00:48.569,NODE_0605,COMPOSITE_BTREE_INDEX,3,0.742,FASTAPI_SYNC_SUCCESS
2026-04-16 14:00:11.468,NODE_1047,COMPOSITE_BTREE_INDEX,4,0.27,FASTAPI_SYNC_SUCCESS
2026-04-16 14:00:17.343,NODE_0230,COMPOSITE_BTREE_INDEX,5,0.325,FASTAPI_SYNC_SUCCESS
2026-04-16 14:00:44.688,NODE_1969,COMPOSITE_BTREE_INDEX,4,0.383,FASTAPI_SYNC_SUCCESS
2026-04-16 14:00:58.997,NODE_0613,COMPOSITE_BTREE_INDEX,3,0.618,FASTAPI_SYNC_SUCCESS
2026-04-16 14:00:18.985,NODE_0381,COMPOSITE_BTREE_INDEX,3,0.722,FASTAPI_SYNC_SUCCESS
2026-04-16 14:00:40.602,NODE_1517,COMPOSITE_BTREE_INDEX,4,0.231,FASTAPI_SYNC_SUCCESS
2026-04-16 14:00:46.160,NODE_1707,COMPOSITE_BTREE_INDEX,3,0.259,FASTAPI_SYNC_SUCCESS
2026-04-16 14:00:16.171,NODE_1807,COMPOSITE_BTREE_INDEX,4,0.796,FASTAPI_SYNC_SUCCESS
2026-04-16 14:00:13.646,NODE_0717,COMPOSITE_BTREE_INDEX,4,0.224,FASTAPI_SYNC_SUCCESS
2026-04-16 14:00:31.240,NODE_0016,COMPOSITE_BTREE_INDEX,4,0.219,FASTAPI_SYNC_SUCCESS
2026-04-16 14:00:33.929,NODE_1848,COMPOSITE_BTREE_INDEX,5,0.473,FASTAPI_SYNC_SUCCESS
2026-04-16 14:00:07.723,NODE_1745,COMPOSITE_BTREE_INDEX,3,0.21,FASTAPI_SYNC_SUCCESS
2026-04-16 14:00:45.209,NODE_0065,COMPOSITE_BTREE_INDEX,5,0.756,FASTAPI_SYNC_SUCCESS
2026-04-16 14:00:28.056,NODE_2009,COMPOSITE_BTREE_INDEX,5,0.755,FASTAPI_SYNC_SUCCESS
2026-04-16 14:00:28.975,NODE_1338,COMPOSITE_BTREE_INDEX,3,0.562,FASTAPI_SYNC_SUCCESS
2026-04-16 14:00:54.121,NODE_0379,COMPOSITE_BTREE_INDEX,5,0.65,FASTAPI_SYNC_SUCCESS
2026-04-16 14:00:07.548,NODE_1887,COMPOSITE_BTREE_INDEX,3,0.365,FASTAPI_SYNC_SUCCESS
2026-04-16 14:00:56.882,NODE_0676,COMPOSITE_BTREE_INDEX,4,0.294,FASTAPI_SYNC_SUCCESS
2026-04-16 14:00:46.469,NODE_0921,COMPOSITE_BTREE_INDEX,3,0.512,FASTAPI_SYNC_SUCCESS
2026-04-16 14:00:58.543,NODE_1477,NAIVE_FULL_TABLE_SCAN,83986875,4192.642,EVENT_LOOP_BLOCKED
2026-04-16 14:00:58.053,NODE_1659,COMPOSITE_BTREE_INDEX,4,0.361,FASTAPI_SYNC_SUCCESS
2026-04-16 14:00:53.415,NODE_1783,COMPOSITE_BTREE_INDEX,3,0.578,FASTAPI_SYNC_SUCCESS
2026-04-16 14:00:13.786,NODE_0351,COMPOSITE_BTREE_INDEX,4,0.696,FASTAPI_SYNC_SUCCESS
2026-04-16 14:00:53.453,NODE_0099,COMPOSITE_BTREE_INDEX,4,0.296,FASTAPI_SYNC_SUCCESS
2026-04-16 14:00:51.531,NODE_0986,COMPOSITE_BTREE_INDEX,3,0.407,FASTAPI_SYNC_SUCCESS
2026-04-16 14:00:32.969,NODE_1517,COMPOSITE_BTREE_INDEX,3,0.245,FASTAPI_SYNC_SUCCESS
2026-04-16 14:00:53.163,NODE_1606,COMPOSITE_BTREE_INDEX,3,0.372,FASTAPI_SYNC_SUCCESS
2026-04-16 14:00:34.697,NODE_1494,COMPOSITE_BTREE_INDEX,4,0.505,FASTAPI_SYNC_SUCCESS
2026-04-16 14:00:49.574,NODE_0012,COMPOSITE_BTREE_INDEX,5,0.204,FASTAPI_SYNC_SUCCESS
2026-04-16 14:00:15.225,NODE_0505,COMPOSITE_BTREE_INDEX,3,0.661,FASTAPI_SYNC_SUCCESS
2026-04-16 14:00:13.916,NODE_0594,COMPOSITE_BTREE_INDEX,5,0.252,FASTAPI_SYNC_SUCCESS
2026-04-16 14:00:29.374,NODE_2009,COMPOSITE_BTREE_INDEX,5,0.682,FASTAPI_SYNC_SUCCESS
2026-04-16 14:00:41.563,NODE_0699,COMPOSITE_BTREE_INDEX,3,0.529,FASTAPI_SYNC_SUCCESS
2026-04-16 14:00:21.002,NODE_1566,COMPOSITE_BTREE_INDEX,5,0.644,FASTAPI_SYNC_SUCCESS
2026-04-16 14:00:41.106,NODE_1264,COMPOSITE_BTREE_INDEX,4,0.407,FASTAPI_SYNC_SUCCESS
2026-04-16 14:00:38.050,NODE_0921,COMPOSITE_BTREE_INDEX,4,0.716,FASTAPI_SYNC_SUCCESS
2026-04-16 14:00:08.369,NODE_1758,COMPOSITE_BTREE_INDEX,4,0.759,FASTAPI_SYNC_SUCCESS
2026-04-16 14:00:57.364,NODE_0820,COMPOSITE_BTREE_INDEX,3,0.379,FASTAPI_SYNC_SUCCESS
2026-04-16 14:00:18.422,NODE_0325,COMPOSITE_BTREE_INDEX,3,0.305,FASTAPI_SYNC_SUCCESS
2026-04-16 14:00:43.250,NODE_0503,COMPOSITE_BTREE_INDEX,5,0.437,FASTAPI_SYNC_SUCCESS
2026-04-16 14:00:26.419,NODE_0645,COMPOSITE_BTREE_INDEX,4,0.791,FASTAPI_SYNC_SUCCESS
2026-04-16 14:00:21.299,NODE_1017,COMPOSITE_BTREE_INDEX,5,0.656,FASTAPI_SYNC_SUCCESS
2026-04-16 14:00:58.885,NODE_1512,COMPOSITE_BTREE_INDEX,4,0.534,FASTAPI_SYNC_SUCCESS
2026-04-16 14:00:41.852,NODE_1468,COMPOSITE_BTREE_INDEX,5,0.769,FASTAPI_SYNC_SUCCESS
2026-04-16 14:00:44.266,NODE_1522,COMPOSITE_BTREE_INDEX,3,0.487,FASTAPI_SYNC_SUCCESS
2026-04-16 14:00:22.129,NODE_1415,COMPOSITE_BTREE_INDEX,5,0.623,FASTAPI_SYNC_SUCCESS
2026-04-16 14:00:46.441,NODE_1564,COMPOSITE_BTREE_INDEX,3,0.403,FASTAPI_SYNC_SUCCESS
2026-04-16 14:00:10.300,NODE_0481,COMPOSITE_BTREE_INDEX,5,0.227,FASTAPI_SYNC_SUCCESS
2026-04-16 14:00:30.330,NODE_0182,COMPOSITE_BTREE_INDEX,3,0.271,FASTAPI_SYNC_SUCCESS
2026-04-16 14:00:54.048,NODE_1719,COMPOSITE_BTREE_INDEX,3,0.282,FASTAPI_SYNC_SUCCESS
2026-04-16 14:00:53.447,NODE_0641,COMPOSITE_BTREE_INDEX,5,0.34,FASTAPI_SYNC_SUCCESS
2026-04-16 14:00:46.745,NODE_1803,COMPOSITE_BTREE_INDEX,4,0.758,FASTAPI_SYNC_SUCCESS
2026-04-16 14:00:23.059,NODE_1144,COMPOSITE_BTREE_INDEX,5,0.379,FASTAPI_SYNC_SUCCESS
2026-04-16 14:00:59.003,NODE_0380,COMPOSITE_BTREE_INDEX,5,0.514,FASTAPI_SYNC_SUCCESS
2026-04-16 14:00:50.557,NODE_1820,COMPOSITE_BTREE_INDEX,5,0.506,FASTAPI_SYNC_SUCCESS
2026-04-16 14:00:11.616,NODE_1992,COMPOSITE_BTREE_INDEX,4,0.584,FASTAPI_SYNC_SUCCESS
2026-04-16 14:00:21.792,NODE_0315,COMPOSITE_BTREE_INDEX,3,0.26,FASTAPI_SYNC_SUCCESS
2026-04-16 14:00:45.824,NODE_1578,COMPOSITE_BTREE_INDEX,5,0.239,FASTAPI_SYNC_SUCCESS
2026-04-16 14:00:15.337,NODE_0178,COMPOSITE_BTREE_INDEX,3,0.756,FASTAPI_SYNC_SUCCESS
2026-04-16 14:00:16.998,NODE_2000,COMPOSITE_BTREE_INDEX,3,0.433,FASTAPI_SYNC_SUCCESS
2026-04-16 14:00:58.228,NODE_0062,COMPOSITE_BTREE_INDEX,3,0.738,FASTAPI_SYNC_SUCCESS
2026-04-16 14:00:25.247,NODE_1026,COMPOSITE_BTREE_INDEX,3,0.258,FASTAPI_SYNC_SUCCESS
2026-04-16 14:00:59.034,NODE_1285,COMPOSITE_BTREE_INDEX,3,0.379,FASTAPI_SYNC_SUCCESS
2026-04-16 14:00:57.497,NODE_1598,COMPOSITE_BTREE_INDEX,4,0.774,FASTAPI_SYNC_SUCCESS
2026-04-16 14:00:10.203,NODE_1558,COMPOSITE_BTREE_INDEX,3,0.607,FASTAPI_SYNC_SUCCESS
2026-04-16 14:00:39.629,NODE_0898,COMPOSITE_BTREE_INDEX,3,0.793,FASTAPI_SYNC_SUCCESS
2026-04-16 14:00:34.127,NODE_0004,COMPOSITE_BTREE_INDEX,5,0.296,FASTAPI_SYNC_SUCCESS
2026-04-16 14:00:52.006,NODE_1378,COMPOSITE_BTREE_INDEX,4,0.35,FASTAPI_SYNC_SUCCESS
2026-04-16 14:00:46.895,NODE_2023,COMPOSITE_BTREE_INDEX,4,0.681,FASTAPI_SYNC_SUCCESS
2026-04-16 14:00:29.180,NODE_2003,COMPOSITE_BTREE_INDEX,4,0.57,FASTAPI_SYNC_SUCCESS
2026-04-16 14:00:07.092,NODE_0925,COMPOSITE_BTREE_INDEX,5,0.284,FASTAPI_SYNC_SUCCESS
2026-04-16 14:00:23.570,NODE_1872,COMPOSITE_BTREE_INDEX,5,0.299,FASTAPI_SYNC_SUCCESS
2026-04-16 14:00:29.072,NODE_1167,COMPOSITE_BTREE_INDEX,5,0.721,FASTAPI_SYNC_SUCCESS
2026-04-16 14:00:24.200,NODE_1680,COMPOSITE_BTREE_INDEX,3,0.691,FASTAPI_SYNC_SUCCESS
2026-04-16 14:01:00.933,NODE_1547,COMPOSITE_BTREE_INDEX,4,0.422,FASTAPI_SYNC_SUCCESS
2026-04-16 14:00:21.663,NODE_1096,COMPOSITE_BTREE_INDEX,3,0.558,FASTAPI_SYNC_SUCCESS
2026-04-16 14:01:02.425,NODE_0111,COMPOSITE_BTREE_INDEX,5,0.406,FASTAPI_SYNC_SUCCESS
2026-04-16 14:00:50.839,NODE_0097,COMPOSITE_BTREE_INDEX,3,0.243,FASTAPI_SYNC_SUCCESS
2026-04-16 14:00:24.515,NODE_2000,COMPOSITE_BTREE_INDEX,3,0.77,FASTAPI_SYNC_SUCCESS
2026-04-16 14:00:47.299,NODE_1283,COMPOSITE_BTREE_INDEX,3,0.381,FASTAPI_SYNC_SUCCESS
2026-04-16 14:00:37.915,NODE_1655,COMPOSITE_BTREE_INDEX,4,0.367,FASTAPI_SYNC_SUCCESS
2026-04-16 14:00:14.446,NODE_1865,COMPOSITE_BTREE_INDEX,3,0.432,FASTAPI_SYNC_SUCCESS
2026-04-16 14:00:14.832,NODE_1882,COMPOSITE_BTREE_INDEX,5,0.639,FASTAPI_SYNC_SUCCESS
2026-04-16 14:00:24.401,NODE_0290,COMPOSITE_BTREE_INDEX,3,0.435,FASTAPI_SYNC_SUCCESS
2026-04-16 14:00:57.469,NODE_0119,COMPOSITE_BTREE_INDEX,5,0.58,FASTAPI_SYNC_SUCCESS
2026-04-16 14:00:28.319,NODE_1831,COMPOSITE_BTREE_INDEX,5,0.552,FASTAPI_SYNC_SUCCESS
2026-04-16 14:00:50.764,NODE_0852,COMPOSITE_BTREE_INDEX,3,0.526,FASTAPI_SYNC_SUCCESS
2026-04-16 14:00:42.564,NODE_1708,COMPOSITE_BTREE_INDEX,3,0.666,FASTAPI_SYNC_SUCCESS
2026-04-16 14:00:24.759,NODE_1073,COMPOSITE_BTREE_INDEX,4,0.785,FASTAPI_SYNC_SUCCESS
2026-04-16 14:00:42.047,NODE_0708,COMPOSITE_BTREE_INDEX,4,0.213,FASTAPI_SYNC_SUCCESS
2026-04-16 14:00:38.254,NODE_1179,COMPOSITE_BTREE_INDEX,3,0.671,FASTAPI_SYNC_SUCCESS
2026-04-16 14:00:39.001,NODE_1494,COMPOSITE_BTREE_INDEX,3,0.754,FASTAPI_SYNC_SUCCESS
2026-04-16 14:00:26.122,NODE_0850,COMPOSITE_BTREE_INDEX,4,0.671,FASTAPI_SYNC_SUCCESS
2026-04-16 14:00:53.470,NODE_1508,COMPOSITE_BTREE_INDEX,4,0.745,FASTAPI_SYNC_SUCCESS
2026-04-16 14:00:46.652,NODE_1377,COMPOSITE_BTREE_INDEX,4,0.341,FASTAPI_SYNC_SUCCESS
2026-04-16 14:00:40.166,NODE_1068,COMPOSITE_BTREE_INDEX,4,0.665,FASTAPI_SYNC_SUCCESS
2026-04-16 14:00:26.716,NODE_1139,COMPOSITE_BTREE_INDEX,4,0.361,FASTAPI_SYNC_SUCCESS
2026-04-16 14:01:03.102,NODE_0842,COMPOSITE_BTREE_INDEX,5,0.678,FASTAPI_SYNC_SUCCESS
2026-04-16 14:00:57.018,NODE_1496,COMPOSITE_BTREE_INDEX,4,0.316,FASTAPI_SYNC_SUCCESS
2026-04-16 14:00:31.107,NODE_1333,COMPOSITE_BTREE_INDEX,5,0.662,FASTAPI_SYNC_SUCCESS
2026-04-16 14:00:29.780,NODE_0458,COMPOSITE_BTREE_INDEX,4,0.358,FASTAPI_SYNC_SUCCESS
2026-04-16 14:00:15.611,NODE_0594,COMPOSITE_BTREE_INDEX,4,0.26,FASTAPI_SYNC_SUCCESS
2026-04-16 14:00:46.401,NODE_1986,COMPOSITE_BTREE_INDEX,3,0.678,FASTAPI_SYNC_SUCCESS
2026-04-16 14:00:49.322,NODE_0379,COMPOSITE_BTREE_INDEX,3,0.271,FASTAPI_SYNC_SUCCESS
2026-04-16 14:00:46.059,NODE_1692,COMPOSITE_BTREE_INDEX,4,0.513,FASTAPI_SYNC_SUCCESS
2026-04-16 14:00:17.739,NODE_0855,COMPOSITE_BTREE_INDEX,3,0.585,FASTAPI_SYNC_SUCCESS
2026-04-16 14:00:49.923,NODE_1335,COMPOSITE_BTREE_INDEX,3,0.404,FASTAPI_SYNC_SUCCESS
2026-04-16 14:01:02.558,NODE_1153,COMPOSITE_BTREE_INDEX,5,0.641,FASTAPI_SYNC_SUCCESS
2026-04-16 14:00:57.809,NODE_1005,COMPOSITE_BTREE_INDEX,3,0.643,FASTAPI_SYNC_SUCCESS
2026-04-16 14:00:27.094,NODE_1367,COMPOSITE_BTREE_INDEX,3,0.281,FASTAPI_SYNC_SUCCESS
2026-04-16 14:00:14.233,NODE_1458,COMPOSITE_BTREE_INDEX,3,0.542,FASTAPI_SYNC_SUCCESS
2026-04-16 14:00:47.916,NODE_0317,COMPOSITE_BTREE_INDEX,4,0.41,FASTAPI_SYNC_SUCCESS
2026-04-16 14:00:45.711,NODE_1402,COMPOSITE_BTREE_INDEX,4,0.304,FASTAPI_SYNC_SUCCESS
2026-04-16 14:00:56.215,NODE_0082,COMPOSITE_BTREE_INDEX,4,0.424,FASTAPI_SYNC_SUCCESS
2026-04-16 14:00:13.557,NODE_0946,COMPOSITE_BTREE_INDEX,4,0.338,FASTAPI_SYNC_SUCCESS
2026-04-16 14:00:52.026,NODE_0115,COMPOSITE_BTREE_INDEX,3,0.503,FASTAPI_SYNC_SUCCESS
2026-04-16 14:00:49.423,NODE_0691,COMPOSITE_BTREE_INDEX,5,0.436,FASTAPI_SYNC_SUCCESS
2026-04-16 14:01:04.102,NODE_1970,COMPOSITE_BTREE_INDEX,3,0.206,FASTAPI_SYNC_SUCCESS
2026-04-16 14:00:24.018,NODE_1222,COMPOSITE_BTREE_INDEX,3,0.247,FASTAPI_SYNC_SUCCESS
2026-04-16 14:00:10.703,NODE_0206,COMPOSITE_BTREE_INDEX,3,0.636,FASTAPI_SYNC_SUCCESS
2026-04-16 14:00:08.931,NODE_1300,COMPOSITE_BTREE_INDEX,3,0.352,FASTAPI_SYNC_SUCCESS
2026-04-16 14:00:55.914,NODE_0451,COMPOSITE_BTREE_INDEX,4,0.386,FASTAPI_SYNC_SUCCESS
2026-04-16 14:00:45.296,NODE_1515,COMPOSITE_BTREE_INDEX,4,0.664,FASTAPI_SYNC_SUCCESS
2026-04-16 14:00:46.788,NODE_1505,COMPOSITE_BTREE_INDEX,3,0.33,FASTAPI_SYNC_SUCCESS
2026-04-16 14:00:07.290,NODE_0781,COMPOSITE_BTREE_INDEX,4,0.302,FASTAPI_SYNC_SUCCESS
2026-04-16 14:01:05.283,NODE_0231,COMPOSITE_BTREE_INDEX,5,0.602,FASTAPI_SYNC_SUCCESS
2026-04-16 14:00:48.681,NODE_1684,COMPOSITE_BTREE_INDEX,5,0.653,FASTAPI_SYNC_SUCCESS
2026-04-16 14:00:13.013,NODE_0316,COMPOSITE_BTREE_INDEX,5,0.44,FASTAPI_SYNC_SUCCESS
2026-04-16 14:00:47.505,NODE_0759,COMPOSITE_BTREE_INDEX,4,0.59,FASTAPI_SYNC_SUCCESS
2026-04-16 14:00:40.675,NODE_1699,COMPOSITE_BTREE_INDEX,5,0.434,FASTAPI_SYNC_SUCCESS
2026-04-16 14:00:25.128,NODE_0281,COMPOSITE_BTREE_INDEX,4,0.5,FASTAPI_SYNC_SUCCESS
2026-04-16 14:00:33.263,NODE_1972,COMPOSITE_BTREE_INDEX,3,0.216,FASTAPI_SYNC_SUCCESS
2026-04-16 14:00:23.505,NODE_1952,COMPOSITE_BTREE_INDEX,3,0.436,FASTAPI_SYNC_SUCCESS
2026-04-16 14:00:45.200,NODE_0101,COMPOSITE_BTREE_INDEX,5,0.764,FASTAPI_SYNC_SUCCESS
2026-04-16 14:00:07.590,NODE_0100,COMPOSITE_BTREE_INDEX,4,0.247,FASTAPI_SYNC_SUCCESS
2026-04-16 14:00:59.798,NODE_1621,COMPOSITE_BTREE_INDEX,3,0.557,FASTAPI_SYNC_SUCCESS
2026-04-16 14:00:59.957,NODE_1571,COMPOSITE_BTREE_INDEX,5,0.492,FASTAPI_SYNC_SUCCESS
2026-04-16 14:00:20.539,NODE_1169,COMPOSITE_BTREE_INDEX,3,0.358,FASTAPI_SYNC_SUCCESS
2026-04-16 14:00:45.722,NODE_1829,COMPOSITE_BTREE_INDEX,4,0.572,FASTAPI_SYNC_SUCCESS
2026-04-16 14:00:23.893,NODE_0567,COMPOSITE_BTREE_INDEX,4,0.626,FASTAPI_SYNC_SUCCESS
2026-04-16 14:01:05.411,NODE_0146,COMPOSITE_BTREE_INDEX,4,0.321,FASTAPI_SYNC_SUCCESS
2026-04-16 14:01:03.189,NODE_0547,COMPOSITE_BTREE_INDEX,3,0.549,FASTAPI_SYNC_SUCCESS
2026-04-16 14:00:14.945,NODE_1288,COMPOSITE_BTREE_INDEX,3,0.717,FASTAPI_SYNC_SUCCESS
2026-04-16 14:00:49.895,NODE_1855,COMPOSITE_BTREE_INDEX,5,0.243,FASTAPI_SYNC_SUCCESS
2026-04-16 14:00:47.415,NODE_1336,COMPOSITE_BTREE_INDEX,4,0.32,FASTAPI_SYNC_SUCCESS
2026-04-16 14:00:19.170,NODE_0838,COMPOSITE_BTREE_INDEX,5,0.486,FASTAPI_SYNC_SUCCESS
2026-04-16 14:00:45.748,NODE_0303,COMPOSITE_BTREE_INDEX,3,0.599,FASTAPI_SYNC_SUCCESS
2026-04-16 14:00:56.289,NODE_0694,COMPOSITE_BTREE_INDEX,3,0.385,FASTAPI_SYNC_SUCCESS
2026-04-16 14:00:10.406,NODE_0328,COMPOSITE_BTREE_INDEX,3,0.279,FASTAPI_SYNC_SUCCESS
2026-04-16 14:00:27.290,NODE_1474,COMPOSITE_BTREE_INDEX,4,0.438,FASTAPI_SYNC_SUCCESS
2026-04-16 14:00:57.843,NODE_1032,COMPOSITE_BTREE_INDEX,3,0.676,FASTAPI_SYNC_SUCCESS
2026-04-16 14:00:28.956,NODE_1624,COMPOSITE_BTREE_INDEX,4,0.542,FASTAPI_SYNC_SUCCESS
2026-04-16 14:00:35.404,NODE_1881,COMPOSITE_BTREE_INDEX,4,0.675,FASTAPI_SYNC_SUCCESS
2026-04-16 14:00:13.284,NODE_1008,COMPOSITE_BTREE_INDEX,5,0.233,FASTAPI_SYNC_SUCCESS
2026-04-16 14:00:29.731,NODE_0246,COMPOSITE_BTREE_INDEX,4,0.498,FASTAPI_SYNC_SUCCESS
2026-04-16 14:00:32.183,NODE_0955,COMPOSITE_BTREE_INDEX,3,0.749,FASTAPI_SYNC_SUCCESS
2026-04-16 14:00:53.652,NODE_0299,COMPOSITE_BTREE_INDEX,4,0.584,FASTAPI_SYNC_SUCCESS
2026-04-16 14:00:11.013,NODE_0245,COMPOSITE_BTREE_INDEX,5,0.634,FASTAPI_SYNC_SUCCESS
2026-04-16 14:00:38.617,NODE_0914,COMPOSITE_BTREE_INDEX,4,0.544,FASTAPI_SYNC_SUCCESS
2026-04-16 14:00:44.386,NODE_1935,COMPOSITE_BTREE_INDEX,3,0.456,FASTAPI_SYNC_SUCCESS
2026-04-16 14:00:40.624,NODE_0263,COMPOSITE_BTREE_INDEX,4,0.708,FASTAPI_SYNC_SUCCESS
2026-04-16 14:00:45.072,NODE_0892,COMPOSITE_BTREE_INDEX,5,0.681,FASTAPI_SYNC_SUCCESS
2026-04-16 14:00:18.784,NODE_0175,COMPOSITE_BTREE_INDEX,5,0.471,FASTAPI_SYNC_SUCCESS
2026-04-16 14:00:25.017,NODE_0847,COMPOSITE_BTREE_INDEX,3,0.614,FASTAPI_SYNC_SUCCESS
2026-04-16 14:00:47.499,NODE_1907,COMPOSITE_BTREE_INDEX,4,0.298,FASTAPI_SYNC_SUCCESS
2026-04-16 14:01:02.244,NODE_1011,COMPOSITE_BTREE_INDEX,5,0.42,FASTAPI_SYNC_SUCCESS
2026-04-16 14:00:27.242,NODE_0743,COMPOSITE_BTREE_INDEX,5,0.726,FASTAPI_SYNC_SUCCESS
2026-04-16 14:00:35.224,NODE_0709,COMPOSITE_BTREE_INDEX,5,0.638,FASTAPI_SYNC_SUCCESS
2026-04-16 14:00:18.339,NODE_0977,COMPOSITE_BTREE_INDEX,4,0.506,FASTAPI_SYNC_SUCCESS
2026-04-16 14:00:26.370,NODE_0512,NAIVE_FULL_TABLE_SCAN,83986875,3851.833,EVENT_LOOP_BLOCKED
2026-04-16 14:00:12.575,NODE_0693,COMPOSITE_BTREE_INDEX,4,0.277,FASTAPI_SYNC_SUCCESS
2026-04-16 14:00:33.705,NODE_0028,COMPOSITE_BTREE_INDEX,3,0.226,FASTAPI_SYNC_SUCCESS
2026-04-16 14:01:03.933,NODE_0774,COMPOSITE_BTREE_INDEX,3,0.558,FASTAPI_SYNC_SUCCESS
2026-04-16 14:00:42.013,NODE_1288,COMPOSITE_BTREE_INDEX,3,0.204,FASTAPI_SYNC_SUCCESS
2026-04-16 14:00:55.734,NODE_1592,COMPOSITE_BTREE_INDEX,3,0.528,FASTAPI_SYNC_SUCCESS
2026-04-16 14:00:09.389,NODE_1619,COMPOSITE_BTREE_INDEX,3,0.53,FASTAPI_SYNC_SUCCESS
2026-04-16 14:00:45.954,NODE_1371,COMPOSITE_BTREE_INDEX,4,0.686,FASTAPI_SYNC_SUCCESS
2026-04-16 14:00:50.003,NODE_0941,COMPOSITE_BTREE_INDEX,3,0.42,FASTAPI_SYNC_SUCCESS
2026-04-16 14:00:28.089,NODE_0461,COMPOSITE_BTREE_INDEX,3,0.595,FASTAPI_SYNC_SUCCESS
2026-04-16 14:00:43.315,NODE_0440,COMPOSITE_BTREE_INDEX,4,0.276,FASTAPI_SYNC_SUCCESS
2026-04-16 14:00:22.971,NODE_0118,COMPOSITE_BTREE_INDEX,4,0.368,FASTAPI_SYNC_SUCCESS
2026-04-16 14:01:06.917,NODE_1620,COMPOSITE_BTREE_INDEX,3,0.713,FASTAPI_SYNC_SUCCESS
2026-04-16 14:01:02.293,NODE_1148,COMPOSITE_BTREE_INDEX,3,0.616,FASTAPI_SYNC_SUCCESS
2026-04-16 14:00:45.039,NODE_1239,COMPOSITE_BTREE_INDEX,4,0.412,FASTAPI_SYNC_SUCCESS
2026-04-16 14:00:40.025,NODE_1963,COMPOSITE_BTREE_INDEX,3,0.327,FASTAPI_SYNC_SUCCESS
2026-04-16 14:00:11.857,NODE_1935,COMPOSITE_BTREE_INDEX,3,0.335,FASTAPI_SYNC_SUCCESS
2026-04-16 14:00:57.381,NODE_0511,COMPOSITE_BTREE_INDEX,5,0.599,FASTAPI_SYNC_SUCCESS
2026-04-16 14:00:59.645,NODE_1140,COMPOSITE_BTREE_INDEX,3,0.67,FASTAPI_SYNC_SUCCESS
2026-04-16 14:01:06.959,NODE_1982,COMPOSITE_BTREE_INDEX,4,0.303,FASTAPI_SYNC_SUCCESS
2026-04-16 14:00:19.224,NODE_0990,COMPOSITE_BTREE_INDEX,5,0.704,FASTAPI_SYNC_SUCCESS
2026-04-16 14:00:10.867,NODE_0739,COMPOSITE_BTREE_INDEX,4,0.622,FASTAPI_SYNC_SUCCESS
2026-04-16 14:00:59.809,NODE_1428,COMPOSITE_BTREE_INDEX,3,0.479,FASTAPI_SYNC_SUCCESS
2026-04-16 14:00:18.948,NODE_0528,COMPOSITE_BTREE_INDEX,5,0.758,FASTAPI_SYNC_SUCCESS
2026-04-16 14:00:47.877,NODE_0999,COMPOSITE_BTREE_INDEX,3,0.596,FASTAPI_SYNC_SUCCESS
2026-04-16 14:00:22.602,NODE_0710,COMPOSITE_BTREE_INDEX,5,0.749,FASTAPI_SYNC_SUCCESS
2026-04-16 14:00:39.437,NODE_0556,COMPOSITE_BTREE_INDEX,4,0.747,FASTAPI_SYNC_SUCCESS
2026-04-16 14:00:27.535,NODE_0773,COMPOSITE_BTREE_INDEX,5,0.718,FASTAPI_SYNC_SUCCESS
2026-04-16 14:00:58.134,NODE_1775,COMPOSITE_BTREE_INDEX,3,0.349,FASTAPI_SYNC_SUCCESS
2026-04-16 14:00:31.275,NODE_0571,COMPOSITE_BTREE_INDEX,3,0.377,FASTAPI_SYNC_SUCCESS
2026-04-16 14:00:37.967,NODE_0081,COMPOSITE_BTREE_INDEX,3,0.256,FASTAPI_SYNC_SUCCESS
2026-04-16 14:00:32.139,NODE_0859,COMPOSITE_BTREE_INDEX,4,0.698,FASTAPI_SYNC_SUCCESS
2026-04-16 14:00:07.399,NODE_0935,COMPOSITE_BTREE_INDEX,4,0.395,FASTAPI_SYNC_SUCCESS
2026-04-16 14:00:55.140,NODE_1161,COMPOSITE_BTREE_INDEX,4,0.794,FASTAPI_SYNC_SUCCESS
2026-04-16 14:00:44.626,NODE_1491,COMPOSITE_BTREE_INDEX,3,0.562,FASTAPI_SYNC_SUCCESS
2026-04-16 14:00:50.456,NODE_1144,COMPOSITE_BTREE_INDEX,4,0.45,FASTAPI_SYNC_SUCCESS
2026-04-16 14:00:29.749,NODE_1806,COMPOSITE_BTREE_INDEX,3,0.274,FASTAPI_SYNC_SUCCESS
2026-04-16 14:00:59.772,NODE_0140,COMPOSITE_BTREE_INDEX,3,0.362,FASTAPI_SYNC_SUCCESS
2026-04-16 14:00:08.951,NODE_0692,COMPOSITE_BTREE_INDEX,4,0.49,FASTAPI_SYNC_SUCCESS
2026-04-16 14:00:22.671,NODE_0432,COMPOSITE_BTREE_INDEX,5,0.572,FASTAPI_SYNC_SUCCESS
2026-04-16 14:00:48.765,NODE_1041,COMPOSITE_BTREE_INDEX,3,0.268,FASTAPI_SYNC_SUCCESS
2026-04-16 14:00:21.479,NODE_0547,COMPOSITE_BTREE_INDEX,5,0.766,FASTAPI_SYNC_SUCCESS
2026-04-16 14:00:43.005,NODE_1611,COMPOSITE_BTREE_INDEX,5,0.398,FASTAPI_SYNC_SUCCESS
2026-04-16 14:00:33.545,NODE_0175,COMPOSITE_BTREE_INDEX,5,0.489,FASTAPI_SYNC_SUCCESS
2026-04-16 14:00:36.365,NODE_1397,COMPOSITE_BTREE_INDEX,4,0.676,FASTAPI_SYNC_SUCCESS
2026-04-16 14:00:42.095,NODE_1815,COMPOSITE_BTREE_INDEX,3,0.705,FASTAPI_SYNC_SUCCESS
2026-04-16 14:00:12.970,NODE_1022,COMPOSITE_BTREE_INDEX,3,0.77,FASTAPI_SYNC_SUCCESS
2026-04-16 14:00:16.601,NODE_1638,COMPOSITE_BTREE_INDEX,3,0.649,FASTAPI_SYNC_SUCCESS
2026-04-16 14:00:32.008,NODE_0745,COMPOSITE_BTREE_INDEX,4,0.233,FASTAPI_SYNC_SUCCESS
2026-04-16 14:00:34.158,NODE_0553,COMPOSITE_BTREE_INDEX,4,0.378,FASTAPI_SYNC_SUCCESS
2026-04-16 14:00:52.260,NODE_1300,COMPOSITE_BTREE_INDEX,5,0.383,FASTAPI_SYNC_SUCCESS
2026-04-16 14:00:58.620,NODE_1016,COMPOSITE_BTREE_INDEX,4,0.77,FASTAPI_SYNC_SUCCESS
2026-04-16 14:00:14.906,NODE_0207,COMPOSITE_BTREE_INDEX,3,0.578,FASTAPI_SYNC_SUCCESS
2026-04-16 14:00:15.703,NODE_0778,COMPOSITE_BTREE_INDEX,3,0.784,FASTAPI_SYNC_SUCCESS
2026-04-16 14:00:48.187,NODE_0690,COMPOSITE_BTREE_INDEX,5,0.617,FASTAPI_SYNC_SUCCESS
2026-04-16 14:00:21.858,NODE_0752,COMPOSITE_BTREE_INDEX,3,0.577,FASTAPI_SYNC_SUCCESS
2026-04-16 14:01:07.754,NODE_1236,COMPOSITE_BTREE_INDEX,3,0.695,FASTAPI_SYNC_SUCCESS
2026-04-16 14:00:09.881,NODE_1182,COMPOSITE_BTREE_INDEX,5,0.597,FASTAPI_SYNC_SUCCESS
2026-04-16 14:00:44.392,NODE_1983,COMPOSITE_BTREE_INDEX,3,0.328,FASTAPI_SYNC_SUCCESS
2026-04-16 14:00:47.810,NODE_0665,COMPOSITE_BTREE_INDEX,5,0.567,FASTAPI_SYNC_SUCCESS
2026-04-16 14:00:35.181,NODE_1894,COMPOSITE_BTREE_INDEX,5,0.359,FASTAPI_SYNC_SUCCESS
2026-04-16 14:00:48.631,NODE_1810,COMPOSITE_BTREE_INDEX,4,0.622,FASTAPI_SYNC_SUCCESS
2026-04-16 14:01:05.811,NODE_0655,COMPOSITE_BTREE_INDEX,3,0.401,FASTAPI_SYNC_SUCCESS
2026-04-16 14:00:12.908,NODE_0556,COMPOSITE_BTREE_INDEX,4,0.799,FASTAPI_SYNC_SUCCESS
2026-04-16 14:00:37.050,NODE_1392,COMPOSITE_BTREE_INDEX,3,0.74,FASTAPI_SYNC_SUCCESS
2026-04-16 14:01:04.394,NODE_0818,COMPOSITE_BTREE_INDEX,4,0.228,FASTAPI_SYNC_SUCCESS
2026-04-16 14:00:56.749,NODE_0238,COMPOSITE_BTREE_INDEX,5,0.306,FASTAPI_SYNC_SUCCESS
2026-04-16 14:00:50.377,NODE_1005,COMPOSITE_BTREE_INDEX,3,0.212,FASTAPI_SYNC_SUCCESS
2026-04-16 14:00:34.660,NODE_1505,COMPOSITE_BTREE_INDEX,5,0.779,FASTAPI_SYNC_SUCCESS
2026-04-16 14:01:10.767,NODE_0281,COMPOSITE_BTREE_INDEX,4,0.577,FASTAPI_SYNC_SUCCESS
2026-04-16 14:01:01.533,NODE_1773,COMPOSITE_BTREE_INDEX,5,0.327,FASTAPI_SYNC_SUCCESS
2026-04-16 14:01:08.268,NODE_0025,COMPOSITE_BTREE_INDEX,3,0.399,FASTAPI_SYNC_SUCCESS
2026-04-16 14:00:54.293,NODE_1416,COMPOSITE_BTREE_INDEX,3,0.436,FASTAPI_SYNC_SUCCESS
2026-04-16 14:00:52.914,NODE_0501,COMPOSITE_BTREE_INDEX,4,0.349,FASTAPI_SYNC_SUCCESS
2026-04-16 14:00:15.797,NODE_0477,COMPOSITE_BTREE_INDEX,5,0.393,FASTAPI_SYNC_SUCCESS
2026-04-16 14:01:05.674,NODE_0216,COMPOSITE_BTREE_INDEX,4,0.453,FASTAPI_SYNC_SUCCESS
2026-04-16 14:01:00.461,NODE_1992,COMPOSITE_BTREE_INDEX,3,0.451,FASTAPI_SYNC_SUCCESS
2026-04-16 14:00:17.321,NODE_1399,COMPOSITE_BTREE_INDEX,5,0.65,FASTAPI_SYNC_SUCCESS
2026-04-16 14:00:13.444,NODE_1170,COMPOSITE_BTREE_INDEX,3,0.745,FASTAPI_SYNC_SUCCESS
2026-04-16 14:00:58.050,NODE_1398,COMPOSITE_BTREE_INDEX,4,0.683,FASTAPI_SYNC_SUCCESS
2026-04-16 14:00:33.395,NODE_0451,COMPOSITE_BTREE_INDEX,5,0.603,FASTAPI_SYNC_SUCCESS
2026-04-16 14:00:40.663,NODE_1926,COMPOSITE_BTREE_INDEX,3,0.484,FASTAPI_SYNC_SUCCESS
2026-04-16 14:00:08.346,NODE_1419,COMPOSITE_BTREE_INDEX,3,0.703,FASTAPI_SYNC_SUCCESS
2026-04-16 14:00:46.551,NODE_0693,COMPOSITE_BTREE_INDEX,4,0.681,FASTAPI_SYNC_SUCCESS
2026-04-16 14:00:48.382,NODE_0527,COMPOSITE_BTREE_INDEX,4,0.449,FASTAPI_SYNC_SUCCESS
2026-04-16 14:00:19.368,NODE_0302,COMPOSITE_BTREE_INDEX,5,0.297,FASTAPI_SYNC_SUCCESS
2026-04-16 14:00:13.841,NODE_1001,COMPOSITE_BTREE_INDEX,3,0.271,FASTAPI_SYNC_SUCCESS
2026-04-16 14:00:10.157,NODE_1837,COMPOSITE_BTREE_INDEX,5,0.418,FASTAPI_SYNC_SUCCESS
2026-04-16 14:00:38.389,NODE_0002,COMPOSITE_BTREE_INDEX,5,0.64,FASTAPI_SYNC_SUCCESS
2026-04-16 14:00:38.943,NODE_0454,COMPOSITE_BTREE_INDEX,4,0.246,FASTAPI_SYNC_SUCCESS
2026-04-16 14:00:53.173,NODE_0246,COMPOSITE_BTREE_INDEX,5,0.363,FASTAPI_SYNC_SUCCESS
2026-04-16 14:00:48.401,NODE_0816,COMPOSITE_BTREE_INDEX,5,0.674,FASTAPI_SYNC_SUCCESS
2026-04-16 14:00:42.948,NODE_0817,COMPOSITE_BTREE_INDEX,3,0.234,FASTAPI_SYNC_SUCCESS
2026-04-16 14:00:39.059,NODE_0881,COMPOSITE_BTREE_INDEX,5,0.507,FASTAPI_SYNC_SUCCESS
2026-04-16 14:01:04.850,NODE_1209,COMPOSITE_BTREE_INDEX,5,0.219,FASTAPI_SYNC_SUCCESS
2026-04-16 14:00:49.260,NODE_0396,COMPOSITE_BTREE_INDEX,4,0.38,FASTAPI_SYNC_SUCCESS
2026-04-16 14:00:50.584,NODE_0229,COMPOSITE_BTREE_INDEX,5,0.457,FASTAPI_SYNC_SUCCESS
2026-04-16 14:00:32.192,NODE_0346,COMPOSITE_BTREE_INDEX,5,0.562,FASTAPI_SYNC_SUCCESS
2026-04-16 14:00:24.059,NODE_1035,COMPOSITE_BTREE_INDEX,3,0.415,FASTAPI_SYNC_SUCCESS
2026-04-16 14:00:58.721,NODE_1104,COMPOSITE_BTREE_INDEX,5,0.778,FASTAPI_SYNC_SUCCESS
2026-04-16 14:00:39.501,NODE_0840,COMPOSITE_BTREE_INDEX,4,0.347,FASTAPI_SYNC_SUCCESS
2026-04-16 14:00:17.950,NODE_0152,COMPOSITE_BTREE_INDEX,4,0.288,FASTAPI_SYNC_SUCCESS
2026-04-16 14:00:43.983,NODE_0614,COMPOSITE_BTREE_INDEX,5,0.565,FASTAPI_SYNC_SUCCESS
2026-04-16 14:00:43.465,NODE_0213,COMPOSITE_BTREE_INDEX,5,0.243,FASTAPI_SYNC_SUCCESS
2026-04-16 14:00:51.779,NODE_0556,COMPOSITE_BTREE_INDEX,3,0.537,FASTAPI_SYNC_SUCCESS
2026-04-16 14:00:28.029,NODE_1295,COMPOSITE_BTREE_INDEX,5,0.383,FASTAPI_SYNC_SUCCESS
2026-04-16 14:01:08.387,NODE_0661,COMPOSITE_BTREE_INDEX,4,0.223,FASTAPI_SYNC_SUCCESS
2026-04-16 14:00:59.387,NODE_0159,COMPOSITE_BTREE_INDEX,3,0.216,FASTAPI_SYNC_SUCCESS
2026-04-16 14:00:58.174,NODE_1992,COMPOSITE_BTREE_INDEX,5,0.32,FASTAPI_SYNC_SUCCESS
2026-04-16 14:00:17.539,NODE_1033,COMPOSITE_BTREE_INDEX,4,0.663,FASTAPI_SYNC_SUCCESS
2026-04-16 14:00:23.151,NODE_0824,COMPOSITE_BTREE_INDEX,5,0.377,FASTAPI_SYNC_SUCCESS
2026-04-16 14:00:37.883,NODE_1095,COMPOSITE_BTREE_INDEX,5,0.746,FASTAPI_SYNC_SUCCESS
2026-04-16 14:00:25.645,NODE_0122,COMPOSITE_BTREE_INDEX,3,0.281,FASTAPI_SYNC_SUCCESS
2026-04-16 14:00:22.011,NODE_0720,COMPOSITE_BTREE_INDEX,3,0.679,FASTAPI_SYNC_SUCCESS
2026-04-16 14:00:45.457,NODE_1527,COMPOSITE_BTREE_INDEX,5,0.37,FASTAPI_SYNC_SUCCESS
2026-04-16 14:01:11.239,NODE_0465,COMPOSITE_BTREE_INDEX,5,0.792,FASTAPI_SYNC_SUCCESS
2026-04-16 14:00:14.151,NODE_0612,COMPOSITE_BTREE_INDEX,4,0.207,FASTAPI_SYNC_SUCCESS
2026-04-16 14:00:50.034,NODE_0695,COMPOSITE_BTREE_INDEX,5,0.607,FASTAPI_SYNC_SUCCESS
2026-04-16 14:00:47.199,NODE_1919,COMPOSITE_BTREE_INDEX,5,0.575,FASTAPI_SYNC_SUCCESS
2026-04-16 14:00:16.152,NODE_0125,COMPOSITE_BTREE_INDEX,4,0.483,FASTAPI_SYNC_SUCCESS
2026-04-16 14:00:48.581,NODE_0986,COMPOSITE_BTREE_INDEX,5,0.588,FASTAPI_SYNC_SUCCESS
2026-04-16 14:00:57.551,NODE_0976,COMPOSITE_BTREE_INDEX,3,0.205,FASTAPI_SYNC_SUCCESS
2026-04-16 14:00:08.657,NODE_0952,COMPOSITE_BTREE_INDEX,3,0.679,FASTAPI_SYNC_SUCCESS
2026-04-16 14:01:09.512,NODE_1131,COMPOSITE_BTREE_INDEX,4,0.538,FASTAPI_SYNC_SUCCESS
2026-04-16 14:00:24.630,NODE_1046,COMPOSITE_BTREE_INDEX,3,0.402,FASTAPI_SYNC_SUCCESS
2026-04-16 14:00:43.881,NODE_1178,COMPOSITE_BTREE_INDEX,3,0.205,FASTAPI_SYNC_SUCCESS
2026-04-16 14:00:45.882,NODE_1490,COMPOSITE_BTREE_INDEX,5,0.451,FASTAPI_SYNC_SUCCESS
2026-04-16 14:00:24.081,NODE_0374,COMPOSITE_BTREE_INDEX,4,0.709,FASTAPI_SYNC_SUCCESS
2026-04-16 14:00:45.278,NODE_0224,COMPOSITE_BTREE_INDEX,4,0.684,FASTAPI_SYNC_SUCCESS
2026-04-16 14:00:08.943,NODE_1648,COMPOSITE_BTREE_INDEX,5,0.799,FASTAPI_SYNC_SUCCESS
2026-04-16 14:00:43.721,NODE_1334,COMPOSITE_BTREE_INDEX,5,0.678,FASTAPI_SYNC_SUCCESS
2026-04-16 14:00:44.506,NODE_1492,COMPOSITE_BTREE_INDEX,3,0.311,FASTAPI_SYNC_SUCCESS
2026-04-16 14:00:20.251,NODE_1053,COMPOSITE_BTREE_INDEX,5,0.545,FASTAPI_SYNC_SUCCESS
2026-04-16 14:00:07.718,NODE_1405,COMPOSITE_BTREE_INDEX,3,0.39,FASTAPI_SYNC_SUCCESS
2026-04-16 14:00:49.304,NODE_1109,COMPOSITE_BTREE_INDEX,3,0.702,FASTAPI_SYNC_SUCCESS
2026-04-16 14:00:30.376,NODE_0684,COMPOSITE_BTREE_INDEX,5,0.678,FASTAPI_SYNC_SUCCESS
2026-04-16 14:01:11.996,NODE_1749,COMPOSITE_BTREE_INDEX,5,0.256,FASTAPI_SYNC_SUCCESS
2026-04-16 14:01:13.649,NODE_0383,COMPOSITE_BTREE_INDEX,3,0.36,FASTAPI_SYNC_SUCCESS
2026-04-16 14:01:13.323,NODE_0995,COMPOSITE_BTREE_INDEX,5,0.363,FASTAPI_SYNC_SUCCESS
2026-04-16 14:01:04.117,NODE_0839,COMPOSITE_BTREE_INDEX,5,0.581,FASTAPI_SYNC_SUCCESS
2026-04-16 14:01:08.807,NODE_0691,COMPOSITE_BTREE_INDEX,4,0.225,FASTAPI_SYNC_SUCCESS
2026-04-16 14:00:55.624,NODE_0685,COMPOSITE_BTREE_INDEX,5,0.436,FASTAPI_SYNC_SUCCESS
2026-04-16 14:00:52.250,NODE_0808,COMPOSITE_BTREE_INDEX,5,0.286,FASTAPI_SYNC_SUCCESS
2026-04-16 14:01:00.188,NODE_1973,COMPOSITE_BTREE_INDEX,5,0.343,FASTAPI_SYNC_SUCCESS
2026-04-16 14:00:19.752,NODE_1901,COMPOSITE_BTREE_INDEX,4,0.539,FASTAPI_SYNC_SUCCESS
2026-04-16 14:00:47.476,NODE_0307,COMPOSITE_BTREE_INDEX,5,0.651,FASTAPI_SYNC_SUCCESS
2026-04-16 14:00:42.020,NODE_0687,COMPOSITE_BTREE_INDEX,3,0.305,FASTAPI_SYNC_SUCCESS
2026-04-16 14:00:34.092,NODE_0466,COMPOSITE_BTREE_INDEX,5,0.444,FASTAPI_SYNC_SUCCESS
2026-04-16 14:00:53.695,NODE_1751,COMPOSITE_BTREE_INDEX,3,0.472,FASTAPI_SYNC_SUCCESS
2026-04-16 14:01:13.427,NODE_1051,COMPOSITE_BTREE_INDEX,5,0.586,FASTAPI_SYNC_SUCCESS
